[{"source": "https://www.youtube.com/feeds/videos.xml?channel_id=UCORIeT1hk6tYBuntEXsguLg", "title": "PMJ Pop-Up: Umbrella - Rihanna (Cover) ft. Casey Abrams", "description": "Download & Stream: https://smarturl.it/pmjonfleek\nWatch without Pop-ups: https://www.youtube.com/watch?v=OBmlCZTF4Xs\nExperience PMJ Live: https://pmjlive.com?IQid=yt\nShop PMJ Music/Merch: https://smarturl.it/pmjshop?IQid=yt\nSpotify: https://smarturl.it/pmjcomplete?IQid=yt\n\nIn the latest PMJ POP-UP (a nod to '90s era VH1), we're revisiting our 'Singin' In The Rain' style remake of Rihanna's \"Umbrella,\" starring Casey Abrams and tap dancing \"Sole Sisters\" Sarah Reich and Melinda Sullivan!  Enjoy!\n____________________________________________\r\n\r\nFollow The Musicians:\r\n\nCasey Abrams (Vocals):  http://caseybassy.com\nSarah Reich (Tap Dance): http://www.instagram.com/sourtaps\nMelinda Sullivan (Tap): http://www.instagram.com/realmelsully\nJacob Scesney (clarinet): https://www.instagram.com/antijacobclub/\nMartin Diller (drums): http://www.twitter.com/martindiller\nAlex Boneham (bass)\n\r\nScott Bradlee (Piano):\r\nYouTube: http://youtube.com/scottbradlee\r\nFacebook: http://facebook.com/scottbradleemusic\r\nInstagram: http://instagram.com/scottbradlee\r\nTwitter: http://twitter.com/scottbradlee\r\n\r\nScott Bradlee - piano & arrangement\nYouTube: http://youtube.com/scottbradlee\nFacebook: http://facebook.com/scottbradleemusic\nInstagram: http://instagram.com/scottbradlee\nTwitter: http://twitter.com/scottbradlee\nScott's Book:  http://smarturl.it/outsidethejukebox\n\n_________________________________________________\r\n#Rihanna #Umbrella #PopUp #Cover", "link": "https://www.youtube.com/watch?v=X944BcEFJ98", "date_published": "2020-11-13 00:00:00+00:00", "persistent": false, "user": null, "language": "en-US"}]