[{"source": "https://www.youtube.com/feeds/videos.xml?channel_id=UCLr4hMhk_2KE0GUBSBrspGA", "title": "Xbox w oparach - dymi\u0105cy Xbox Series X", "description": "This vid has English subs. W zwi\u0105zku z zadziwiaj\u0105co jednostronnym przedstawieniem sprawy w przestrzeni publicznej, oddaj\u0119 dzi\u015b g\u0142os Arkowi, kt\u00f3rego dymi\u0105cy Xbox przysporzy\u0142 mu w ostatnich dniach zdecydowanie wi\u0119cej przykro\u015bci ni\u017c rado\u015bci z grania.\nWy\u0142\u0105czy\u0142em reklamy w tym filmie, \u017ceby nie pozostawia\u0107 w\u0105tpliwo\u015bci co do moich motywacji :)", "link": "https://www.youtube.com/watch?v=-HiAih9x5qU", "date_published": "2020-11-13 00:00:00+00:00", "persistent": false, "user": null, "language": "en-US"}]