[{"source": "https://www.youtube.com/feeds/videos.xml?channel_id=UC-2JUs_G21BrJ0efehwGkUw", "title": "Give Me One Reason | Tracy Chapman | funk cover ft. George Krikes", "description": "Patreon: http://modal.scarypocketsfunk.com/patreon\nStore: https://www.scarypocketsfunk.com\nListen on Spotify: http://modal.scarypocketsfunk.com/spotify\n\nTip Jar: http://modal.scarypocketsfunk.com/tips\nInstagram: http://modal.scarypocketsfunk.com/instagram\nFacebook: http://modal.scarypocketsfunk.com/facebook\nDiscord: http://modal.scarypocketsfunk.com/discord\nSubscribe: http://modal.scarypocketsfunk.com/subscribe\n\nA cover of \"Give Me One Reason\" by Scary Pockets.\n\nCREDITS\nLead vocal: George Krikes\nDrums: Kyle Crane\nBass: Sam Wilkes\nKeys: Jack Conte\nGuitar: Ryan Lerman\nAdditional keys, guitar, drums, BGVs: Jeremy Most\n\nRecording Engineer: Caleb Parker\nMixing/Mastering: Caleb Parker\nProducer: Jeremy Most\nAssistant Producer: Brian Green\nCinematography: Ricky Chavez\nCamera Operators: Sammy Rothman, Joey Graziano, Ricky Chavez\nVideo editor: Adam Kritzberg\nDirector: Mike Dempsey\n\nRecorded Live at Valentine Studios in Los Angeles, CA.\n\nWatch more videos! \nScary Pockets: https://youtube.com/playlist?list=PLL3xcB0B80KV06T2lqZhG5zUZuwojwuex&playnext=1 \n90s Hits Funkified: https://youtube.com/playlist?list=PLL3xcB0B80KX25RsNBxJeuiO0YuJNWH46&playnext=1 \nScary Goldings: https://youtube.com/playlist?list=PLL3xcB0B80KWCRIVdgwL5ayqAczyccWNW&playnext=1 \nMost Popular: https://youtube.com/playlist?list=PLL3xcB0B80KWzWR4-NxRrmRDwAnZfEXXr&playnext=1\u00a0\n\nAbout Scary Pockets \nWe are Scary Pockets, a funk band that releases weekly music videos, in pursuit of the funk. Scary Pockets is Ryan Lerman and Jack Conte, with the help and support from a rotating roster of the best session musicians in the LA area. Make sure to subscribe and enable ALL notifications!\u00a0\n\n#ScaryPockets #Funk #GiveMeOneReason #TracyChapman #GeorgeKrikes", "link": "https://www.youtube.com/watch?v=zdQTMX6-qug", "date_published": "2020-11-30 00:00:00+00:00", "persistent": false, "user": null, "language": "en-US"}]