[{"source": "https://www.youtube.com/feeds/videos.xml?channel_id=UCBa659QWEk1AI4Tg--mrJ2A", "title": "We walked the most dangerous path in Britain", "description": "The Broomway is surrounded on both sides by quicksand and deep, sucking mud. It has no markers and no guideposts. And if you mistime your walk, you won't outrun the tide. Oh, and it's in the middle of a Ministry of Defence firing range. But most of the time, if you want to visit Foulness Island, it's the only way.\n\nThanks to Tom Bennett: https://www.tombennettoutdoors.co.uk/\n\nFilmed safely: https://www.tomscott.com/safe/\n\nEdited by Michelle Martin https://twitter.com/mrsmmartin\nAudio mix by Graham Haerther\n\nREFERENCES:\nChristy (1922): \"A high road in the sea\", The Windsor Magazine, volume 56, p556\nMoD Shoeburyness Public Access Leaflet [PDF]: https://www.qinetiq.com/shoeburyness/-/media/3153cda9b4544222aaaa224ba88192a4.ashx\n\n\nI'm at https://tomscott.com\r\non Twitter at https://twitter.com/tomscott\r\non Facebook at https://facebook.com/tomscott\r\nand on Instagram as tomscottgo", "link": "https://www.youtube.com/watch?v=mM7C_Pw7OL8", "date_published": "2020-11-30 00:00:00+00:00", "persistent": false, "user": null, "language": "en-US"}]