[{"source": "https://www.youtube.com/feeds/videos.xml?channel_id=UCwSv086EAByBY-Z7y-QR_cQ", "title": "Wstrzykiwany biochip do wykrywania Covid-19 wejdzie na rynek w 2021 roku!", "description": "\ud83e\udd2a Mi\u0142o, \u017ce tutaj zajrza\u0142e\u015b.  Zapraszam do ogl\u0105dania.\n\n\u2b07\ufe0fRozwi\u0144 opis\u2b07\ufe0f\n------------------------------------------------------------\n\ud83d\udc40 Uszi po godzinach: https://goo.gl/cdCFKe\n\ud83d\udc40 Hello World_: http://bit.ly/31BEhnv\n\ud83d\udc40 Tatusiek: http://bit.ly/3aSCheE\n------------------------------------------------------------\n\ud83d\udc40 twitter: http://bit.ly/2B6jTPd\n------------------------------------------------------------\n\u2709\ufe0f Ludzie listy pisz\u0105 \n\ud83d\udd8a\ufe0f uszi@protonmail.com\n------------------------------------------------------------\n\ud83d\udc7a niecenzuralne i agresywne komentarze zostan\u0105 usuni\u0119te.  Jak ju\u017c musisz zakl\u0105\u0107 dawaj znaki (&*%@%).\n------------------------------------------------------------\n\ud83d\udcb2 Donate/ Darowizna\nPLN / SMS / Blik: http://bit.ly/2ETKSyN\nBTC: 174EmE88YFtvs6fuM8ZL5yYbik8hcaY6ud\n---------------------------------------------------------------\n\u2705\u017ar\u00f3d\u0142a:\nhttps://bit.ly/37pJOAK\nhttps://bit.ly/3lnuEB9\nhttps://bit.ly/3mpqfPx\nhttps://bit.ly/3mucY8s\n-------------------------------------------------------------\n\ud83d\udca1 Tagi: #chip #covid19\n--------------------------------------------------------------", "link": "https://www.youtube.com/watch?v=8Kv3TQt97dU", "date_published": "2020-11-30 00:00:00+00:00", "persistent": false, "user": null, "language": "en-US"}, {"source": "https://www.youtube.com/feeds/videos.xml?channel_id=UCwSv086EAByBY-Z7y-QR_cQ", "title": "Trzaskowski chce zawiesi\u0107 fundusze dla warszawskiej policji! Czy pomys\u0142 podchwyc\u0105 inne miasta?", "description": "\ud83e\udd2a Mi\u0142o, \u017ce tutaj zajrza\u0142e\u015b.  Zapraszam do ogl\u0105dania.\n\n\u2b07\ufe0fRozwi\u0144 opis\u2b07\ufe0f\n------------------------------------------------------------\n\ud83d\udc40 Uszi po godzinach: https://goo.gl/cdCFKe\n\ud83d\udc40 Hello World_: http://bit.ly/31BEhnv\n------------------------------------------------------------\n\ud83d\udc40 twitter: http://bit.ly/2B6jTPd\n------------------------------------------------------------\n\u2709\ufe0f Ludzie listy pisz\u0105 \n\ud83d\udd8a\ufe0f uszi@protonmail.com\n------------------------------------------------------------\n\ud83d\udc7a niecenzuralne i agresywne komentarze zostan\u0105 usuni\u0119te.  Jak ju\u017c musisz zakl\u0105\u0107 dawaj znaki (&*%@%).\n------------------------------------------------------------\n\ud83d\udcb2 Donate/ Darowizna\nPLN / SMS / Blik: http://bit.ly/2ETKSyN\nBTC: 174EmE88YFtvs6fuM8ZL5yYbik8hcaY6ud\n---------------------------------------------------------------\n\ud83d\uddbcGrafika - wykorzystano elementy ze strony: \nAdrian Grycuk / wikipedia.org / CC BY-SA 3.0 pl \nhttp://bit.ly/2GVG5kn\n---------------------------------------------------------------\n\u2705\u017ar\u00f3d\u0142a:\nhttps://bit.ly/2VhVD6q\nhttps://bit.ly/3liZzyx\nhttp://bit.ly/2vinVnW\nhttps://bit.ly/3fKTVUL\nhttps://benjerrys.co/2BD4qtA\nhttps://bit.ly/31L7Ftu\n-------------------------------------------------------------\n\ud83d\udca1 Tagi: #Trzaskowski #policja #Warszawa\n--------------------------------------------------------------", "link": "https://www.youtube.com/watch?v=cVLTufHf3mk", "date_published": "2020-11-29 00:00:00+00:00", "persistent": false, "user": null, "language": "en-US"}]