[{"source": "https://www.youtube.com/feeds/videos.xml?channel_id=UCFQMnBA3CS502aghlcr0_aw", "title": "how to make money online in under 2 minutes...", "description": "enlightenment in 2 minutes.\ntwitter: https://twitter.com/coffeebreak_YT\ninstagram: https://www.instagram.com/coffeebreak_yt/\nthis video is an opinion and in no way should be construed as statements of fact. scams, bad business opportunities, and fake gurus are subjective terms that mean different things to different people. I think someone who promises $100K/month for an upfront fee of $2K is a scam. Others would call it a Napolean Hill pitch.", "link": "https://www.youtube.com/watch?v=CWMAOzH20mY", "date_published": "2020-11-30 00:00:00+00:00", "persistent": false, "user": null, "language": "en-US"}]