[{"source": "http://feeds.bbci.co.uk/news/rss.xml", "title": "Socially-distanced Santa's Grottos can open for Christmas", "description": "Carol singing is also allowed - but people will not be able to go to school nativity plays in some areas.", "link": "https://www.bbc.co.uk/news/uk-55123490", "date_published": "2020-11-29 20:41:25+00:00", "persistent": false, "user": null, "language": "en-US"}, {"source": "http://feeds.bbci.co.uk/news/rss.xml", "title": "Cher and the rescue of a lonely elephant in Pakistan", "description": "Singer Cher was one of those who campaigned for a better life for Kavaan the elephant who is now heading to a new home.", "link": "https://www.bbc.co.uk/news/55122863", "date_published": "2020-11-29 14:15:32+00:00", "persistent": false, "user": null, "language": "en-US"}, {"source": "http://feeds.bbci.co.uk/news/rss.xml", "title": "Covid: Boris Johnson writes to MPs to quell anger over new tiers", "description": "Facing a rebellion in his party, Boris Johnson tells MPs that England's new rules could end in nine weeks.", "link": "https://www.bbc.co.uk/news/uk-55118467", "date_published": "2020-11-29 12:29:00+00:00", "persistent": false, "user": null, "language": "en-US"}, {"source": "http://feeds.bbci.co.uk/news/rss.xml", "title": "Covid in Scotland: Sturgeon defends handling of pandemic", "description": "Scotland's first minister says it is too soon to be comparing Scotland's record with England.", "link": "https://www.bbc.co.uk/news/uk-scotland-scotland-politics-55120734", "date_published": "2020-11-29 12:27:12+00:00", "persistent": false, "user": null, "language": "en-US"}, {"source": "http://feeds.bbci.co.uk/news/rss.xml", "title": "Dave Prowse: Darth Vader actor dies aged 85", "description": "The former bodybuilder was also given an MBE for his long-running role as the Green Cross Code Man.", "link": "https://www.bbc.co.uk/news/entertainment-arts-55117704", "date_published": "2020-11-29 12:07:56+00:00", "persistent": false, "user": null, "language": "en-US"}, {"source": "http://feeds.bbci.co.uk/news/rss.xml", "title": "Smith scores second century as Australia wrap up ODI series win over India", "description": "Steve Smith scores his second century in as many games as Australia beat India by 51 runs in the second one-day international to win the series.", "link": "https://www.bbc.co.uk/sport/cricket/55121752", "date_published": "2020-11-29 12:04:09+00:00", "persistent": false, "user": null, "language": "en-US"}, {"source": "http://feeds.bbci.co.uk/news/rss.xml", "title": "Brexit: UK in 'last leg' of trade talks with EU, says Raab", "description": "The foreign secretary said a deal was possible if the EU side showed \"pragmatism\" in the coming days.", "link": "https://www.bbc.co.uk/news/uk-politics-55120814", "date_published": "2020-11-29 12:02:21+00:00", "persistent": false, "user": null, "language": "en-US"}, {"source": "http://feeds.bbci.co.uk/news/rss.xml", "title": "Turkey cull after bird flu discovered at Northallerton farm", "description": "All 10,500 turkeys will be culled after a strain of avian influenza was found in North Yorkshire.", "link": "https://www.bbc.co.uk/news/uk-england-york-north-yorkshire-55121445", "date_published": "2020-11-29 12:01:57+00:00", "persistent": false, "user": null, "language": "en-US"}, {"source": "http://feeds.bbci.co.uk/news/rss.xml", "title": "'Fireball' dazzles in the sky in Japan", "description": "The meteor was seen descending towards earth for a few seconds, before emitting a powerful light.", "link": "https://www.bbc.co.uk/news/world-asia-55121824", "date_published": "2020-11-29 11:54:07+00:00", "persistent": false, "user": null, "language": "en-US"}, {"source": "http://feeds.bbci.co.uk/news/rss.xml", "title": "Arcadia: Sir Philip Green 'must plug Arcadia pension hole'", "description": "His retail empire, including Topshop and Dorothy Perkins, is understood to be on the brink of collapse.", "link": "https://www.bbc.co.uk/news/business-55089327", "date_published": "2020-11-29 11:52:56+00:00", "persistent": false, "user": null, "language": "en-US"}, {"source": "http://feeds.bbci.co.uk/news/rss.xml", "title": "'The Big Bash is the best competition in the world - The Hundred can a learn a lot'", "description": "The Big Bash League in Australia sets the standard in women's cricket. How will The Hundred compare next summer?", "link": "https://www.bbc.co.uk/sport/cricket/55114553", "date_published": "2020-11-29 11:39:24+00:00", "persistent": false, "user": null, "language": "en-US"}, {"source": "http://feeds.bbci.co.uk/news/rss.xml", "title": "'Rugby needs to change its laws to keep kids watching'", "description": "Former England scrum-half Matt Dawson says rugby needs to change its laws to keep it entertaining for all fans.", "link": "https://www.bbc.co.uk/sport/rugby-union/55120613", "date_published": "2020-11-29 11:24:56+00:00", "persistent": false, "user": null, "language": "en-US"}, {"source": "http://feeds.bbci.co.uk/news/rss.xml", "title": "Utah monolith: Has the mysterious metal object disappeared?", "description": "Utah officials and images on social media suggest the shiny desert structure has been taken down.", "link": "https://www.bbc.co.uk/news/world-us-canada-55119940", "date_published": "2020-11-29 11:24:05+00:00", "persistent": false, "user": null, "language": "en-US"}, {"source": "http://feeds.bbci.co.uk/news/rss.xml", "title": "Farm workers killed in 'insane' Nigeria attack", "description": "Nigeria's president condemns an attack in which 43 labourers were \"slaughtered\" near Maiduguri.", "link": "https://www.bbc.co.uk/news/world-africa-55120638", "date_published": "2020-11-29 10:55:08+00:00", "persistent": false, "user": null, "language": "en-US"}, {"source": "http://feeds.bbci.co.uk/news/rss.xml", "title": "Adam King: Six-year-old Irish boy's space ambition 'inspires' Nasa", "description": "Adam King from County Cork captured the hearts of TV viewers with dreams of joining a space mission.", "link": "https://www.bbc.co.uk/news/world-europe-55120209", "date_published": "2020-11-29 09:53:41+00:00", "persistent": false, "user": null, "language": "en-US"}, {"source": "http://feeds.bbci.co.uk/news/rss.xml", "title": "Liverpool: How one city took on the Covid-19 crisis", "description": "The inside story of how Liverpool got to grips with soaring infection rates and pioneered mass testing.", "link": "https://www.bbc.co.uk/news/uk-politics-55106567", "date_published": "2020-11-29 09:51:55+00:00", "persistent": false, "user": null, "language": "en-US"}, {"source": "http://feeds.bbci.co.uk/news/rss.xml", "title": "Sydney records hottest November night on record", "description": "The Australian city recorded a minimum overnight temperature of 25.4C.", "link": "https://www.bbc.co.uk/news/world-australia-55118406", "date_published": "2020-11-29 08:59:40+00:00", "persistent": false, "user": null, "language": "en-US"}, {"source": "http://feeds.bbci.co.uk/news/rss.xml", "title": "'Stop celebrity boxing, someone will get really hurt'", "description": "Boxers are quick to question how former NBA basketball player Nate Robinson was allowed to be knocked out by YouTube star Jake Paul.", "link": "https://www.bbc.co.uk/sport/boxing/55118880", "date_published": "2020-11-29 08:45:12+00:00", "persistent": false, "user": null, "language": "en-US"}, {"source": "http://feeds.bbci.co.uk/news/rss.xml", "title": "Lorde on Antarctica: Thrilling and intense... but eerie", "description": "The singer says she found inspiration for her next album during a visit to the bottom of the world.", "link": "https://www.bbc.co.uk/news/newsbeat-55085725", "date_published": "2020-11-29 08:03:16+00:00", "persistent": false, "user": null, "language": "en-US"}, {"source": "http://feeds.bbci.co.uk/news/rss.xml", "title": "'Like two of my uncles fighting at a barbecue' - Tyson and Jones draw exhibition bout", "description": "Mike Tyson ends 15 years of inactivity and shares an entertaining draw with Roy Jones Jr in Los Angeles.", "link": "https://www.bbc.co.uk/sport/boxing/55118877", "date_published": "2020-11-29 07:25:06+00:00", "persistent": false, "user": null, "language": "en-US"}, {"source": "http://feeds.bbci.co.uk/news/rss.xml", "title": "Canada bans mass exports of prescription drugs", "description": "The new policy comes in response to a US plan to import drugs from Canada.", "link": "https://www.bbc.co.uk/news/world-us-canada-55119428", "date_published": "2020-11-29 06:06:08+00:00", "persistent": false, "user": null, "language": "en-US"}, {"source": "http://feeds.bbci.co.uk/news/rss.xml", "title": "The Papers: Tory MPs' hospital anger, and PM 'in retreat'", "description": "Sunday's papers are dominated by the new tier system, which has divided the Conservative party.", "link": "https://www.bbc.co.uk/news/blogs-the-papers-55118347", "date_published": "2020-11-29 05:21:01+00:00", "persistent": false, "user": null, "language": "en-US"}, {"source": "http://feeds.bbci.co.uk/news/rss.xml", "title": "The 'Robin Hood' policemen who stole from the Nazis", "description": "How did 16 policemen come to be deported from the British Isles to Nazi-occupied Europe?", "link": "https://www.bbc.co.uk/news/world-europe-guernsey-54106579", "date_published": "2020-11-29 00:20:26+00:00", "persistent": false, "user": null, "language": "en-US"}, {"source": "http://feeds.bbci.co.uk/news/rss.xml", "title": "Gary Barlow: 'I'm not as confident as I was at 21'", "description": "The star discusses writing Back For Good in 15 minutes, and how Morecambe and Wise inspired a new song.", "link": "https://www.bbc.co.uk/news/entertainment-arts-55091170", "date_published": "2020-11-29 00:17:17+00:00", "persistent": false, "user": null, "language": "en-US"}, {"source": "http://feeds.bbci.co.uk/news/rss.xml", "title": "Covid-19: What\u2019s the harm of \u2018funny\u2019 anti-vaccine memes?", "description": "Spreading jokes about vaccines can stoke unnecessary fears.", "link": "https://www.bbc.co.uk/news/55101238", "date_published": "2020-11-29 00:17:10+00:00", "persistent": false, "user": null, "language": "en-US"}, {"source": "http://feeds.bbci.co.uk/news/rss.xml", "title": "Covid and schools: 'Children know things aren't right'", "description": "Students have lost hundreds of days of education to Covid and self-isolation. How are they coping?", "link": "https://www.bbc.co.uk/news/uk-55105275", "date_published": "2020-11-29 00:15:39+00:00", "persistent": false, "user": null, "language": "en-US"}, {"source": "http://feeds.bbci.co.uk/news/rss.xml", "title": "London Bridge attack: 'I think about it every single day'", "description": "Former prisoner Marc Conway remembers the London Bridge attack one year on.", "link": "https://www.bbc.co.uk/news/uk-55084126", "date_published": "2020-11-29 00:14:27+00:00", "persistent": false, "user": null, "language": "en-US"}, {"source": "http://feeds.bbci.co.uk/news/rss.xml", "title": "Serbia coronavirus: The Church losing its leaders to the pandemic", "description": "Few organisations have taken a bigger hit from coronavirus than the Serbian Orthodox Church", "link": "https://www.bbc.co.uk/news/world-europe-55098412", "date_published": "2020-11-29 00:08:50+00:00", "persistent": false, "user": null, "language": "en-US"}, {"source": "http://feeds.bbci.co.uk/news/rss.xml", "title": "Rosamund Adoo-Kissi-Debrah: 'Did air pollution kill my daughter?'", "description": "A new inquest into the death of Ella Adoo-Kissi-Debrah could list air pollution as a cause of her death.", "link": "https://www.bbc.co.uk/news/stories-55106501", "date_published": "2020-11-29 00:06:39+00:00", "persistent": false, "user": null, "language": "en-US"}, {"source": "http://feeds.bbci.co.uk/news/rss.xml", "title": "In pictures: Hurricanes leave Hondurans homeless and destitute", "description": "Hurricanes Eta and Iota left more than 150,000 people in Honduras homeless and many lost everything.", "link": "https://www.bbc.co.uk/news/world-latin-america-55064560", "date_published": "2020-11-29 00:05:39+00:00", "persistent": false, "user": null, "language": "en-US"}, {"source": "http://feeds.bbci.co.uk/news/rss.xml", "title": "Khachaturyan sisters: A murder trial that shocked Russia", "description": "The case of the three Khachaturyan sisters accused of killing their father sent shockwaves through Russia.", "link": "https://www.bbc.co.uk/news/world-europe-55108072", "date_published": "2020-11-29 00:02:10+00:00", "persistent": false, "user": null, "language": "en-US"}, {"source": "http://feeds.bbci.co.uk/news/rss.xml", "title": "TikTok: 'I didn\u2019t know other LGBT Muslims existed'", "description": "Until she found her social media \"safe space\", Shaz says she didn't know there were others like her.", "link": "https://www.bbc.co.uk/news/uk-55079954", "date_published": "2020-11-29 00:01:00+00:00", "persistent": false, "user": null, "language": "en-US"}, {"source": "http://feeds.bbci.co.uk/news/rss.xml", "title": "Ethiopia's Tigray crisis: What does it mean for the east Africa region?", "description": "BBC correspondents across the east Africa region explain the impact for Ethiopia and its neighbours.", "link": "https://www.bbc.co.uk/news/world-africa-55108079", "date_published": "2020-11-29 00:00:50+00:00", "persistent": false, "user": null, "language": "en-US"}, {"source": "http://feeds.bbci.co.uk/news/rss.xml", "title": "Leroy Logan: Who is the Met Police officer in Steve McQueen's Red, White and Blue?", "description": "Star Wars' John Boyega is set to star in the true story of a black police officer in 1980s London.", "link": "https://www.bbc.co.uk/news/uk-55109363", "date_published": "2020-11-29 00:00:10+00:00", "persistent": false, "user": null, "language": "en-US"}]