[{"source": "https://www.youtube.com/feeds/videos.xml?channel_id=UCswH8ovgUp5Bdg-0_JTYFNw", "title": "If You Fall In Love Fast - Watch This... | Russell Brand", "description": "Subscribe to my channel here: http://tinyurl.com/opragcg\n(make sure to hit the BELL icon to be notified of new videos!)\n\nListen to my Under The Skin podcast here: \nhttp://luminary.link/russell\n\nGet my book \"Recovery\" here: https://amzn.to/2R7c810\nGet my book \"Mentors\" here (and as an audiobook!): https://amzn.to/2t0Zu9U\n\nInstagram: http://instagram.com/russellbrand/\nTwitter: http://twitter.com/rustyrockets\n\nProduced by Jenny May Finn (Instagram: @jennymayfinn)", "link": "https://www.youtube.com/watch?v=GfSushzin2k", "date_published": "2020-08-17 00:00:00+00:00", "persistent": false, "user": null, "language": "en-US"}, {"source": "https://www.youtube.com/feeds/videos.xml?channel_id=UCswH8ovgUp5Bdg-0_JTYFNw", "title": "One Of My Favourite Meditation Techniques! | Russell Brand", "description": "One of my favourite meditations to do are Mooji's - which you can find on YouTube. He was a guest on my Under The Skin podcast this week and here are some of the lessons I learned from him.\n\nThe full podcast will be out on YouTube next week but you can listen to it now on Luminary: http://luminary.link/mooji\n\nSubscribe to my channel here: http://tinyurl.com/opragcg\n(make sure to hit the BELL icon to be notified of new videos!)\n\nGet my book \"Recovery\" here: https://amzn.to/2R7c810\nGet my book \"Mentors\" here (and as an audiobook!): https://amzn.to/2t0Zu9U\n\nInstagram: http://instagram.com/russellbrand/\nTwitter: http://twitter.com/rustyrockets\n\nProduced by Jenny May Finn (Instagram: @jennymayfinn)", "link": "https://www.youtube.com/watch?v=vILbhfaJDyw", "date_published": "2020-08-16 00:00:00+00:00", "persistent": false, "user": null, "language": "en-US"}]