[{"source": "https://www.youtube.com/feeds/videos.xml?channel_id=UCwUizOU8pPWXdXNniXypQEQ", "title": "How People Cancel Each Other", "description": "This video is written and directed by my canceled co-star Brent Pella. Please subscribe to his channel and cancel him more: https://www.youtube.com/c/brentpella/\n\nCanceling everyone who doesn\u2019t think like you is the goal. All parts of culture that aren\u2019t cancel culture should be canceled. If you\u2019re a social justice warrior who has your degree in being woke, this video will teach you how to ascend to the highest peak of cancel culture!\n\n*For Comedy Show schedule and tickets: https://awakenwithjp.com/events/\n-My NEW Awakened Shirts are available! Claim yours here: https://awakenwithjp.com/shop\n\nListen and Subscribe to my NEW Podcast here: \nhttps://apple.co/3fFTbPC\nIt's also available everywhere else you get podcasts. Just search and subscribe to \"Awaken With JP Sears Show\"\n\nConnect with me at: \nhttp://www.facebook.com/AwakenWithJP\nhttp://www.Instagram.com/AwakenWithJP\nhttp://www.twitter.com/AwakenWithJP\nhttp://www.AwakenWithJP.com", "link": "https://www.youtube.com/watch?v=D5-z-P4Agik", "date_published": "2020-08-17 00:00:00+00:00", "persistent": false, "user": null, "language": "en-US"}]