[{"source": "https://www.youtube.com/feeds/videos.xml?channel_id=UC-2YHgc363EdcusLIBbgxzg", "title": "How The COVID-19 Pandemic Will End | Answers With Joe", "description": "Get a free subscription to Nebula when you sign up to CuriosityStream at http://www.curiositystream.com/joescott\nWe're all pretty much over the COVID-19 pandemic at this point, but how close are we to containing the disease, and how will it end?\n\nWant to support the channel? Here's how:\n\nPatreon: http://www.patreon.com/answerswithjoe\nChannel Memberships: https://www.youtube.com/channel/UC-2YHgc363EdcusLIBbgxzg/join\nT-Shirts & Merch: http://www.answerswithjoe.com/store\n\nJoin me on the Our Ludicrous Future Podcast:\nhttps://www.youtube.com/channel/UCvUf_yOU_swE6PtOuv2yBqg\n\nInterested in getting a Tesla? Use my referral link and get discounts and perks:\nhttps://ts.la/joe74700\n\nFollow me at all my places!\nInstagram: https://instagram.com/answerswithjoe\nSnapchat: https://www.snapchat.com/add/answerswithjoe\nFacebook: http://www.facebook.com/answerswithjoe\nTwitter: https://www.twitter.com/answerswithjoe\n\nLINKS LINKS LINKS:\n\nhttps://www.theatlantic.com/health/archive/2020/08/coronavirus-will-never-go-away/614860/\n\nhttps://www.sciencemag.org/news/2020/03/why-do-dozens-diseases-wax-and-wane-seasons-and-will-covid-19\n\nhttps://www.npr.org/sections/health-shots/2020/07/24/894148860/without-a-vaccine-researchers-say-herd-immunity-may-never-be-achieved\n\nhttps://www.historyofvaccines.org/content/articles/vaccine-development-testing-and-regulation\n\nhttps://apnews.com/dacdc8bc428dd4df6511bfa259cfec44\n\nhttps://www.infectioncontroltoday.com/view/viewpoint-have-you-heard-about-herd-its-covid-19-fallacy\n\nhttps://www.the-scientist.com/features/why-r0-is-problematic-for-predicting-covid-19-spread-67690\n\nhttps://www.thestreet.com/mishtalk/economics/swedens-covid-experiment-is-now-a-certified-failure\n\nhttps://www.nejm.org/doi/full/10.1056/NEJMc2025179\n\nhttps://www.nytimes.com/interactive/2020/science/coronavirus-vaccine-tracker.html\n\nhttps://www.reuters.com/article/us-health-coronavirus-vaccines/astrazeneca-agrees-to-supply-europe-with-400-million-doses-of-covid-19-vaccine-idUSKBN23K0HW\n\nhttps://www.newscientist.com/article/2250176-which-covid-19-treatments-work-and-how-close-are-we-to-getting-more/\n\nhttps://www.healthline.com/health-news/want-to-sign-up-for-a-covid-19-vaccine-trial-heres-what-to-know", "link": "https://www.youtube.com/watch?v=XmjsLyTW5EY", "date_published": "2020-08-17 00:00:00+00:00", "persistent": false, "user": null, "language": "en-US"}]