[{"source": "https://www.youtube.com/feeds/videos.xml?channel_id=UCyl5V3-J_Bsy3x-EBCJwepg", "title": "Biden Says He Can't Wait To Find Out Who He Picked For VP", "description": "\"Oh boy -- I hope it's a real classy broad,\" he said as he drank straight from the milk jug. \"I bet I picked somebody good and smart. A chick with class and style. You know, in my day, dames were dames and guys were guys. None of this 'guys becoming dolls' and 'dolls becoming guys' stuff. We would go down to the hop and do the mashed potato. You know, there's lots of good nnnn-- nutrients and stuff in potatoes. Potato is a funny word.\"\n\nhttps://babylonbee.com/news/biden-excited-to-find-out-who-he-picked-for-vp", "link": "https://www.youtube.com/watch?v=EYnDrDlKt60", "date_published": "2020-08-08 00:00:00+00:00", "persistent": false, "user": null, "language": "en-US"}, {"source": "https://www.youtube.com/feeds/videos.xml?channel_id=UCyl5V3-J_Bsy3x-EBCJwepg", "title": "Christian Things: Well THAT\u2019S Not In The Bible", "description": "James Kennison from That Story Show tells Ethan and Kyle about some of the things his mother taught him about religion", "link": "https://www.youtube.com/watch?v=1edpFmQBpwU", "date_published": "2020-08-08 00:00:00+00:00", "persistent": false, "user": null, "language": "en-US"}]