[{"source": "http://feeds.bbci.co.uk/news/rss.xml", "title": "James Nash shooting: Children's author and councillor dies", "description": "James Nash was described as a \"kind-hearted individual and a proactive parish councillor\".", "link": "https://www.bbc.co.uk/news/uk-england-hampshire-53699744", "date_published": "2020-08-08 12:53:28+00:00", "persistent": false, "user": null, "language": "en-US"}, {"source": "http://feeds.bbci.co.uk/news/rss.xml", "title": "Maurizio Sarri sacked as Juventus manager after one season", "description": "Italian giants Juventus sack Maurizio Sarri after their Champions League last-16 defeat by Lyon.", "link": "https://www.bbc.co.uk/sport/football/53704987", "date_published": "2020-08-08 12:51:33+00:00", "persistent": false, "user": null, "language": "en-US"}, {"source": "http://feeds.bbci.co.uk/news/rss.xml", "title": "Coronavirus: Preston young people targeted as lockdown imposed", "description": "The advice follows a \"significant\" spike among under-30s as tighter restrictions come into force.", "link": "https://www.bbc.co.uk/news/uk-england-lancashire-53706436", "date_published": "2020-08-08 12:49:39+00:00", "persistent": false, "user": null, "language": "en-US"}, {"source": "http://feeds.bbci.co.uk/news/rss.xml", "title": "Home Office seeks MoD help over migrant crossings", "description": "It follows suggestions the Royal Navy could be brought in to patrol Channel traffic.", "link": "https://www.bbc.co.uk/news/uk-53704809", "date_published": "2020-08-08 12:48:34+00:00", "persistent": false, "user": null, "language": "en-US"}, {"source": "http://feeds.bbci.co.uk/news/rss.xml", "title": "Coronavirus: Face covering use expanded in England and Scotland", "description": "The new rules apply to cinemas, museums and places of worship as more quarantine restrictions start.", "link": "https://www.bbc.co.uk/news/uk-53702291", "date_published": "2020-08-08 12:12:25+00:00", "persistent": false, "user": null, "language": "en-US"}, {"source": "http://feeds.bbci.co.uk/news/rss.xml", "title": "Coronavirus: Randox recalls up to 750,000 test kits over safety concerns", "description": "Some kits sent to care homes should be returned, but the government says the risk to safety is low.", "link": "https://www.bbc.co.uk/news/health-53705229", "date_published": "2020-08-08 12:05:55+00:00", "persistent": false, "user": null, "language": "en-US"}, {"source": "http://feeds.bbci.co.uk/news/rss.xml", "title": "Beirut explosion: Angry protesters set to take to streets", "description": "Lebanese furious with their political leaders after a massive explosion want to vent their fury.", "link": "https://www.bbc.co.uk/news/world-middle-east-53704998", "date_published": "2020-08-08 12:04:15+00:00", "persistent": false, "user": null, "language": "en-US"}, {"source": "http://feeds.bbci.co.uk/news/rss.xml", "title": "World Snooker Championship: Neil Robertson spills coffee", "description": "Neil Robertson's weekend gets off to a bad start when he spills his coffee ahead of his second round match against Barry Hawkins at the World Snooker Championship.", "link": "https://www.bbc.co.uk/sport/av/snooker/53707294", "date_published": "2020-08-08 11:51:20+00:00", "persistent": false, "user": null, "language": "en-US"}, {"source": "http://feeds.bbci.co.uk/news/rss.xml", "title": "England v Pakistan: Rory Burns shushes Pakistan team after lbw dismissal", "description": "Rory Burns is trapped lbw for 10 by Mohammed Abbas and then exchanges words with the Pakistan team and shushes them on the way back to the dressing room", "link": "https://www.bbc.co.uk/sport/av/cricket/53706313", "date_published": "2020-08-08 11:45:04+00:00", "persistent": false, "user": null, "language": "en-US"}, {"source": "http://feeds.bbci.co.uk/news/rss.xml", "title": "Coronavirus: Millions for small business 'sitting in council accounts'", "description": "Government grants for small firms have to be claimed by the end of August.", "link": "https://www.bbc.co.uk/news/uk-england-53692785", "date_published": "2020-08-08 07:04:08+00:00", "persistent": false, "user": null, "language": "en-US"}, {"source": "http://feeds.bbci.co.uk/news/rss.xml", "title": "Murdered on the London Underground", "description": "The BBC followed Tashan Daniel's best friend Leon Haque as he attended the gruelling murder trial.", "link": "https://www.bbc.co.uk/news/uk-england-london-53684531", "date_published": "2020-08-08 06:41:26+00:00", "persistent": false, "user": null, "language": "en-US"}, {"source": "http://feeds.bbci.co.uk/news/rss.xml", "title": "Coronavirus: Last-ditch talks on new aid package for US economy fail", "description": "With benefits expired for millions of jobless and mass evictions looming, lawmakers go on holiday.", "link": "https://www.bbc.co.uk/news/world-us-canada-53702762", "date_published": "2020-08-08 06:18:01+00:00", "persistent": false, "user": null, "language": "en-US"}, {"source": "http://feeds.bbci.co.uk/news/rss.xml", "title": "The Papers: Brits pack beaches as travellers 'kept in dark'", "description": "Britons packing out beaches and a warning about the UK's quarantine policy are among the front page stories.", "link": "https://www.bbc.co.uk/news/blogs-the-papers-53702913", "date_published": "2020-08-08 05:05:28+00:00", "persistent": false, "user": null, "language": "en-US"}, {"source": "http://feeds.bbci.co.uk/news/rss.xml", "title": "Coronavirus Vietnam: The mysterious resurgence of Covid-19", "description": "A central Vietnamese city is back in lockdown as researchers search for the source of a new outbreak.", "link": "https://www.bbc.co.uk/news/world-asia-53690711", "date_published": "2020-08-08 04:06:31+00:00", "persistent": false, "user": null, "language": "en-US"}, {"source": "http://feeds.bbci.co.uk/news/rss.xml", "title": "Coronavirus: India is turning to faster tests to meet targets", "description": "With coronavirus cases rising sharply, India has turned to rapid testing kits. But how reliable are they?", "link": "https://www.bbc.co.uk/news/world-asia-india-53609404", "date_published": "2020-08-08 02:58:28+00:00", "persistent": false, "user": null, "language": "en-US"}]