[{"source": "https://www.youtube.com/feeds/videos.xml?channel_id=UCw--xPGVVxYzRsWyV1nFqgg", "title": "The Anointed - Magic System Explained (My Book)", "description": "Here is the second magic system within my book. Inspired largely by Greek mythology, I plan to use this system as a counter to the rigid Grohalind.\nSign Up For Campfire Here: https://www.campfiretechnology.com/pro?utm_source=youtube&utm_medium=influencer&utm_campaign=Greene7.9-20\u00a0\n\nPodcast: https://afictionalconversation.podbean.com/\nMerch: https://teespring.com/stores/fantasy-news-2\nPatreon: https://www.patreon.com/DanielBGreene\nAmazon: https://www.amazon.com/shop/danielgreene\nDiscord Server: https://discord.gg/xUzhVv4\nTwitter: https://twitter.com/DanielBGreene?lang=en\nTwitch: https://www.twitch.tv/fantasynews\nInstagram: https://www.instagram.com/dgreene101/\nGoodReads: https://www.goodreads.com/user/show/82239739-daniel-greene\nSubreddit: https://www.reddit.com/r/danielgreene", "link": "https://www.youtube.com/watch?v=aPksk6bPnrI", "date_published": "2020-08-08 00:00:00+00:00", "persistent": false, "user": null, "language": "en-US"}]