[{"source": "https://www.youtube.com/feeds/videos.xml?channel_id=UCw--xPGVVxYzRsWyV1nFqgg", "title": "THE POPPY WAR TV SHOW CONFIRMED (Darker Avatar?)", "description": "It looks like Starlight Media is developing a Poppy War TV Show! Let\u2019s talk about that. \n\nLink: https://curiositystream.com/Greene\nCode: Greene\n\nMerch: https://teespring.com/stores/fantasy-news-2\nPatreon: https://www.patreon.com/DanielBGreene\nDiscord Server: https://discord.gg/xUzhVv4\nTwitter: https://twitter.com/DanielBGreene?lang=en\nTwitch: https://www.twitch.tv/fantasynews\nInstagram: https://www.instagram.com/dgreene101/\nSubreddit: https://www.reddit.com/r/danielgreene\nPodcast: https://afictionalconversation.podbean.com/", "link": "https://www.youtube.com/watch?v=vgVPX0YAFHU", "date_published": "2020-12-09 00:00:00+00:00", "persistent": false, "user": null, "language": "en-US"}, {"source": "https://www.youtube.com/feeds/videos.xml?channel_id=UCw--xPGVVxYzRsWyV1nFqgg", "title": "Viggo Mortensen LotR Comments\ud83e\udddd\u200d\u2640\ufe0f Dune Could Help Kill Theaters\ud83c\udfad Oscar Isaac IS Solid Snake!\ud83d\udc0d", "description": "Let's talk some good old fantasy news! Going to be honest, had to rush this one a bit.\nSign up for Campfire here: http://www.campfireblaze.com/?utm_source=youtube&utm_medium=video&utm_campaign=Greene4.20\n\nMerch: https://teespring.com/stores/fantasy-news-2\nPatreon: https://www.patreon.com/DanielBGreene\nDiscord Server: https://discord.gg/xUzhVv4\nTwitter: https://twitter.com/DanielBGreene?lang=en\nTwitch: https://www.twitch.tv/fantasynews\nInstagram: https://www.instagram.com/dgreene101/\nSubreddit: https://www.reddit.com/r/danielgreene\nPodcast: https://afictionalconversation.podbean.com/\n\nNEWS\n00:00 Intro\n00:18 Patrick Rothfuss #DoorsOfStone Comments: https://www.youtube.com/watch?v=XxU-7XiEN30 \n01:25 #LotR Casting: https://www.tor.com/2020/12/03/twenty-new-cast-members-amazons-lord-of-the-rings/ \n01:59 Viggo Mortensen Amazon LotR Comments: https://screenrant.com/lord-rings-show-viggo-mortensen-opinion/\n03:16 LotR Deleted Scene comments: https://screenrant.com/lord-rings-aragorn-arwen-deleted-scene-viggo-mortensen/ \n05:24 The Girl and the Mountain: https://harpervoyagerbooks.co.uk/2020/12/07/exclusive-christmas-preview-chapter-one-of-the-girl-and-the-mountain-by-mark-lawrence-the-second-book-of-the-ice/ \n05:41 Chrono Odyssey: https://www.youtube.com/watch?v=dEBufqmFOyA&t=51s \n06:31 Oscar Isaac Solid Snack  ( #MetalGearSolid ): https://deadline.com/2020/12/oscar-isaac-solid-snake-sonys-metal-gear-solid-movie-1234650259/ \n07:14 Deadpool Manga: Deadpool\u2026 manga?: https://comicbook.com/anime/news/deadpool-samurai-manga-shonen-jump-marvel-comics/ \n07:24 WoT Comment response: https://www.youtube.com/watch?v=W_7nIBstwbk \n08:40 HBO Releases: https://twitter.com/wbpictures/status/1334570201610735617?s=19\nDune Legal Battle: https://deadline.com/2020/12/warnermedia-legendary-challenge-dune-godzilla-vs-kong-streamer-battles-looming-1234651283/", "link": "https://www.youtube.com/watch?v=b3XZ5G77b5A", "date_published": "2020-12-08 00:00:00+00:00", "persistent": false, "user": null, "language": "en-US"}]