[{"source": "https://www.youtube.com/feeds/videos.xml?channel_id=UCqqY6fzyLY3OmdjYRe2eJAg", "title": "Roosevelt - Strangers (Official Audio)", "description": "'POLYDANS' - my new album - out now! Stream / Purchase here: https://roosevelt.lnk.to/Polydans\n\nFOLLOW Roosevelt on Facebook, Instagram and more https://roosevelt.lnk.to/follow\nWebsite : https://roosevelt.lnk.to/website \n\nThis is the Official Youtube Channel for Roosevelt. \nSUBSCRIBE NOW to be kept up to date with the latest music, videos, tour dates, behind the scenes footage and more https://roosevelt.lnk.to/subscribe\n\nMUSIC CREDITS\nWritten, Performed, Recorded and Produced by Marius Lauber\nStrings by Kaiser Quartett\nAdditional Guitar by Deniz Erarslan \nAdditional Backing Vocals by Kat Frankie\nMastered by Heba Kadry \n\n\nLYRICS\n\nMirrors in the sun\u00a0\nWanna keep you by my side\u00a0\nMorning just begun\u00a0\nWanna fall into the night\u00a0\n\u00a0\n\u00a0\nCause you keep the love for yourself\u00a0\nCan he treat you like no one else\u00a0\nDid you hear the lies that you tell\u00a0\nBut love will take us back\u00a0\nTonight\u00a0\n\u00a0\nYou are fading away\u00a0\nWe're strangers in the night\u00a0\nHold on\u00a0\n\nThere's no turning back\u00a0\nWe're strangers in the night\u00a0\nHold on\u00a0\n\nFeel it in your touch\u00a0\nThat things are not the same\u00a0\nNever needed much\u00a0\nBut don't wanna play the game\u00a0\n\u00a0\nCause you keep the love for yourself\u00a0\nCan he treat you like no one else\nDid you hear the lies that you tell\nBut love will take us back\u00a0\nTonight\u00a0\n\u00a0\nYou are fading away\u00a0\nWe're strangers in the night\u00a0\nHold on\u00a0\n\nThere's no turning back\u00a0\nWe're strangers in the night\u00a0\nHold on\u00a0\nHold on\u00a0\n\u00a0\nYou are fading away\u00a0\nWe're strangers in the night\u00a0\nHold on\u00a0\u00a0\n\nThere's no turning back\u00a0\u00a0\nWe're strangers in the night\u00a0\nHold on\u00a0\n\u00a0\nYou are fading away\u00a0\nWe're strangers in the night\u00a0\nHold on\u00a0\u00a0\nThere's no turning back\u00a0\nWe're strangers in the night\u00a0\nHold on\u00a0\nHold on\u00a0\n\u00a0\n\u2117 & \u00a9 Greco-Roman / City Slang             \n\n#Roosevelt #Strangers #OfficialAudio", "link": "https://www.youtube.com/watch?v=NOdkHf9uJjk", "date_published": "2020-12-09 00:00:00+00:00", "persistent": false, "user": null, "language": "en-US"}]