[{"source": "http://feeds.bbci.co.uk/news/rss.xml", "title": "Venice floods as weather catches city off-guard", "description": "Flood barriers were rolled out too late, causing heavy rain to flood the city.", "link": "https://www.bbc.co.uk/news/world-europe-55239719", "date_published": "2020-12-08 23:11:52+00:00", "persistent": false, "user": null, "language": "en-US"}, {"source": "http://feeds.bbci.co.uk/news/rss.xml", "title": "Finder of Forrest Fenn\u2019s treasure reveals identity", "description": "This year, Forrest Fenn confirmed the discovery of the bronze chest he hid in the Rocky Mountains.", "link": "https://www.bbc.co.uk/news/world-us-canada-55239568", "date_published": "2020-12-08 20:52:48+00:00", "persistent": false, "user": null, "language": "en-US"}, {"source": "http://feeds.bbci.co.uk/news/rss.xml", "title": "Covid-19: The day of the UK's 'tremendous shot in the arm'", "description": "From the first jab to that quote from the PM, the NHS's biggest ever vaccination programme is underway.", "link": "https://www.bbc.co.uk/news/health-55239333", "date_published": "2020-12-08 19:11:09+00:00", "persistent": false, "user": null, "language": "en-US"}, {"source": "http://feeds.bbci.co.uk/news/rss.xml", "title": "Somersault goal: Nader Mohammadi scores somersault throw in for Paykan in Persian League", "description": "Nader Mohammadi scores with a somersault throw for Paykan in the Persian Pro League after the ball takes a touch off Gol Gohar Sirjan goalkeeper Alireza Haghighi.", "link": "https://www.bbc.co.uk/sport/av/football/55239103", "date_published": "2020-12-08 18:31:04+00:00", "persistent": false, "user": null, "language": "en-US"}, {"source": "http://feeds.bbci.co.uk/news/rss.xml", "title": "RAF plane flies low over world's biggest iceberg", "description": "The RAF releases footage from its reconnaissance flight over the giant Antarctic berg known as A68a.", "link": "https://www.bbc.co.uk/news/science-environment-55237686", "date_published": "2020-12-08 17:29:03+00:00", "persistent": false, "user": null, "language": "en-US"}, {"source": "http://feeds.bbci.co.uk/news/rss.xml", "title": "Covid-19 vaccine: 'Hopefully next year we'll be living a normal life'", "description": "Patients and health workers are excited to be among the first to get the Covid vaccine.", "link": "https://www.bbc.co.uk/news/uk-55230423", "date_published": "2020-12-08 17:17:30+00:00", "persistent": false, "user": null, "language": "en-US"}, {"source": "http://feeds.bbci.co.uk/news/rss.xml", "title": "Unions squabble over Santa membership claims", "description": "Debate rages over whether he's a postie, an actor, a bureaucrat, a musician or an honorary firefighter.", "link": "https://www.bbc.co.uk/news/uk-politics-55229930", "date_published": "2020-12-08 16:24:18+00:00", "persistent": false, "user": null, "language": "en-US"}, {"source": "http://feeds.bbci.co.uk/news/rss.xml", "title": "'Right now, hit songwriters are driving Ubers'", "description": "A parliamentary inquiry into music streaming is told that songwriters can't pay their rent.", "link": "https://www.bbc.co.uk/news/entertainment-arts-55232418", "date_published": "2020-12-08 14:21:32+00:00", "persistent": false, "user": null, "language": "en-US"}, {"source": "http://feeds.bbci.co.uk/news/rss.xml", "title": "Covid-19 vaccine: First person receives Pfizer jab in UK", "description": "Margaret Keenan, who turns 91 next week, becomes the first person in the world to get the jab as part of a mass vaccination programme, calling it the \"best early birthday present\".", "link": "https://www.bbc.co.uk/news/uk-55227325", "date_published": "2020-12-08 13:01:02+00:00", "persistent": false, "user": null, "language": "en-US"}, {"source": "http://feeds.bbci.co.uk/news/rss.xml", "title": "Steve Diamond: Sale Sharks director of rugby leaves for personal reasons", "description": "Sale director of rugby Steve Diamond leaves the Premiership club for personal reasons after 10 years in charge.", "link": "https://www.bbc.co.uk/sport/rugby-union/55228532", "date_published": "2020-12-08 12:46:18+00:00", "persistent": false, "user": null, "language": "en-US"}, {"source": "http://feeds.bbci.co.uk/news/rss.xml", "title": "Covid: Royal visit during pandemic questioned by minister", "description": "As the royal tour arrives in Wales, a minister says he would \"rather no one was having unnecessary visits\".", "link": "https://www.bbc.co.uk/news/uk-wales-55229410", "date_published": "2020-12-08 12:40:07+00:00", "persistent": false, "user": null, "language": "en-US"}, {"source": "http://feeds.bbci.co.uk/news/rss.xml", "title": "Rob Burrow: Kevin Sinfield marathon fundraiser passes \u00a32m for Motor Neurone Disease research", "description": "Money raised by Leeds Rhinos legend Kevin Sinfield for team-mate Rob Burrow and the Motor Neurone Disease Association passes \u00a32m.", "link": "https://www.bbc.co.uk/sport/rugby-league/55231830", "date_published": "2020-12-08 12:22:35+00:00", "persistent": false, "user": null, "language": "en-US"}, {"source": "http://feeds.bbci.co.uk/news/rss.xml", "title": "Brexit: PM says 'sweet reason' can get UK and EU to trade deal", "description": "Boris Johnson says \"hope springs eternal\" ahead of a meeting with the European Commission president.", "link": "https://www.bbc.co.uk/news/uk-politics-55228490", "date_published": "2020-12-08 12:07:41+00:00", "persistent": false, "user": null, "language": "en-US"}, {"source": "http://feeds.bbci.co.uk/news/rss.xml", "title": "Covid: Christmas comes early as grocery sales 'hit record' in November", "description": "Spending surged last month as eating out was restricted by England's national lockdown, figures suggest.", "link": "https://www.bbc.co.uk/news/business-55227645", "date_published": "2020-12-08 12:04:13+00:00", "persistent": false, "user": null, "language": "en-US"}, {"source": "http://feeds.bbci.co.uk/news/rss.xml", "title": "Isle of Wight beach monolith mystery solved", "description": "Tom Dunford says he put the pillar up for \"fun\" and plans to remove it in a few days.", "link": "https://www.bbc.co.uk/news/uk-england-hampshire-55227034", "date_published": "2020-12-08 11:57:24+00:00", "persistent": false, "user": null, "language": "en-US"}, {"source": "http://feeds.bbci.co.uk/news/rss.xml", "title": "South Africa v England: Tourists' 'unconfirmed' coronavirus cases declared false", "description": "Two members of England's touring party who gave \"unconfirmed positive\" coronavirus tests will return to the UK after testing and analysis shows they are not infected.", "link": "https://www.bbc.co.uk/sport/cricket/55229040", "date_published": "2020-12-08 11:50:16+00:00", "persistent": false, "user": null, "language": "en-US"}, {"source": "http://feeds.bbci.co.uk/news/rss.xml", "title": "Kay Burley: Sky News presenter apologises for Covid breach", "description": "The TV journalist has said sorry for an \"error of judgement\" while celebrating her 60th birthday.", "link": "https://www.bbc.co.uk/news/entertainment-arts-55227470", "date_published": "2020-12-08 11:02:59+00:00", "persistent": false, "user": null, "language": "en-US"}, {"source": "http://feeds.bbci.co.uk/news/rss.xml", "title": "Mt Everest grows by nearly a metre to new height", "description": "For the first time, China and Nepal agree an official height for the world's highest peak.", "link": "https://www.bbc.co.uk/news/world-asia-55218443", "date_published": "2020-12-08 10:11:08+00:00", "persistent": false, "user": null, "language": "en-US"}, {"source": "http://feeds.bbci.co.uk/news/rss.xml", "title": "Earth Photo winners announced", "description": "A project on abandoned spaces reclaimed by nature has won the 2020 Earth Photo competition.", "link": "https://www.bbc.co.uk/news/in-pictures-55222730", "date_published": "2020-12-08 10:09:45+00:00", "persistent": false, "user": null, "language": "en-US"}, {"source": "http://feeds.bbci.co.uk/news/rss.xml", "title": "'Mix-and-match' coronavirus vaccines to be tested", "description": "Trials are being planned in the UK to see if combining Covid vaccines might give the best protection.", "link": "https://www.bbc.co.uk/news/health-55228415", "date_published": "2020-12-08 09:29:27+00:00", "persistent": false, "user": null, "language": "en-US"}, {"source": "http://feeds.bbci.co.uk/news/rss.xml", "title": "Have Scotland's level four restrictions worked?", "description": "As people in Scotland wait to hear what Covid alert level their area will be put in to, we analyse the statistics and ask whether the toughest measures have been working.", "link": "https://www.bbc.co.uk/news/uk-scotland-55213498", "date_published": "2020-12-08 08:54:58+00:00", "persistent": false, "user": null, "language": "en-US"}, {"source": "http://feeds.bbci.co.uk/news/rss.xml", "title": "Under-18s banned from lottery scratchcards in crackdown", "description": "The ban from next October is part of \"a major review\" of laws to protect children and vulnerable people.", "link": "https://www.bbc.co.uk/news/business-55215778", "date_published": "2020-12-08 08:40:59+00:00", "persistent": false, "user": null, "language": "en-US"}, {"source": "http://feeds.bbci.co.uk/news/rss.xml", "title": "Who gets the Pfizer vaccine first and when can I have it?", "description": "A vaccine for Covid-19 has been given emergency approval and is now rolling out.", "link": "https://www.bbc.co.uk/news/explainers-54880084", "date_published": "2020-12-08 08:37:48+00:00", "persistent": false, "user": null, "language": "en-US"}, {"source": "http://feeds.bbci.co.uk/news/rss.xml", "title": "Christchurch massacre: Inquiry finds failures ahead of attack", "description": "But the report reveals there were a series of failures ahead of the 2019 attack in New Zealand.", "link": "https://www.bbc.co.uk/news/world-asia-55211468", "date_published": "2020-12-08 08:24:43+00:00", "persistent": false, "user": null, "language": "en-US"}, {"source": "http://feeds.bbci.co.uk/news/rss.xml", "title": "Barker chasing rainbow jerseys at inaugural Esports Worlds", "description": "Olympic champion Elinor Barker aims for a world title at the inaugural Cycling Esports World Championships.", "link": "https://www.bbc.co.uk/sport/cycling/55220150", "date_published": "2020-12-08 07:56:21+00:00", "persistent": false, "user": null, "language": "en-US"}, {"source": "http://feeds.bbci.co.uk/news/rss.xml", "title": "\u2018I love to do things differently\u2019 \u2013 Leclerc on path to greatness at Ferrari", "description": "In an exclusive interview with BBC Sport, Charles Leclerc says it would be \"incredible\" to become a Ferrari legend.", "link": "https://www.bbc.co.uk/sport/formula1/55210989", "date_published": "2020-12-08 06:56:25+00:00", "persistent": false, "user": null, "language": "en-US"}, {"source": "http://feeds.bbci.co.uk/news/rss.xml", "title": "Madeleine McCann: Public 'would reach same conclusion' on suspect", "description": "Prosecutor says if public \"knew the evidence we had\" they would think Madeleine McCann was killed.", "link": "https://www.bbc.co.uk/news/uk-55224904", "date_published": "2020-12-08 06:16:41+00:00", "persistent": false, "user": null, "language": "en-US"}, {"source": "http://feeds.bbci.co.uk/news/rss.xml", "title": "Advent calendar: Day 8 - Katarina Johnson-Thompson competes in a home heptathlon against her dogs", "description": "Day eight of BBC Sport's 2020 advent calendar sees world champion Katarina Johnson-Thompson competing against her dogs, Bronx and Chorizo, in a home heptathlon.", "link": "https://www.bbc.co.uk/sport/av/athletics/55095653", "date_published": "2020-12-08 06:13:10+00:00", "persistent": false, "user": null, "language": "en-US"}, {"source": "http://feeds.bbci.co.uk/news/rss.xml", "title": "Cold water swim 'obliterated' woman's short-term memory", "description": "Sue Hodge lost seven hours and has no memory of going in the sea or even driving to Newquay.", "link": "https://www.bbc.co.uk/news/uk-england-cornwall-55176602", "date_published": "2020-12-08 01:06:40+00:00", "persistent": false, "user": null, "language": "en-US"}, {"source": "http://feeds.bbci.co.uk/news/rss.xml", "title": "Yorkshire Dales and North York Moors made Dark Sky Reserves", "description": "Planets, shooting stars and the Northern Lights can be seen at night in winter due to good astronomy conditions.", "link": "https://www.bbc.co.uk/news/uk-england-york-north-yorkshire-55218589", "date_published": "2020-12-08 00:53:11+00:00", "persistent": false, "user": null, "language": "en-US"}, {"source": "http://feeds.bbci.co.uk/news/rss.xml", "title": "Grief: Archbishop Welby and Chief Rabbi Mirvis reflect", "description": "The Archbishop of Canterbury Justin Welby, and Chief Rabbi Ephraim Mirvis reflect on their grief.", "link": "https://www.bbc.co.uk/news/uk-55220800", "date_published": "2020-12-08 00:25:33+00:00", "persistent": false, "user": null, "language": "en-US"}, {"source": "http://feeds.bbci.co.uk/news/rss.xml", "title": "So you want a career in computer games tournaments?", "description": "The first e-sports graduates are about to hit the jobs market, so was it worth the time and expense?", "link": "https://www.bbc.co.uk/news/business-54999365", "date_published": "2020-12-08 00:24:07+00:00", "persistent": false, "user": null, "language": "en-US"}, {"source": "http://feeds.bbci.co.uk/news/rss.xml", "title": "'Looking for part-time jobs is soul-destroying'", "description": "Four out of five job vacancies make no mention of flexible working options, research suggests.", "link": "https://www.bbc.co.uk/news/business-55217285", "date_published": "2020-12-08 00:20:17+00:00", "persistent": false, "user": null, "language": "en-US"}, {"source": "http://feeds.bbci.co.uk/news/rss.xml", "title": "Coronavirus in Kenya: The doctor who helped children to smile", "description": "Dr Ashraf Emarah is one of 14 doctors to have died from coronavirus in Kenya, prompting a strike call.", "link": "https://www.bbc.co.uk/news/world-africa-55091580", "date_published": "2020-12-08 00:16:59+00:00", "persistent": false, "user": null, "language": "en-US"}, {"source": "http://feeds.bbci.co.uk/news/rss.xml", "title": "John Lennon: I was there the day he died", "description": "The BBC's Tom Brook is still haunted by being the first British reporter when Lennon was shot.", "link": "https://www.bbc.co.uk/news/entertainment-arts-55214007", "date_published": "2020-12-08 00:15:44+00:00", "persistent": false, "user": null, "language": "en-US"}, {"source": "http://feeds.bbci.co.uk/news/rss.xml", "title": "Coronavirus: Sputnik V vaccine rushed out to wary Russians", "description": "Medics, teachers and social workers get priority for Russia\u2019s Sputnik V vaccine.", "link": "https://www.bbc.co.uk/news/world-europe-55221785", "date_published": "2020-12-08 00:14:38+00:00", "persistent": false, "user": null, "language": "en-US"}, {"source": "http://feeds.bbci.co.uk/news/rss.xml", "title": "Mateusz Kuzimski: The veg packer who became a pro footballer", "description": "Mateusz Kuzimski was working on a line in England - before returning to Poland to chase his dream.", "link": "https://www.bbc.co.uk/news/uk-55146467", "date_published": "2020-12-08 00:13:08+00:00", "persistent": false, "user": null, "language": "en-US"}, {"source": "http://feeds.bbci.co.uk/news/rss.xml", "title": "Kabul University attack: Fears for mental health one month on", "description": "One month after the Kabul University attack, students worry about the impact it's had on their mental health.", "link": "https://www.bbc.co.uk/news/world-asia-55220300", "date_published": "2020-12-08 00:09:02+00:00", "persistent": false, "user": null, "language": "en-US"}, {"source": "http://feeds.bbci.co.uk/news/rss.xml", "title": "Coronavirus: Your vaccine questions answered by an expert", "description": "Dr Penny Ward, a professor of pharmaceutical medicine, answers four questions about the Covid-19 vaccine.", "link": "https://www.bbc.co.uk/news/health-55219657", "date_published": "2020-12-08 00:06:44+00:00", "persistent": false, "user": null, "language": "en-US"}, {"source": "http://feeds.bbci.co.uk/news/rss.xml", "title": "Astronomy: 'Odd radio circles' in the sky a \u2018genuine mystery\u2019", "description": "A new high-powered telescope has discovered inexplicable ghostly circles in the sky.", "link": "https://www.bbc.co.uk/news/55212727", "date_published": "2020-12-08 00:04:46+00:00", "persistent": false, "user": null, "language": "en-US"}, {"source": "http://feeds.bbci.co.uk/news/rss.xml", "title": "'Brother against brother' in Trump country", "description": "What's it like to be a Biden voter in a Trump heartland where many believe the election was rigged?", "link": "https://www.bbc.co.uk/news/world-us-canada-55193790", "date_published": "2020-12-08 00:04:01+00:00", "persistent": false, "user": null, "language": "en-US"}]