[{"source": "https://www.youtube.com/feeds/videos.xml?channel_id=UCbu2SsF-Or3Rsn3NxqODImw", "title": "Cyberpunk 2077 Review", "description": "CD Projekt Red's open-world RPG Cyberpunk 2077 is available on PS4, PS5, Xbox One, Xbox Series X/S, PC, and Stadia now. You can read the full written Cyberpunk 2077  review by Kallie Plagge on GameSpot: https://www.gamespot.com/reviews/cyberpunk-2077-review/1900-6417622/", "link": "https://www.youtube.com/watch?v=cxkBI2B2LnU", "date_published": "2020-12-09 00:00:00+00:00", "persistent": false, "user": null, "language": "en-US"}, {"source": "https://www.youtube.com/feeds/videos.xml?channel_id=UCbu2SsF-Or3Rsn3NxqODImw", "title": "Cyberpunk 2077: All 3 Lifepaths Gameplay", "description": "Cyberpunk 2077 offers you a plethora of gameplay options to let you tackle Night City however you choose. And when it comes to making a huge decision, where better to start than with the backstory of your character, V?\u00a0\n\nIn the above video, we show the full intro of each lifepath. We start out with the Nomad lifepath, roaming the Badlands before making our way to Night City. Then, we show the intro for the Corpo lifepath, which puts you right in the heart of megacorporation Arasaka. Finally, we take a look at the Streetkid lifepath, with a V that has spent their entire life in Night City.\u00a0\n\nCyberpunk 2077 launches on PS4, PS5, Xbox One, Xbox Series X/S, PC, and Stadia on December 10, you can read GameSpot's review of CD Projekt Red's latest here.", "link": "https://www.youtube.com/watch?v=9_Hovc4ziew", "date_published": "2020-12-09 00:00:00+00:00", "persistent": false, "user": null, "language": "en-US"}, {"source": "https://www.youtube.com/feeds/videos.xml?channel_id=UCbu2SsF-Or3Rsn3NxqODImw", "title": "Cyberpunk 2077: Things I Wish I Knew Before Playing", "description": "Cyberpunk 2077 is a huge game, with a whole lot of freedom to approach it however you want. Here are some tips to help you get the most out of your time in Night City.\n\nCyberpunk 2077 is a huge game that offers players a lot of freedom in how they choose to build their character and approach each encounter. With that in mind, it's easy to feel lost and a little overwhelmed. Don't worry though, we're here to help with nine early-game tips that will get you off on the right foot as you begin to explore Night City.\n\nIn the above video, we go through some essential tips to help you succeed in Cyberpunk 2077, from differentiating between skill points and attributes, to figuring out which side quests are worth your time. There's also the question of what to do with your old weapons.,\u00a0 If you're using a Netrunner build, we also offer some tips to make you the most effective hacker in town.\u00a0\nCyberpunk 2077 launches on PS4, PS5, Xbox One, Xbox Series X/S, PC, and Stadia on December 10, and you can read GameSpot's review of CD Projekt Red's latest here. For more Cyberpunk 2077 tips, make sure to subscribe to youtube.com/gamespot.", "link": "https://www.youtube.com/watch?v=-h4d62ZzdpM", "date_published": "2020-12-09 00:00:00+00:00", "persistent": false, "user": null, "language": "en-US"}, {"source": "https://www.youtube.com/feeds/videos.xml?channel_id=UCbu2SsF-Or3Rsn3NxqODImw", "title": "How to Make Money in Cyberpunk 2077", "description": "If you plan on surviving Night City, you\u2019ll need a lot of cash. Here are some tips on how to make a living in CD Projekt Red\u2019s open-world RPG.\n\nEverything has a price, and that's especially true in Cyberpunk 2077's dystopian future. If you want to kit out your V with the latest cybernetics, fastest cars, and most stylish outfits, you'll need to have a lot of money, or in Cyberpunk's world, eddies, on hand.\n\nIn this video, we give you some top tips to help top up your cash flow, from looting and selling off junk items and some useful perks to unlock, to making sure you're hacking everything in sight. We also point out specific missions you should keep an eye out for that offer big rewards upon completion. Don't worry, we won't spoil anything.\u00a0\n\nCyberpunk 2077 launches on PS4, PS5, Xbox One, Xbox Series X/S, PC, and Stadia on December 10, and you can read GameSpot's review of CD Projekt Red's latest here. For more Cyberpunk 2077 tips, make sure to subscribe to youtube.com/gamespot.", "link": "https://www.youtube.com/watch?v=QfHUebOwlfE", "date_published": "2020-12-09 00:00:00+00:00", "persistent": false, "user": null, "language": "en-US"}, {"source": "https://www.youtube.com/feeds/videos.xml?channel_id=UCbu2SsF-Or3Rsn3NxqODImw", "title": "Spoiler-Free Late Game Cyberpunk 2077 Gameplay", "description": "Check out some spoiler-free side quest Cyberpunk 2077 gameplay, featuring a level 30 V. Captured on PC.\u00a0\n\nWe've seen extensive footage from Cyberpunk 2077's early game, including its in-depth character creator, and the various lifepaths that you can choose for your character. While we've seen V's humble beginnings, what about an upgraded, late game V?\u00a0\n\nIn the video above, we show gameplay from three different side quests, which we tackled with a level 30 character, showing off some late game abilities, and iconic weapons (yes, we have the Mantis Blades). Don't worry, there are no main story spoilers.\u00a0\n\nIn the first mission, Old Friends, V must infiltrate Karubo's Bar. Utilizing quickhacks and abilities like Synapse Burnout, we mess with the environment and hack enemies to clear the bar, before swapping to Mantis Blades to mop up remaining enemies. In the second mission, Jeopardy, we use stealth to infiltrate the morgue of a funeral home to steal a shard from a courier's corpse. In the third and final mission, we clear out a gang hideout, all guns blazing.\u00a0\n\nYou can read GameSpot's review of Cyberpunk 2077 here. The game launches on PS4, PS5, Xbox One, Xbox Series X/S, PC, and Stadia on December 10. For more Cyberpunk 2077 tips, make sure to subscribe to youtube.com/gamespot.", "link": "https://www.youtube.com/watch?v=W1Ae0r1qaPY", "date_published": "2020-12-09 00:00:00+00:00", "persistent": false, "user": null, "language": "en-US"}, {"source": "https://www.youtube.com/feeds/videos.xml?channel_id=UCbu2SsF-Or3Rsn3NxqODImw", "title": "Cyberpunk 2077 \u2014 Official \"V\" Launch Trailer", "description": "Would you rather live in peace as Mr. Nobody... or go down for all times in a blaze of glory?", "link": "https://www.youtube.com/watch?v=KEJ6-mGnvUM", "date_published": "2020-12-08 00:00:00+00:00", "persistent": false, "user": null, "language": "en-US"}, {"source": "https://www.youtube.com/feeds/videos.xml?channel_id=UCbu2SsF-Or3Rsn3NxqODImw", "title": "HITMAN 3 - \"Introducing Hitman\" Gameplay Trailer", "description": "The World of Assassination is on the brink... Prepare to master the art of assassination with new gameplay features and items in HITMAN 3.", "link": "https://www.youtube.com/watch?v=QQARgrgaLhM", "date_published": "2020-12-08 00:00:00+00:00", "persistent": false, "user": null, "language": "en-US"}]