[{"source": "https://www.youtube.com/feeds/videos.xml?channel_id=UC3I2GFN_F8WudD_2jUZbojA", "title": "Jupiter & Okwess - Performance & Interview (And To All A Good Home)", "description": "KEXP + Starbucks present And To All A Good Home, a benefit series supporting Mary\u2019s Place and the No Child Sleeps Outside campaign, featuring Jupiter & Okwess.\n\nSongs:\nBakunda Ulu\nOfakombolo\nMusonsu\nEkombe\nNa Kozonga (Nighttrain cover)\n\nMary\u2019s Place provides safe, inclusive shelter and services that support women, children and families on their journey out of homelessness. Particularly during this pandemic, the safest place for a family to be is in their own home. Whether in shelter or a car or a tent, Mary\u2019s Place priority is to help families find housing as quickly as possible, and to stay housed through these challenging economic times.\n\nDonate through this video where 100% of your donations go directly to families in need.\n\nhttps://www.jupiterandokwess.com\nhttp://nochildsleepsoutside.org\nhttp://www.marysplaceseattle.org\nhttp://www.kexp.org", "link": "https://www.youtube.com/watch?v=CMQnp6CfHFc", "date_published": "2020-12-09 00:00:00+00:00", "persistent": false, "user": null, "language": "en-US"}, {"source": "https://www.youtube.com/feeds/videos.xml?channel_id=UC3I2GFN_F8WudD_2jUZbojA", "title": "Bartees Strange - Performance & Interview (And To All A Good Home)", "description": "KEXP + Starbucks present And To All A Good Home, a benefit series supporting Mary\u2019s Place and the No Child Sleeps Outside campaign, featuring Bartees Strange.\n\nSongs:\nMustang\nBoomer\nIn A Cab\nFar\nStone Meadows\n\nMixed by Nick Rapley\nEngineered by John Brooks\nShot by Britain Weyant at 38 North Studios\n\nMary\u2019s Place provides safe, inclusive shelter and services that support women, children and families on their journey out of homelessness. Particularly during this pandemic, the safest place for a family to be is in their own home. Whether in shelter or a car or a tent, Mary\u2019s Place priority is to help families find housing as quickly as possible, and to stay housed through these challenging economic times.\n\nDonate through this video where 100% of your donations go directly to families in need.\n\nhttps://barteesstrange.bandcamp.com\nhttp://nochildsleepsoutside.org\nhttp://www.marysplaceseattle.org\nhttp://www.kexp.org", "link": "https://www.youtube.com/watch?v=cZYRt1IrO14", "date_published": "2020-12-08 00:00:00+00:00", "persistent": false, "user": null, "language": "en-US"}]