[{"source": "https://www.youtube.com/feeds/videos.xml?channel_id=UC2eYFnH61tmytImy1mTYvhA", "title": "I love classic ThinkPad Keyboards so much, I got another one! (Lenovo ThinkPad Travel Keyboard)", "description": "#soyface #consoomproduct\n\nI was gifted a Lenovo ThinkPad travel keyboard which I've been enjoying a lot. Although they're somewhat harder to find nowadays, the build is of that classic ThinkPad caliber and it is extremely light and usable. With the TrackPoint, I can use this thing at the very long length of its cord and still have a keyboard and mouse.\n\nIt works out of the box on Linux, but the main issues were the lack of a Windows key (which is easily remapped in my case), but there were also some minor key roll-over problems. Altogether I still like it enough that I might just starting using it as a real-life regular keyboard on my desk.\n\nMy website: https://lukesmith.xyz\nPlease donate: https://lukesmith.xyz/donate\n\nOR affiliate links to things l use:\nhttps://www.epik.com/?affid=we2ro7sa6 Get a cheap and reliable domain name with Epik.\nhttps://www.vultr.com/?ref=8384069-6G Get a VPS and host a website or server for anything else.\nhttps://brave.com/luk005 Get the Brave browser.\nhttps://lbry.tv/$/invite/@Luke View my videos on LBRY. Get a bonus for joining.\nhttps://www.coinbase.com/join/smith_5to1 Get crypto-rich on Coinbase. We both get $10 in Bitcoin when you buy or sell $100 in cryptocurrencies.", "link": "https://www.youtube.com/watch?v=vhAJKW_bhH4", "date_published": "2020-12-08 00:00:00+00:00", "persistent": false, "user": null, "language": "en-US"}]