[{"source": "https://www.youtube.com/feeds/videos.xml?channel_id=UCNvzD7Z-g64bPXxGzaQaa4g", "title": "Last of Us Part 2 - 10 Things You NEED TO KNOW", "description": "The Last of Us Part II (PS4) is almost here. Here's everything you need to know to be caught up. SPOILER FREE\nSubscribe for more: https://www.youtube.com/gameranxTV?sub_confirmation=1", "link": "https://www.youtube.com/watch?v=6xdfNvp8CjY", "date_published": "2020-06-07 00:00:00+00:00", "persistent": false, "user": null, "language": "en-US"}, {"source": "https://www.youtube.com/feeds/videos.xml?channel_id=UCNvzD7Z-g64bPXxGzaQaa4g", "title": "5 GTA V Graphics Mod That Will Compete With GTA 6 [4K Video]", "description": "Grand Theft Auto 5 graphics mods have gotten to an insane level - these examples might even give the inevitable release of GTA 6 a run for its money.\nSubscribe for more: https://www.youtube.com/gameranxTV?sub_confirmation=1\n\nGTA REALISM - https://www.gta5-mods.com/misc/gta-realism\nVisual V - https://www.gta5-mods.com/misc/visualv\n2k Water Mod - https://www.gta5-mods.com/misc/2k-water\nGTA REDUX - https://gta5redux.com/features/\nNatural Vision Evolved Mod - https://www.patreon.com/razedmods", "link": "https://www.youtube.com/watch?v=DMHrBJeycHc", "date_published": "2020-06-06 00:00:00+00:00", "persistent": false, "user": null, "language": "en-US"}]