[{"source": "https://www.youtube.com/feeds/videos.xml?channel_id=UCZYTClx2T1of7BRZ86-8fow", "title": "How to Eat When You Don't Have a Mouth: Lessons From 5 Animals", "description": "Not all animals have a mouth, or even need one to eat! These different feeding strategies can teach us a lot about our ancestors and how they went from not needing a mouth at all to only eating with one.\n\nHosted by: Hank Green\n\nSciShow has a spinoff podcast! It's called SciShow Tangents. Check it out at http://www.scishowtangents.org\n----------\nSupport SciShow by becoming a patron on Patreon: https://www.patreon.com/scishow\n----------\nHuge thanks go to the following Patreon supporters for helping us keep SciShow free for everyone forever:\n\nKevin Bealer, Jacob, Katie Marie Magnone, D.A. Noe, Charles Southerland, Eric Jensen, Christopher R Boucher, Alex Hackman, Matt Curls, Adam Brainard, Jeffrey McKishen, Scott Satovsky Jr, Sam Buck, Ron Kakar, Chris Peters, Kevin Carpentier, Patrick D. Ashmore, Piya Shedden, Sam Lutfi, Charles George, Christoph Schwanke, Greg\n\n----------\nLooking for SciShow elsewhere on the internet?\nFacebook: http://www.facebook.com/scishow\nTwitter: http://www.twitter.com/scishow\nTumblr: http://scishow.tumblr.com\nInstagram: http://instagram.com/thescishow\n----------\nSources:\n\nTrichoplax adhaerens\nhttps://doi.org/10.1093/icb/icm015\nhttps://doi.org/10.1371/journal.pone.0136098\nhttps://doi.org/10.1038/nature07191\nhttps://doi.org/10.1016/j.cub.2014.05.046 \nBryozoans\nhttps://doi.org/10.1007/s12526-019-00948-w\nhttps://animaldiversity.org/accounts/Bryozoa/\nhttps://doi.org/10.1666/13-029\nhttps://doi.org/10.1111/pala.12189\nHydra vulgaris\nhttps://doi.org/10.1016/j.bpj.2016.01.008\nhttps://doi.org/10.1002/bies.200800183 \nParacatenula\nhttps://doi.org/10.1371/journal.pone.0034709\nhttps://doi.org/10.1073/pnas.1105347108\nhttps://doi.org/10.1073/pnas.1818995116\nHagfish\nhttps://doi.org/10.1098/rspb.2010.2784\nhttps://doi.org/10.1038/srep00131\nhttps://animaldiversity.org/accounts/Eptatretus_stoutii/ \n\nImages:\n\nhttps://commons.wikimedia.org/wiki/File:Trichoplax_adhaerens_photograph.png\nhttps://commons.wikimedia.org/wiki/File:Trichoplax.jpg\nhttps://commons.wikimedia.org/wiki/File:Trichoplax_revised_anatomy.png\nhttps://commons.wikimedia.org/wiki/File:Plumatella_repens_from_Haeckel_Bryozoa_drawing_Commons.jpg\nhttps://commons.wikimedia.org/wiki/File:Freshwater_Bryozoan234.JPG\nhttps://en.wikipedia.org/wiki/File:Polyps_of_Cnidaria_colony.jpg\nhttps://oceanservice.noaa.gov/education/tutorial_corals/coral01_intro.html\nhttps://www.inaturalist.org/observations/28006959\nhttps://www.inaturalist.org/observations/33610065\nhttps://www.eurekalert.org/multimedia/pub/110296.php?from=320887\nhttps://www.eurekalert.org/pub_releases/2016-03/cp-itm030216.php\nhttps://commons.wikimedia.org/wiki/File:FMIB_50097_Hydra_vulgaris.jpeg\nhttps://www.eurekalert.org/multimedia/pub/197645.php?from=426129\nhttps://vimeo.com/290672261\nhttps://www.flickr.com/photos/dirtsailor2003/5562913211\nhttps://en.wikipedia.org/wiki/File:Eptatretus_stoutii_1.jpg", "link": "https://www.youtube.com/watch?v=W2NkHmNGwlo", "date_published": "2020-06-07 00:00:00+00:00", "persistent": false, "user": null, "language": "en-US"}, {"source": "https://www.youtube.com/feeds/videos.xml?channel_id=UCZYTClx2T1of7BRZ86-8fow", "title": "Raccoons Don\u2019t Really Wash Their Food", "description": "Raccoons are famous for \"washing\" their food, but this behavior, called dousing, isn't really about cleanliness.\n\nGo to http://Brilliant.org/SciShow to try out Brilliant\u2019s Daily Challenges. The first 200 subscribers get 20% off an annual Premium subscription.\n\nHosted by: Olivia Gordon\n\nSciShow has a spinoff podcast! It's called SciShow Tangents. Check it out at http://www.scishowtangents.org\n----------\nSupport SciShow by becoming a patron on Patreon: https://www.patreon.com/scishow\n----------\nHuge thanks go to the following Patreon supporters for helping us keep SciShow free for everyone forever:\n\nKevin Bealer, Jacob, Katie Marie Magnone, D.A. Noe, Charles Southerland, Eric Jensen, Christopher R Boucher, Alex Hackman, Matt Curls, Adam Brainard, Jeffrey McKishen, Scott Satovsky Jr, Sam Buck, Ron Kakar, Chris Peters, Kevin Carpentier, Patrick D. Ashmore, Piya Shedden, Sam Lutfi, Charles George, Christoph Schwanke, Greg\n\n----------\nLooking for SciShow elsewhere on the internet?\nFacebook: http://www.facebook.com/scishow\nTwitter: http://www.twitter.com/scishow\nTumblr: http://scishow.tumblr.com\nInstagram: http://instagram.com/thescishow\n----------\nSources:\nhttps://www.researchgate.net/publication/230159544_A_critical_re-examination_of_food_washing_behaviour_in_the_raccoon_Procyon_lotor_Linn\nhttps://www.dwds.de/wb/Waschb%C3%A4r\nhttps://www.sciencedirect.com/science/article/abs/pii/S1094919409000036\nhttps://www.tandfonline.com/doi/abs/10.3109/07367228609144598 \nhttps://books.google.com/books/about/Raccoons.html?id=vnhVibvnzvIC\n\nImage Sources:\nhttps://commons.wikimedia.org/wiki/File:Procyon_lotor_7_-_am_Wasser.jpg\nhttps://commons.wikimedia.org/wiki/File:California_Raccoon.jpg\nhttps://commons.wikimedia.org/wiki/File:Mm_Hand.jpg\nhttps://commons.wikimedia.org/wiki/File:Raccoon_in_bayou.jpg", "link": "https://www.youtube.com/watch?v=bK6Oq8HMQvY", "date_published": "2020-06-06 00:00:00+00:00", "persistent": false, "user": null, "language": "en-US"}]