[{"source": "https://www.youtube.com/feeds/videos.xml?channel_id=UCC552Sd-3nyi_tk2BudLUzA", "title": "The Truth About 5G ft. MKBHD", "description": "Is 5G Dangerous? Marques Brownlee helps us explain what is 5G, the health impacts on your body, whether it can make you sick, and some other claims being made!\nConspiracy Theories (5G, Coronavirus, Plandemic) https://youtu.be/u2NeoJHP6F0\nJOIN OUR NEW EMAIL LIST: https://mailchi.mp/072240d817d6/asapscience\n\nCheck out MKBHD's Channel: https://www.youtube.com/user/marquesbrownlee\n\nWhy Conspiracy Theories Work: https://youtu.be/tfVgHRPC7Ao\n\nICNIRP 2020 Guidelines: https://www.icnirp.org/cms/upload/publications/ICNIRPrfgdl2020.pdf\n\nSubscribe for more asapscience, and hit that bell :)\nCreated by: Mitchell Moffit and Gregory Brown\n\nFOLLOW US!\nMitch\nInstagram: https://instagram.com/mitchellmoffit\nTwitter: https://twitter.com/mitchellmoffit \n\nGreg\nInstagram: https://instagram.com/whalewatchmeplz \nTwitter: https://twitter.com/whalewatchmeplz \n\nAsapSCIENCE\nInstagram: https://instagram.com/asapscience \nFacebook: https://facebook.com/asapscience \nTwitter: https://twitter.com/asapscience\nTikTok: @AsapSCIENCE \n\n\n\nMORE INFO/SOURCES:\nhttps://www.icnirp.org/en/applications/mobile-phones/index.html\nhttps://ec.europa.eu/health/scientific_committees/opinions_layman/en/electromagnetic-fields/l-2/7-power-lines-elf.htm\nhttps://www.icnirp.org/cms/upload/publications/ICNIRPSCIreview2011.pdf\nhttps://ec.europa.eu/health/scientific_committees/opinions_layman/en/electromagnetic-fields/l-2/7-power-lines-elf.htm\nhttps://allianceforscience.cornell.edu/blog/2020/04/5g-whats-behind-the-latest-covid-conspiracy-theory/\nhttps://www.cancer.org/cancer/cancer-causes/radiation-exposure/radiofrequency-radiation.html\nhttp://www.columbia.edu/~vjd1/electromag_spectrum.htm\nhttps://imagine.gsfc.nasa.gov/science/toolbox/emspectrum1.html\nhttps://www.miniphysics.com/electromagnetic-spectrum_25.html\nhttps://slate.com/technology/2020/04/coronavirus-covid19-5g-conspiracy-theory.html\nhttps://www.nature.com/articles/nature13290\nhttps://www.icnirp.org/en/applications/power-lines/power-lines.html\nhttps://www.theguardian.com/technology/2020/mar/12/5g-safe-radiation-watchdog-health\nhttps://blogs.scientificamerican.com/observations/we-have-no-reason-to-believe-5g-is-safe/\nhttps://blogs.scientificamerican.com/observations/dont-fall-prey-to-scaremongering-about-5g/\nhttps://www.cancer.org/cancer/cancer-causes/radiation-exposure/radiofrequency-radiation.html\nhttps://www.bbc.com/news/uk-england-52164358\nhttps://www.ncbi.nlm.nih.gov/pmc/articles/PMC6765906/\nhttps://www.ncbi.nlm.nih.gov/pmc/articles/PMC6820018/\nhttps://www.ncbi.nlm.nih.gov/pubmed/29402696", "link": "https://www.youtube.com/watch?v=cw0A9FUTEKE", "date_published": "2020-05-13 00:00:00+00:00", "persistent": false, "user": null, "language": "en-US"}]