[{"source": "https://www.youtube.com/feeds/videos.xml?channel_id=UCNvzD7Z-g64bPXxGzaQaa4g", "title": "PS5 Graphics Demo in Unreal Engine 5: What's NEW? [4K Video]", "description": "Unreal Engine V has been announced, giving us tons of details on the next generation of video game graphics for PS5, Xbox Series X, and PC.\nSubscribe for more: https://www.youtube.com/gameranxTV?sub_confirmation=1", "link": "https://www.youtube.com/watch?v=yukGwQyejDA", "date_published": "2020-05-13 00:00:00+00:00", "persistent": false, "user": null, "language": "en-US"}, {"source": "https://www.youtube.com/feeds/videos.xml?channel_id=UCNvzD7Z-g64bPXxGzaQaa4g", "title": "10 Things NPCs Do That REALLY ANNOY US", "description": "NPCs also known as \"non-player characters\"...can sometimes really get on your nerves.\nSubscribe for more: https://www.youtube.com/gameranxTV?sub_confirmation=1", "link": "https://www.youtube.com/watch?v=Wlby0cbFlDM", "date_published": "2020-05-12 00:00:00+00:00", "persistent": false, "user": null, "language": "en-US"}]