[{"source": "https://hnrss.org/frontpage", "title": "A one-to-one call with his majesty (1999)", "description": "<p>Article URL: <a href=\"https://www.theguardian.com/theguardian/1999/feb/11/features11.g22\">https://www.theguardian.com/theguardian/1999/feb/11/features11.g22</a></p>\n<p>Comments URL: <a href=\"https://news.ycombinator.com/item?id=23161607\">https://news.ycombinator.com/item?id=23161607</a></p>\n<p>Points: 10</p>\n<p># Comments: 0</p>", "link": "https://www.theguardian.com/theguardian/1999/feb/11/features11.g22", "date_published": "2020-05-12 23:53:33+00:00", "persistent": false, "user": null, "language": "en-US"}]