[{"source": "https://www.youtube.com/feeds/videos.xml?channel_id=UCFQMnBA3CS502aghlcr0_aw", "title": "Health scams be like....", "description": "\"mind controlling micro bugs are causing your farts not to work because the FBI won't let you buy our $49.95 probiotic.\"\n\n*i'm sorry in advance for this one.*", "link": "https://www.youtube.com/watch?v=VZM_7QVPrNI", "date_published": "2020-02-18 00:00:00+00:00", "persistent": false, "user": null, "language": "en-US"}, {"source": "https://www.youtube.com/feeds/videos.xml?channel_id=UCFQMnBA3CS502aghlcr0_aw", "title": "I was HOMELESS for 2 hours...", "description": "hoomanTV taught me being homeless pays off. So I tried it and discovered a fictional backstory is far more interesting than a real one.", "link": "https://www.youtube.com/watch?v=drsnMed40nw", "date_published": "2020-02-18 00:00:00+00:00", "persistent": false, "user": null, "language": "en-US"}]