[{"source": "https://www.youtube.com/feeds/videos.xml?channel_id=UCW0gH2G-cMKAEjEkI4YhnPA", "title": "Elrond & Elros in the First Age | Tolkien Explained", "description": "Twin brothers Elrond and Elros, born in the late first age, grew up during a tumultuous time in Middle-earth.  Check out this recap of their time in the first age before next week's episode where we will look at Elrond's life and childhood during the first age.\n\nHit subscribe - and the bell - so you never miss a video from Nerd of the Rings!\n\n--------------\nAll content falls under fair use: any copying of copyrighted material done for a limited and \u201ctransformative\u201d purpose, such as to comment upon, criticize, or parody a copyrighted work. Such uses can be done without permission from the copyright owner.\n\nIf your artwork is used and not credited, please let me know and I will make sure it gets added!\nCaranthir - dalomacchi\nCelegorm - kaprriss\nUlmo and Tuor - Daniel Pilla\nEarendil and Elwing - steamey\nElwing - ekukanova\nAmrod and Amras - Jenny Dolfen\nEarendil the Mariner - Jenny Dolfen\nMaglor - kaprriss\nEarendil the Mariner - Ted Nasmith\nMaglor's Fostering - Turner Mohan\nLittle Half-Elf - Tuuliky\n\n#lordoftherings #silmarillion #tolkien", "link": "https://www.youtube.com/watch?v=9lPIRf0Nsn4", "date_published": "2020-02-18 00:00:00+00:00", "persistent": false, "user": null, "language": "en-US"}]