[{"source": "https://www.youtube.com/feeds/videos.xml?channel_id=UCbu2SsF-Or3Rsn3NxqODImw", "title": "8 Minutes of Remnant From The Ashes Subject 2923 DLC Gameplay", "description": "8 minutes of gameplay from the latest Remnant From The Ashes DLC, Subject 2923.", "link": "https://www.youtube.com/watch?v=crkDd8_WXOg", "date_published": "2020-06-13 00:00:00+00:00", "persistent": false, "user": null, "language": "en-US"}, {"source": "https://www.youtube.com/feeds/videos.xml?channel_id=UCbu2SsF-Or3Rsn3NxqODImw", "title": "Baldur's Gate 3 - FULL Presentation | Guerrilla Collective Showcase", "description": "Check out the presentation of Baldur's Gate 3 from Larian Studios from the Guerilla Collective showcase.", "link": "https://www.youtube.com/watch?v=K1EokJQ_HpI", "date_published": "2020-06-13 00:00:00+00:00", "persistent": false, "user": null, "language": "en-US"}, {"source": "https://www.youtube.com/feeds/videos.xml?channel_id=UCbu2SsF-Or3Rsn3NxqODImw", "title": "Baldur's Gate 3 - Official 4K Early Access Release Announcement Trailer", "description": "Get ready to venture forth. Baldur's Gate 3 is planned for an August 2020 Early Access launch on Steam and Stadia.", "link": "https://www.youtube.com/watch?v=o5xpbAsly48", "date_published": "2020-06-13 00:00:00+00:00", "persistent": false, "user": null, "language": "en-US"}, {"source": "https://www.youtube.com/feeds/videos.xml?channel_id=UCbu2SsF-Or3Rsn3NxqODImw", "title": "Baldur's Gate 3 - Official Early Access Release Announcement Trailer", "description": "Get ready to venture forth. Baldur's Gate 3 is planned for an August 2020 Early Access launch on Steam and Stadia.", "link": "https://www.youtube.com/watch?v=GoseNpTqgxw", "date_published": "2020-06-13 00:00:00+00:00", "persistent": false, "user": null, "language": "en-US"}, {"source": "https://www.youtube.com/feeds/videos.xml?channel_id=UCbu2SsF-Or3Rsn3NxqODImw", "title": "Crusader Kings III - FULL Gameplay Presentation- Paradox Interactive | Guerilla Collective Showcase", "description": "Checkout Paradox Interactive gameplay demo of Crusader Kings III.", "link": "https://www.youtube.com/watch?v=lNgd4tsL3gk", "date_published": "2020-06-13 00:00:00+00:00", "persistent": false, "user": null, "language": "en-US"}, {"source": "https://www.youtube.com/feeds/videos.xml?channel_id=UCbu2SsF-Or3Rsn3NxqODImw", "title": "Disco Elysium - Official Epic Games Store Announcement Trailer", "description": "Guerilla Collective's Live Showcase Event reveals this new trailer of Disco Elysium!", "link": "https://www.youtube.com/watch?v=wFfMOdmYYaw", "date_published": "2020-06-13 00:00:00+00:00", "persistent": false, "user": null, "language": "en-US"}, {"source": "https://www.youtube.com/feeds/videos.xml?channel_id=UCbu2SsF-Or3Rsn3NxqODImw", "title": "EVERSPACE 2 - Official 4K Gameplay Trailer 'Alpha Planetary Combat'", "description": "For the first time in EVERSPACE history, daring pilots will be to travel from deep space to deep underground and everything in between in the new EVERSPACE\u2122 2 Closed Alpha. Containing new ships, equipment, characters, missions, and planetary locations, the Closed Alpha shows off more than 10 hours of never seen before content. Crowdfunding has officially ended a while ago, but if you shoot us an email to Info@rockfishgames.com, we\u2019ll see what we can do for you. Deadline for any latecomers ends on Monday, June 15, at 8:00pm CEST / 2:00 pm EDT / 11:00 am PST \ud83d\ude80\ud83d\ude03", "link": "https://www.youtube.com/watch?v=yvGJQcD8i-U", "date_published": "2020-06-13 00:00:00+00:00", "persistent": false, "user": null, "language": "en-US"}, {"source": "https://www.youtube.com/feeds/videos.xml?channel_id=UCbu2SsF-Or3Rsn3NxqODImw", "title": "Every PS5 Game Confirmed So Far", "description": "Sony has just announced a slew of games coming to the platform at its Future of Gaming PS5 reveal event. Here is every game that we know of so far that will arrive on the next-gen platform.", "link": "https://www.youtube.com/watch?v=2L9Mijm-aNY", "date_published": "2020-06-13 00:00:00+00:00", "persistent": false, "user": null, "language": "en-US"}, {"source": "https://www.youtube.com/feeds/videos.xml?channel_id=UCbu2SsF-Or3Rsn3NxqODImw", "title": "FULL Vampire: The Masquerade Bloodlines 2 Presentation | Paradox Interactive Showcase", "description": "Check out the full Vampire The Masquerade Bloodlines 2 presentation from the Paradox Interactive Showcase including the reveal of Damsel reveal trailer.", "link": "https://www.youtube.com/watch?v=OUhkcH7wPzc", "date_published": "2020-06-13 00:00:00+00:00", "persistent": false, "user": null, "language": "en-US"}, {"source": "https://www.youtube.com/feeds/videos.xml?channel_id=UCbu2SsF-Or3Rsn3NxqODImw", "title": "GHOSTRUNNER | Official 4K Gameplay Trailer", "description": "Check out the 4K gameplay trailer for Ghostrunner, a futuristic first person shooter platformer from All in! Games!\n\n\nBecome a cyber-warrior and experience fierce, dynamic combat both in the physical world and in cyberspace. Watch the brand new gameplay trailer now!", "link": "https://www.youtube.com/watch?v=P5JBZhnGLvY", "date_published": "2020-06-13 00:00:00+00:00", "persistent": false, "user": null, "language": "en-US"}, {"source": "https://www.youtube.com/feeds/videos.xml?channel_id=UCbu2SsF-Or3Rsn3NxqODImw", "title": "Guerrilla Collective Live Showcase Day 1", "description": "Tune in for the first day of the Guerrilla Collective\u2019s showcase, where we\u2019re expecting to see reveals from a variety of developers and publishers.", "link": "https://www.youtube.com/watch?v=skAdqTpRMLw", "date_published": "2020-06-13 00:00:00+00:00", "persistent": false, "user": null, "language": "en-US"}, {"source": "https://www.youtube.com/feeds/videos.xml?channel_id=UCbu2SsF-Or3Rsn3NxqODImw", "title": "Just Die Already - Official Naked Teaser Trailer", "description": "Just Die Already is an old people mayhem sandbox game created by the designers of Goat Simulator. You are old and angry and you've just been kicked out of your retirement home. How will you survive in a world that wants you to Just Die Already?", "link": "https://www.youtube.com/watch?v=55-suaUixy0", "date_published": "2020-06-13 00:00:00+00:00", "persistent": false, "user": null, "language": "en-US"}, {"source": "https://www.youtube.com/feeds/videos.xml?channel_id=UCbu2SsF-Or3Rsn3NxqODImw", "title": "Mafia: Definitive Edition - 'New Beginnings' | Official 4K Narrative Trailer #1", "description": "Check out the first narrative trailer for Mafia: Definitive edition.", "link": "https://www.youtube.com/watch?v=Yqd88LKnZEA", "date_published": "2020-06-13 00:00:00+00:00", "persistent": false, "user": null, "language": "en-US"}, {"source": "https://www.youtube.com/feeds/videos.xml?channel_id=UCbu2SsF-Or3Rsn3NxqODImw", "title": "More Story And Gameplay Details For Resident Evil 8: Village", "description": "Resident Evil 8 was announced at Sony\u2019s PS5 reveal event with the official title of Resident Evil: Village. The trailer shows off a lot, including the return of RE7 protagonist Ethan Winters. The titular village the game is set in is also showcased along with what appears to be a werewolf. Thanks to a PlayStation Blog post and a video message from the game\u2019s developers, we know now even more details about Resident Evil: Village.\n\nIn this video we breakdown what we know so far about the game's plot, including how it ties into Resident Evil 7, and what the deal is with Chris Redfield. We also talk about a few gameplay details, and get a first look at the game\u2019s inventory system, which gives off strong Resident Evil 4 vibes. There\u2019s also a mysterious image that the developers say holds a ton of secrets about the game.\n\nResident Evil: Village is set to come out in 2021 for PS5 and Xbox Series X as well as PC. Capcom promises more details on Village at the end of the summer, so stay tuned to GameSpot for all things Resident Evil.", "link": "https://www.youtube.com/watch?v=jYJ17GQ9ewQ", "date_published": "2020-06-13 00:00:00+00:00", "persistent": false, "user": null, "language": "en-US"}, {"source": "https://www.youtube.com/feeds/videos.xml?channel_id=UCbu2SsF-Or3Rsn3NxqODImw", "title": "Mortal Shell - Official Gameplay Trailer", "description": "Closed Beta begins July 3  --  MortalShell.com\n\nWorld-first gameplay footage of one of Mortal Shell\u2019s playable shells.\n\nFour Shells, four styles. Possess Tiel and outmaneuver. \n\nMortal Shell is a deep action-RPG that tests your sanity and resilience in a shattered world. \n\nComing to PC, PS4, and Xbox One later this year.", "link": "https://www.youtube.com/watch?v=p6YctNBsbdQ", "date_published": "2020-06-13 00:00:00+00:00", "persistent": false, "user": null, "language": "en-US"}, {"source": "https://www.youtube.com/feeds/videos.xml?channel_id=UCbu2SsF-Or3Rsn3NxqODImw", "title": "Persona 4 Golden - Official Steam Launch Trailer", "description": "Persona 4 Golden releases a brand new announcement trailer!", "link": "https://www.youtube.com/watch?v=S9801Lg2_W4", "date_published": "2020-06-13 00:00:00+00:00", "persistent": false, "user": null, "language": "en-US"}, {"source": "https://www.youtube.com/feeds/videos.xml?channel_id=UCbu2SsF-Or3Rsn3NxqODImw", "title": "QUANTUM ERROR - Official PS5 4K Gameplay Teaser Trailer", "description": "Take a look at Quantum Terror an upcoming first person cosmic horror game for PS5 from Teamkill Media!", "link": "https://www.youtube.com/watch?v=6Wc2j_xf03U", "date_published": "2020-06-13 00:00:00+00:00", "persistent": false, "user": null, "language": "en-US"}, {"source": "https://www.youtube.com/feeds/videos.xml?channel_id=UCbu2SsF-Or3Rsn3NxqODImw", "title": "Remnant: From the Ashes - Official 4K Subject 2923 DLC Announcement Trailer", "description": "Announcing: Subject 2923, the final DLC for Remnant: From the Ashes, is coming to PC, Xbox One, and PlayStation\u00ae4 on August 20, 2020!\n\nNew zones, weapons, items and more bring an end to the Root once and for all. Subject 2923 will introduce a brand new campaign mode \u201cSubject 2923\u201d, that concludes Remnant: From the Ashes\u2019 thrilling post-apocalyptic story. The DLC will also be packed with two unique zones, all-new quests, bosses, weapons, trinkets, armor sets and more.\n\nSurvivors will continue the fight for humankind and put an end to the dreaded Root, the evil force plaguing Earth, in Remnant: From the Ashes \u2013 Subject 2923. In a brand new campaign mode, players will discover the origins of the Dreamer Program and its connection to the Root. Following the downfall of the Dreamer, the streets have grown quieter, and more humans are braving the city. Hope has been rekindled, but Earth is not rid of the Root just yet. As players seek out the location of the remaining Root, they will meet unexpected allies, traverse unfamiliar zones and dimensions, and overcome new threats to put an end to this evil force once and for all. This thrilling new adventure will span across the rugged wilderness of Earth and beyond, where players will experience new quests to complete, new gear to acquire, along with new enemies and bosses to conquer.\n\n\u2022 New Campaign Mode: Subject 2923: Players will discover the origins of \u2018The Dreamers\u2019 and how they connect to the dreaded Root in this brand-new campaign \u2013 continuing the story of Remnant: From the Ashes with an expedition to Ward Prime, and several new locations.\n\n\u2022 New Zones, Bosses, and Quests: From rural lands and an abandoned military base on ruined Earth, to the frosty and unforgiving heights of the mountainous world Reisum, players will take on intense new challenges as they continue their fight for survival.\n\n\u2022 Superior Firepower: Players will outfit their character in order to survive these dangerous new experiences, choosing from a host of new weapons and modifications, new armor sets and skins, and new trinkets.\n\n\u2022 Survival, Adventure, and Hardcore Mode Updates: New threats emerge in Survival Mode and Adventure Mode, as monsters, dungeons, and bosses from Reisum are added to the rotation - while Survival Mode and Hardcore Mode receive a suite of new rewards.", "link": "https://www.youtube.com/watch?v=2da30oT2ET8", "date_published": "2020-06-13 00:00:00+00:00", "persistent": false, "user": null, "language": "en-US"}, {"source": "https://www.youtube.com/feeds/videos.xml?channel_id=UCbu2SsF-Or3Rsn3NxqODImw", "title": "Remnant: From the Ashes - Official Subject 2923 DLC Announcement Trailer", "description": "Announcing: Subject 2923, the final DLC for Remnant: From the Ashes, is coming to PC, Xbox One, and PlayStation\u00ae4 on August 20, 2020!\n\nNew zones, weapons, items and more bring an end to the Root once and for all. Subject 2923 will introduce a brand new campaign mode \u201cSubject 2923\u201d, that concludes Remnant: From the Ashes\u2019 thrilling post-apocalyptic story. The DLC will also be packed with two unique zones, all-new quests, bosses, weapons, trinkets, armor sets and more.\n\nSurvivors will continue the fight for humankind and put an end to the dreaded Root, the evil force plaguing Earth, in Remnant: From the Ashes \u2013 Subject 2923. In a brand new campaign mode, players will discover the origins of the Dreamer Program and its connection to the Root. Following the downfall of the Dreamer, the streets have grown quieter, and more humans are braving the city. Hope has been rekindled, but Earth is not rid of the Root just yet. As players seek out the location of the remaining Root, they will meet unexpected allies, traverse unfamiliar zones and dimensions, and overcome new threats to put an end to this evil force once and for all. This thrilling new adventure will span across the rugged wilderness of Earth and beyond, where players will experience new quests to complete, new gear to acquire, along with new enemies and bosses to conquer.\n\n\u2022 New Campaign Mode: Subject 2923: Players will discover the origins of \u2018The Dreamers\u2019 and how they connect to the dreaded Root in this brand-new campaign \u2013 continuing the story of Remnant: From the Ashes with an expedition to Ward Prime, and several new locations.\n\n\u2022 New Zones, Bosses, and Quests: From rural lands and an abandoned military base on ruined Earth, to the frosty and unforgiving heights of the mountainous world Reisum, players will take on intense new challenges as they continue their fight for survival.\n\n\u2022 Superior Firepower: Players will outfit their character in order to survive these dangerous new experiences, choosing from a host of new weapons and modifications, new armor sets and skins, and new trinkets.\n\n\u2022 Survival, Adventure, and Hardcore Mode Updates: New threats emerge in Survival Mode and Adventure Mode, as monsters, dungeons, and bosses from Reisum are added to the rotation - while Survival Mode and Hardcore Mode receive a suite of new rewards.", "link": "https://www.youtube.com/watch?v=hgNnGEqrQXI", "date_published": "2020-06-13 00:00:00+00:00", "persistent": false, "user": null, "language": "en-US"}, {"source": "https://www.youtube.com/feeds/videos.xml?channel_id=UCbu2SsF-Or3Rsn3NxqODImw", "title": "Surgeon Simulator 2 Preview - More Doctors And Even Bloodier", "description": "Surgeon Sim 2 brings multiplayer to the world of chaotic and cursed medical procedures, as well as allowing would-be doctors full movement around a brand new and explorable sterile environment. \n\nAs well as new gameplay, Bossa Studios is also releasing the same level building tools they used to build Surgeon Simulator 2, allowing players to create their own strange levels and share them for other wannabe surgeons to play.\n\nSurgeon Simulator 2 will be releasing August 2020 for PC, with no news yet on whether the game will make the jump to PS5 or Xbox Series X later on.", "link": "https://www.youtube.com/watch?v=RbYoLLPEm4g", "date_published": "2020-06-13 00:00:00+00:00", "persistent": false, "user": null, "language": "en-US"}, {"source": "https://www.youtube.com/feeds/videos.xml?channel_id=UCbu2SsF-Or3Rsn3NxqODImw", "title": "System Shock - Official Alpha Demo Teaser Trailer", "description": "Check out the Alpha Demo for System Shock a limited time!", "link": "https://www.youtube.com/watch?v=jJ_g8uehU5o", "date_published": "2020-06-13 00:00:00+00:00", "persistent": false, "user": null, "language": "en-US"}, {"source": "https://www.youtube.com/feeds/videos.xml?channel_id=UCbu2SsF-Or3Rsn3NxqODImw", "title": "The Outlast Trials - Official Teaser Trailer", "description": "Watch the creepy teaser trailer for the horror first person game from Red Barrels. \n\n\n\nSet in the era of the Cold War, human guinea pigs are involuntarily recruited by the good folks at the Murkoff Corporation to test advanced methods of brainwashing and mind control. In a world of distrust, fear, and violence, your morals will be challenged, your endurance tested, and your sanity crushed. All in the name of progress, science, and profit. \n\nRed Barrels invites you to experience mind-numbing terror, this time with friends. Work together and maybe you\u2019ll survive The Outlast Trials. It\u2019s always better to shit your pants in good company.", "link": "https://www.youtube.com/watch?v=hCgiwsIUI4g", "date_published": "2020-06-13 00:00:00+00:00", "persistent": false, "user": null, "language": "en-US"}, {"source": "https://www.youtube.com/feeds/videos.xml?channel_id=UCbu2SsF-Or3Rsn3NxqODImw", "title": "Torchlight 3 Ditches Free-To-Play, Embraces ARPG Roots", "description": "At the end of the Torchlight 3 closed beta we caught up with ex-Diablo Executive Producer and CEO of Echtra Games Max Schaefer, to talk about the pivot from the free-to-play content model, how Torchlight creates its bizarre classes, and how the team is making Legendary items more valuable than ever.", "link": "https://www.youtube.com/watch?v=RgZRRdihfWs", "date_published": "2020-06-13 00:00:00+00:00", "persistent": false, "user": null, "language": "en-US"}, {"source": "https://www.youtube.com/feeds/videos.xml?channel_id=UCbu2SsF-Or3Rsn3NxqODImw", "title": "Twin Mirror - Official Teaser Trailer", "description": "Check out the teaser trailer for Twin Mirror from Dontnod, creators of Life is Strange.\n\n\nSam Higgs was done with Basswood, West Virginia, but it seems it wasn\u2019t done with him. \n\n\n\nWhen the former investigative journalist returns to his hometown to say a final farewell to his best friend, it soon becomes clear that there are more chapters to be written in his troubled history. Forced to confront his past, Sam finds himself torn between reconnecting with his loved ones and using his unique intellectual abilities to uncover the town\u2019s dark secrets. \nHow do you know who to trust when you\u2019re not even sure you can trust yourself?", "link": "https://www.youtube.com/watch?v=5RuH8MMi6yI", "date_published": "2020-06-13 00:00:00+00:00", "persistent": false, "user": null, "language": "en-US"}, {"source": "https://www.youtube.com/feeds/videos.xml?channel_id=UCbu2SsF-Or3Rsn3NxqODImw", "title": "Valorant Review", "description": "Valorant hooks you match after match with tight, tactical gameplay, albeit in rather barebones fashion.\n\nMichael went into Valorant with his 17 years of Counter-Strike experience in mind. Even after all this time, he's still only...decent? While he put in a ton of time into the beta, he played about 25 hours of Valorant on official release for this review. Although the game is free-to-play, Riot Games granted him a reviewer's account boost that included all Agents unlocked.", "link": "https://www.youtube.com/watch?v=MRXr7WaQQwI", "date_published": "2020-06-13 00:00:00+00:00", "persistent": false, "user": null, "language": "en-US"}, {"source": "https://www.youtube.com/feeds/videos.xml?channel_id=UCbu2SsF-Or3Rsn3NxqODImw", "title": "Vampire The Masquerade: Bloodlines 2 - Official Damsel Character Reveal Trailer", "description": "Sired in an act of vampire terrorism, your existence ignites the war for Seattle's blood trade. Enter uneasy alliances with the creatures who control the city and uncover the sprawling conspiracy which plunged Seattle into a bloody civil war between powerful vampire factions.\n\nWe\u2019re excited to announce that Damsel, everyone\u2019s favorite Brujah from the original Bloodlines, will make an appearance in Bloodlines 2. Since the 2000s, when she organized Anarch resistance against the Camarilla in Los Angeles, Damsel has moved up the coast to Seattle. In Seattle, she is on a mission for the Anarch Free State, agitating among the city\u2019s downtrodden Kindred.", "link": "https://www.youtube.com/watch?v=T4lZN4J9Wtw", "date_published": "2020-06-13 00:00:00+00:00", "persistent": false, "user": null, "language": "en-US"}, {"source": "https://www.youtube.com/feeds/videos.xml?channel_id=UCbu2SsF-Or3Rsn3NxqODImw", "title": "Demon's Souls - Official 4K PS5 Announcement Trailer", "description": "From JAPAN Studio and Bluepoint Games comes a remake of the PlayStation classic, Demon's Souls. This remake invites players to experience the original brutal challenge, completely rebuilt from the ground up and masterfully enhanced with a new \u201cFractured Mode.\" In addition to beautiful shadow effects and ray tracing, players can choose between two graphics modes while playing: one focused on fidelity, and one focused on frame rate. Coming to PlayStation 5.", "link": "https://www.youtube.com/watch?v=OF2IDIB-n7k", "date_published": "2020-06-12 00:00:00+00:00", "persistent": false, "user": null, "language": "en-US"}, {"source": "https://www.youtube.com/feeds/videos.xml?channel_id=UCbu2SsF-Or3Rsn3NxqODImw", "title": "Gran Turismo 7 - Official 4K PS5 Announcement Trailer", "description": "From classic vehicles and tracks to the reintroduction of the legendary GT Simulation Mode \u2013 Gran Turismo 7 brings together the best features from past installments of the series alongside the future. An even more realistic driving experience awaits thanks to haptic feedback, which brings to life what it\u2019s like when the tires hit the road. PS5's immersive 3D audio allows players to sense the position of other cars and drivers around them. Coming to PlayStation 5.", "link": "https://www.youtube.com/watch?v=XSPpkt_Ctvc", "date_published": "2020-06-12 00:00:00+00:00", "persistent": false, "user": null, "language": "en-US"}, {"source": "https://www.youtube.com/feeds/videos.xml?channel_id=UCbu2SsF-Or3Rsn3NxqODImw", "title": "Here's What The PS5 Looks Like | Save State", "description": "On today's Save State, Persia recaps some details about the PS5 reveal event, from the PlayStation 5 console's look to its many upcoming games. She also goes over the release of Modern Warfare's Season 4, which is out now.\n\nOn today's Save State, Persia talks about the PlayStation 5 reveal event. We got our first look at the console with its tall, two-toned design and got a chance to see dozens of titles that we'll get our hands on when the PS5 is finally here. \n\nPersia also talks about Call of Duty Season 4 details, which include new multiplayer maps, game modes, and more for both Modern Warfare and Warzone. \n\nE3 might not be happening this year, but we've got you covered. This summer, GameSpot is hosting Play For All, a multi-week event that is going to be the best place for you to get all the latest gaming news, features, interviews, and livestreams. \n\nNot only that, but we're also partnering with Direct Relief to raise funds for healthcare workers risking their lives daily on COVID-19 relief efforts, as well as Black Lives Matter. We'll have over 100 hours of awesome content featuring the GameSpot team, as well as friends from across the industry, including the Giant Bomb crew, Kinda Funny's Greg Miller, NoClip's Danny O'Dwyer, and many more we'll be announcing over the coming weeks.", "link": "https://www.youtube.com/watch?v=VJ2Ojbf_7N4", "date_published": "2020-06-12 00:00:00+00:00", "persistent": false, "user": null, "language": "en-US"}, {"source": "https://www.youtube.com/feeds/videos.xml?channel_id=UCbu2SsF-Or3Rsn3NxqODImw", "title": "Horizon: Forbidden West - Official 4K World Premiere Announcement Trailer", "description": "Horizon: Forbidden West continues Aloy\u2019s story as she moves west to a far-future America to brave a majestic, but dangerous frontier where she\u2019ll face awe-inspiring machines and mysterious new threats. Coming to PlayStation 5.", "link": "https://www.youtube.com/watch?v=Vg1g71zOPHk", "date_published": "2020-06-12 00:00:00+00:00", "persistent": false, "user": null, "language": "en-US"}, {"source": "https://www.youtube.com/feeds/videos.xml?channel_id=UCbu2SsF-Or3Rsn3NxqODImw", "title": "Marvel's Spider Man: Miles Morales - Official 4K World Premiere Announcement Trailer", "description": "Revealing Marvel's Spider-Man: Miles Morales, a new adventure from Insomniac Games coming to PlayStation 5.", "link": "https://www.youtube.com/watch?v=buowyvVrXYU", "date_published": "2020-06-12 00:00:00+00:00", "persistent": false, "user": null, "language": "en-US"}, {"source": "https://www.youtube.com/feeds/videos.xml?channel_id=UCbu2SsF-Or3Rsn3NxqODImw", "title": "PS5 Console Reveal & New Games: Everything We Know So Far In Under 3 Minutes", "description": "The PlayStation 5 reveal event was loaded with more than 25 games like Spider-Man, Horizon Zero Dawn, and Resident Evil sequels, plus our first look at the PS5 console itself. Here's everything you need to know from the reveal event.", "link": "https://www.youtube.com/watch?v=4zVEBuMgLvM", "date_published": "2020-06-12 00:00:00+00:00", "persistent": false, "user": null, "language": "en-US"}, {"source": "https://www.youtube.com/feeds/videos.xml?channel_id=UCbu2SsF-Or3Rsn3NxqODImw", "title": "Resident Evil 8 - Official 4K World Premiere Announcement Trailer", "description": "Fear surrounds you in Resident Evil 8, unleashing a new chapter of survival horror on PlayStation 5 in 2021!", "link": "https://www.youtube.com/watch?v=pL99RDIm0_g", "date_published": "2020-06-12 00:00:00+00:00", "persistent": false, "user": null, "language": "en-US"}, {"source": "https://www.youtube.com/feeds/videos.xml?channel_id=UCbu2SsF-Or3Rsn3NxqODImw", "title": "Session And More With Danny O'Dwyer | Play For All Day 9", "description": "Donate to Black Lives Matter: http://bit.ly/gs-blm\nDonate to COVID-19 Direct Relief: http://bit.ly/gs-covid\n\nDanny O'Dwyer is joined by Jean-Luc Seipke and Jake Dekker to play some skateboarding games. We're gonna grind some rails, pull off some sick tricks, and do it all in the name of raising money for Direct Relief and Black Lives Matter.", "link": "https://www.youtube.com/watch?v=UZXmxNq3EyA", "date_published": "2020-06-12 00:00:00+00:00", "persistent": false, "user": null, "language": "en-US"}, {"source": "https://www.youtube.com/feeds/videos.xml?channel_id=UCbu2SsF-Or3Rsn3NxqODImw", "title": "The Last Of Us Part 2 Spoiler-Free Discussion - GameSpot After Dark #45", "description": "On this week's episode of GameSpot After Dark, Spawn On Me's founder Kahlief Adams joins us to talk about Disintegration, Valorant, and The Last Of Us Part 2.\nTIMESTAMPS:\n00:00:11 - Intro\n00:01:04 - Chris From Dayton, Ohio Segment (Kahlief Adams)\n00:07:10 - What We've Been Playing\n00:22:23 - Disintegration\n00:34:40 - The Last Of Us Part 2\n01:09:42 - PS5 Event Predictions\n01:13:17 - Listener Questions\n01:42:37 - Outro", "link": "https://www.youtube.com/watch?v=MrsAEPgEgko", "date_published": "2020-06-12 00:00:00+00:00", "persistent": false, "user": null, "language": "en-US"}, {"source": "https://www.youtube.com/feeds/videos.xml?channel_id=UCbu2SsF-Or3Rsn3NxqODImw", "title": "The Last Of Us Part II Review", "description": "The Last of Us Part II is messy, bleak, and brutal.\n\nKallie completed The Last Of Us Part II in 30 hours on Hard difficulty and put in a handful of hours into a New Game Plus playthrough. She loves Dina. Review code was provided by Sony.", "link": "https://www.youtube.com/watch?v=R8o9aUuaSX0", "date_published": "2020-06-12 00:00:00+00:00", "persistent": false, "user": null, "language": "en-US"}, {"source": "https://www.youtube.com/feeds/videos.xml?channel_id=UCbu2SsF-Or3Rsn3NxqODImw", "title": "Yakuza: Like A Dragon - English PC Gameplay, Interview With Scott Strichart", "description": "Michael Higham sits down with Yakuza series localization producer Scott Strichart to talk about the English release of Like A Dragon, while taking a look at some PC gameplay.", "link": "https://www.youtube.com/watch?v=0geF3SKeNg0", "date_published": "2020-06-12 00:00:00+00:00", "persistent": false, "user": null, "language": "en-US"}]