[{"source": "https://www.youtube.com/feeds/videos.xml?channel_id=UCNvzD7Z-g64bPXxGzaQaa4g", "title": "FAR CRY 6 SCREENSHOTS SHOW OPEN WORLD, FLIGHT SIMULATOR HAS 10 DISCS, & MORE", "description": "Go to http://buyraycon.com/gameranx for 15% off your order! Brought to you buy Raycon.\n\nFar Cry 6 gets some tasty screenshots, Sony talks PS5 DualSense controller, Xbox discontinues the One X in the buildup to Xbox series X, new trailers, and more in a week full of gaming news.\n\n*Jakes twitter: https://twitter.com/jakebaldino \n*Instagram: https://goo.gl/HH6mTW \n\n\nJake's other channel: https://youtu.be/L-PKinqfrRo\n\n\n\n ~~~~STORIES~~~~\n\nFar Cry 6 screenshots\nhttps://twitter.com/hazzadorgamin/status/1282409640731439105?s=21\nGiancarlo interview\nhttps://www.hollywoodreporter.com/heat-vision/far-cry-6-giancarlo-esposito-how-portray-a-villain-audiences-love-hate-1302880\n\nMicrosoft Flight Sim is 10 discs\nhttps://www.eurogamer.net/articles/2020-07-15-microsoft-flight-simulator-comes-on-10-discs\n\nGeoff PS5 controller thing\nhttps://www.youtube.com/watch?time_continue=1&v=3nMDnRhqSaA&feature=emb_logo\n\n\nRIP Xbox One X\nhttps://www.theverge.com/2020/7/16/21327330/microsoft-xbox-one-x-s-digital-edition-discontinued\nGamepass and Xcloud merge\nhttps://www.theverge.com/2020/7/16/21326797/microsoft-xcloud-launch-xbox-game-pass-ultimate-free\n\n\n\n\nGhost of Tsushima launch trailer\nhttps://youtu.be/Vt-8RG1jxzg\n\nLEGO Nintendo: https://youtu.be/CjWdJBG_jIE\n\nStadia announcements\nhttps://www.vg247.com/2020/07/14/google-stadia-new-games/\n\nHenry Cavill building a PC\nhttps://www.pcgamer.com/watch-henry-cavill-build-a-pc-very-seductively/\n\nNo Man\u2019s Sky\nhttps://youtu.be/m01YfJesEqw\n\nOoblets\nhttps://youtu.be/OB6qo8wls0k\n\n\n\nThey\u2019re making a game about being a gamer girl\nhttps://twitter.com/Slasher/status/1284144628661460992", "link": "https://www.youtube.com/watch?v=k40LV8F_aq4", "date_published": "2020-07-17 00:00:00+00:00", "persistent": false, "user": null, "language": "en-US"}, {"source": "https://www.youtube.com/feeds/videos.xml?channel_id=UCNvzD7Z-g64bPXxGzaQaa4g", "title": "Cyberpunk 2077 vs Code SYN: COMPETITORS?", "description": "Cyberpunk 2077 has inspired similar-looking video game projects. Today's example: Code SYN from Tencent.\nSubscribe for more: https://www.youtube.com/gameranxTV?sub_confirmation=1", "link": "https://www.youtube.com/watch?v=dUqXRpfhFrg", "date_published": "2020-07-16 00:00:00+00:00", "persistent": false, "user": null, "language": "en-US"}]