[{"source": "https://www.youtube.com/feeds/videos.xml?channel_id=UCBJycsmduvYEL83R_U4JriQ", "title": "Galaxy Note 20 Ultra Review: It Better Be Good!", "description": "Note 20 Ultra starts at $1299. Key word Ultra.\nGalaxy Note 20 Ultra (Mystic Bronze): https://amzn.to/34eW1bB\ndbrand Grip for Note 20 Ultra: https://dbrand.com/ultra\n\nMKBHD Merch: http://shop.MKBHD.com\n\nTech I'm using right now: https://www.amazon.com/shop/MKBHD\n\nIntro Track: Jordyn Edmonds http://smarturl.it/jordynedmonds\nPlaylist of MKBHD Intro music: https://goo.gl/B3AWV5\n\nPhone provided by Samsung for review.\n\n~\nhttp://twitter.com/MKBHD\nhttp://instagram.com/MKBHD\nhttp://facebook.com/MKBHD", "link": "https://www.youtube.com/watch?v=R94ntpWVelw", "date_published": "2020-08-18 00:00:00+00:00", "persistent": false, "user": null, "language": "en-US"}, {"source": "https://www.youtube.com/feeds/videos.xml?channel_id=UCBJycsmduvYEL83R_U4JriQ", "title": "Dope Tech: The iPad Pro Killer?!", "description": "Have you ever seen a self-aligning wireless charger?\nThat shirt! http://shop.MKBHD.com\n\nXiaomi Smart Wireless Charger: \u00af\\_(\u30c4)_/\u00af\n\nHachi Infinite M1: https://amzn.to/30GKAam\n$49.95 off Coupon Code: FKR96IZC (for Amazon)\nHomepage: https://bit.ly/3ktT8t9\n\nGalaxy Tab S7+: https://samsung.com/us/mobile/tablets/tab-s7/\n\nTech I'm using right now: https://www.amazon.com/shop/MKBHD\n\nIntro Track: Great Moment by The Quiet\nPlaylist of MKBHD Intro music: https://goo.gl/B3AWV5\n\n~\nhttp://twitter.com/MKBHD\nhttp://instagram.com/MKBHD\nhttp://facebook.com/MKBHD", "link": "https://www.youtube.com/watch?v=5NNO5Kb-PZo", "date_published": "2020-08-17 00:00:00+00:00", "persistent": false, "user": null, "language": "en-US"}]