[{"source": "https://www.youtube.com/feeds/videos.xml?channel_id=UCw--xPGVVxYzRsWyV1nFqgg", "title": "Rhythm of War Cover REVEAL\ud83e\udd41 Ghibli Meets D&D\ud83c\udfb2 Erikson\u2019s RANT\ud83d\ude0d-FANTASY NEWS", "description": "Erikson got something off his chest and Sanderson reveals the new books look! \nPodcast: https://afictionalconversation.podbean.com/\nMerch: https://teespring.com/stores/fantasy-news-2\nPatreon: https://www.patreon.com/DanielBGreene\nAmazon: https://www.amazon.com/shop/danielgreene\nDiscord Server: https://discord.gg/xUzhVv4\nTwitter: https://twitter.com/DanielBGreene?lang=en\nTwitch: https://www.twitch.tv/fantasynews\nInstagram: https://www.instagram.com/dgreene101/\nGoodReads: https://www.goodreads.com/user/show/82239739-daniel-greene\nSubreddit: https://www.reddit.com/r/danielgreene\n\nNEWS: \n\n\u2014\n00:23 - Rhythm Of War Cover: https://www.reddit.com/r/Stormlight_Archive/comments/ibdvrs/rhythm_of_war_cover_its_gorgeous/\n\n01:48 - Brandon Writing Progress: https://twitter.com/BrandSanderson/status/1293822442998099968?s=19\n\n02:26 - George R R Martin Post: https://georgerrmartin.com/notablog/2020/08/15/back-in-westeros/\n\n03:13 - DESCENDANTS OF THE FIRST COVER: https://twitter.com/renikamayo/status/1294573568232230912?s=12\n\n03:55 - #JadeCity ( Jade City) Adaptation: https://deadline.com/2020/08/jade-city-series-books-peacock-dave-kalstein-breck-eisner-dean-georgaris-1203011700/\n\n06:29 - Avatar Rumor: https://fandomwire.com/exclusive-why-avatar-the-last-airbenders-creators-really-left-netflix/\n\n09:29 - Barney Harris Insta/Twitter: https://www.instagram.com/p/CD2MukkHk8x/?igshid=19yuovgmunevz\n\n09:54 - Folio Society #Farseer: https://www.instagram.com/p/CD_O6akoCRK/?igshid=oli2udq0v3o7\n\nErikson Rant: https://www.facebook.com/steveneriksonofficial/posts/1646644495487844\n\n13:00 - Ghibli Meets DUNGEONS & DRAGONS: https://nerdist.com/article/studio-ghibli-dungeons-dragons-adventure-anthology/?amp&__twitter_impression=true\n\n14:32 - Enola Holmes: https://twitter.com/DiscussingFilm/status/1295345115138084864\n\n16:10 - Lovecraft Country Reviews: https://www.imdb.com/title/tt6905686/?ref_=ttep_ep_tt\n\n16:37 -  Star Wars Holiday Special: https://www.starwars.com/news/the-lego-star-wars-holiday-special-disney-plus-announce\n\n\u2014", "link": "https://www.youtube.com/watch?v=EN42bL_MVLU", "date_published": "2020-08-18 00:00:00+00:00", "persistent": false, "user": null, "language": "en-US"}, {"source": "https://www.youtube.com/feeds/videos.xml?channel_id=UCw--xPGVVxYzRsWyV1nFqgg", "title": "The Life Of King's Editor", "description": "It be like that for King's editor. \nPodcast: https://afictionalconversation.podbean.com/\nMerch: https://teespring.com/stores/fantasy-news-2\nPatreon: https://www.patreon.com/DanielBGreene\nAmazon: https://www.amazon.com/shop/danielgreene\nDiscord Server: https://discord.gg/xUzhVv4\nTwitter: https://twitter.com/DanielBGreene?lang=en\nTwitch: https://www.twitch.tv/fantasynews\nInstagram: https://www.instagram.com/dgreene101/\nGoodReads: https://www.goodreads.com/user/show/82239739-daniel-greene\nSubreddit: https://www.reddit.com/r/danielgreene", "link": "https://www.youtube.com/watch?v=4hkCyXIKFEA", "date_published": "2020-08-17 00:00:00+00:00", "persistent": false, "user": null, "language": "en-US"}]