[{"source": "https://cyberlaw.stanford.edu", "title": "The EARN IT Act: How to Ban End-to-End Encryption Without Actually Banning It | Center for Internet and Society", "description": "The EARN IT Act: How to Ban End-to-End Encryption Without Actually Banning It | Center for Internet and Society", "link": "https://cyberlaw.stanford.edu/blog/2020/01/earn-it-act-how-ban-end-end-encryption-without-actually-banning-it", "date_published": "2020-01-30 07:46:45+00:00", "persistent": true, "user": "rumpel", "language": "en", "tags": ["government control", "surveillance", "big brother", "crypto wars", "privacy", "earn it act", "encryption"]}]