[{"source": "https://www.youtube.com/feeds/videos.xml?channel_id=UCSiPjfAJBgbFlIUsxOWpK0w", "title": "Nuages | Django Reinhardt | Pomplamoose ft. John Tegmeyer", "description": "Gardenview out now, listen on Spotify (https://sptfy.com/gardenview) or wherever you listen to music.\n\n Get our French EP on vinyl or CD! - http://bit.ly/pomplamoosemerch\n\nSave this song on Spotify: https://spoti.fi/2r3Yqkh\nFollow us on instagram: https://instagram.com/pomplamoosemusic\nBecome a patron of our music (to vote on the songs we cover and get merch and stuff like that): http://www.patreon.com/pomplamoose\n\nA cover of Nuages by Pomplamoose.\n\nCREDITS\n\nLead Vocals: Nataly Dawn\nAccordion: Jack Conte\nClarinet: John Tegmeyer\nGuitar: John Schroeder\nGuitar/Trumpet: Erik Miron\nUpright Bass: Ellie Athayde\nHarmonica: Ross Garren\nDrums: Ben Rose\nEngineer: Tim Sonnefeld \nAssistant Engineer: Jason Clark\nMixing/Mastering: Caleb Parker\nProducers: John Schroeder & Caleb Parker\nVideo Direction/Production: Ricky Chavez\nCamera Operators: Merlin Showalter, Dijon Herron\nVideo Editor: Dominic Mercurio\n\nRecorded at Band House Studios in Los Angeles.", "link": "https://www.youtube.com/watch?v=GxAlMM8M8Ko", "date_published": "2020-01-31 00:00:00+00:00", "persistent": false, "user": null, "language": "en-US"}]