[{"source": "https://www.youtube.com/feeds/videos.xml?channel_id=UCswH8ovgUp5Bdg-0_JTYFNw", "title": "Dealing With Life.", "description": "A clip from my upcoming Under The Skin podcast with one of the pioneers of Yoga & Recovery - Tommy Rosen. He is a fountain of knowledge and wisdom. Listen this Saturday 1st February only on Luminary -  http://luminary.link/russell\n\nSubscribe to my channel here: http://tinyurl.com/opragcg\n(make sure to hit the BELL icon to be notified of new videos!)\n\nCome and see me on tour: https://www.russellbrand.com/live/\n\nGet my book \"Recovery\" here: https://amzn.to/2R7c810\nGet my book \"Mentors\" here (and as an audiobook!): https://amzn.to/2t0Zu9U\n\nInstagram: http://instagram.com/russellbrand/\nTwitter: http://twitter.com/rustyrockets\n\nProduced by Jenny May Finn (Instagram: @jennymayfinn)", "link": "https://www.youtube.com/watch?v=RPd6ynbDB1g", "date_published": "2020-01-30 00:00:00+00:00", "persistent": false, "user": null, "language": "en-US"}]