[{"source": "https://www.youtube.com/feeds/videos.xml?channel_id=UC3I2GFN_F8WudD_2jUZbojA", "title": "Andrew Bird - Full Performance (Live on KEXP)", "description": "http://KEXP.ORG presents Andrew Bird performing live in the KEXP studio. Recorded October 19, 2019.\n\nSongs:\nSisyphus\nOlympians\nProxy War\nManifest\n\nHost: Morgan\nAudio Engineer: Tom Hall\nCameras: Jim Beckmann, Alaia D'Alessandro, Kendall Rock & Justin Wilmore\nEditor: Justin Wilmore\n\nhttp://kexp.org\nhttp://www.andrewbird.net", "link": "https://www.youtube.com/watch?v=o-BrVkJCHgg", "date_published": "2020-01-31 00:00:00+00:00", "persistent": false, "user": null, "language": "en-US"}, {"source": "https://www.youtube.com/feeds/videos.xml?channel_id=UC3I2GFN_F8WudD_2jUZbojA", "title": "Andrew Bird - Manifest (Live on KEXP)", "description": "http://KEXP.ORG presents Andrew Bird performing \"Manifest\" live in the KEXP studio. Recorded October 19, 2019.\n\nHost: Morgan\nAudio Engineer: Tom Hall\nCameras: Jim Beckmann, Alaia D'Alessandro, Kendall Rock & Justin Wilmore\nEditor: Justin Wilmore\n\nhttp://kexp.org\nhttp://www.andrewbird.net", "link": "https://www.youtube.com/watch?v=uDbJFF7H91M", "date_published": "2020-01-31 00:00:00+00:00", "persistent": false, "user": null, "language": "en-US"}, {"source": "https://www.youtube.com/feeds/videos.xml?channel_id=UC3I2GFN_F8WudD_2jUZbojA", "title": "Andrew Bird - Olympians (Live on KEXP)", "description": "http://KEXP.ORG presents Andrew Bird performing \"Olympians\" live in the KEXP studio. Recorded October 19, 2019.\n\nHost: Morgan\nAudio Engineer: Tom Hall\nCameras: Jim Beckmann, Alaia D'Alessandro, Kendall Rock & Justin Wilmore\nEditor: Justin Wilmore\n\nhttp://kexp.org\nhttp://www.andrewbird.net", "link": "https://www.youtube.com/watch?v=BFdOuOjM_H8", "date_published": "2020-01-31 00:00:00+00:00", "persistent": false, "user": null, "language": "en-US"}, {"source": "https://www.youtube.com/feeds/videos.xml?channel_id=UC3I2GFN_F8WudD_2jUZbojA", "title": "Andrew Bird - Proxy War (Live on KEXP)", "description": "http://KEXP.ORG presents Andrew Bird performing \"Proxy War\" live in the KEXP studio. Recorded October 19, 2019.\n\nHost: Morgan\nAudio Engineer: Tom Hall\nCameras: Jim Beckmann, Alaia D'Alessandro, Kendall Rock & Justin Wilmore\nEditor: Justin Wilmore\n\nhttp://kexp.org\nhttp://www.andrewbird.net", "link": "https://www.youtube.com/watch?v=nCfVslFTXUY", "date_published": "2020-01-31 00:00:00+00:00", "persistent": false, "user": null, "language": "en-US"}, {"source": "https://www.youtube.com/feeds/videos.xml?channel_id=UC3I2GFN_F8WudD_2jUZbojA", "title": "Andrew Bird - Sisyphus (Live on KEXP)", "description": "http://KEXP.ORG presents Andrew Bird performing \"Sisyphus\" live in the KEXP studio. Recorded October 19, 2019.\n\nHost: Morgan\nAudio Engineer: Tom Hall\nCameras: Jim Beckmann, Alaia D'Alessandro, Kendall Rock & Justin Wilmore\nEditor: Justin Wilmore\n\nhttp://kexp.org\nhttp://www.andrewbird.net", "link": "https://www.youtube.com/watch?v=oOyfBIkbnCA", "date_published": "2020-01-31 00:00:00+00:00", "persistent": false, "user": null, "language": "en-US"}]