[{"source": "https://www.youtube.com/feeds/videos.xml?channel_id=UCsM-ZFKD_8vlDjfhKRNUk1A", "title": "Kwiat Jab\u0142oni - koncert (MUZO.FM)", "description": "Kwiat Jab\u0142oni na \u017cywo w MUZO.FM. Kasia i Jacek Sienkiewiczowie graj\u0105 utwory Niemo\u017cliwe i Nic wi\u0119cej z debiutanckiej p\u0142yty duetu Kwiat Jab\u0142oni. \n\nSubskrybuj nasz kana\u0142: http://www.muzo.tv\nFacebook: http://www.facebook.com/MUZO.FM\nFacebook: http://www.facebook.com/MUZO.TV\nFacebook Kwiat Jab\u0142oni: http://www.facebook.com/kwiatjabloni\nInstagram Kwiat Jab\u0142oni: http://www.instagram.com/kwiatjabloni\nInstagram: http://www.instagram.com/muzofm\nTwitter: http://twitter.com/muzo_fm\nStrona: http://www.muzo.fm \n\n#popolsku", "link": "https://www.youtube.com/watch?v=hWtkxBB9Qcs", "date_published": "2020-01-31 00:00:00+00:00", "persistent": false, "user": null, "language": "en-US"}, {"source": "https://www.youtube.com/feeds/videos.xml?channel_id=UCsM-ZFKD_8vlDjfhKRNUk1A", "title": "Stach Bukowski - Lew live - MUZO.FM", "description": "Stach Bukowski - Lew na \u017cywo w MUZO.FM. Stach Bukowski to m\u0142ody zesp\u00f3\u0142 z Olsztyna zakochany w muzyce retro, wychowany na piosenkach Zbigniewa Wodeckiego, Alicji Majewskiej i Anny Jantar. Gra rocka, ale inspiruje si\u0119 r\u00f3wnie\u017c muzyk\u0105 klasyczn\u0105, rapem i polskim big beatem. Muzycy tworz\u0105 z rockandrollowym polotem i maj\u0105 ucho do chwytliwych melodii. Stach \u015bpiewa i gra na perkusji, brawurowo zasuwa na basie, a Robert odpowiada za precyzyjne gitarowe riffy. \n\n\nSubskrybuj nasz kana\u0142: http://www.muzo.tv\nFacebook: http://www.facebook.com/MUZO.FM\nFacebook: http://www.facebook.com/MUZO.TV\nFacebook Stach Bukowski: http://www.facebook.com/stachbukowski\nInstagram Stach Bukowski: http://www.instagram.com/stachbukowski\nInstagram: http://www.instagram.com/muzofm\nTwitter: http://twitter.com/muzo_fm\nStrona: http://www.muzo.fm\n\nStach Bukowski Lew tekst\n\nZw.1\nZach\u00f3d, s\u0142o\u0144ca p\u00f3\u0142, schody ci\u0105gn\u0105 w d\u00f3\u0142\nTen sam numer powtarzany setny raz nie ci\u0105\u017cy mu\nW progu stoi lew, niebezpieczny jest\nWyg\u0142odnia\u0142y patrzy na ofiar\u0119, kt\u00f3r\u0105 zaraz zje \n\nNie s\u0142yszy, nie poznaje, ludzi tu \nKa\u017cdy o sobie, sobie pomnik, sobie dw\u00f3r\n\nRef.\nKolejna nowa gra, ta na dwa\nKto spojrzy w oczy zatrzyma czar\nPoruszy gwiazdy ile si\u0119 da \nProsz\u0119 ognia daj \n\nNie\u015bmia\u0142o m\u00f3wi\u0119 pas, to nie tak \nA mo\u017ce kto\u015b ju\u017c rozpocz\u0105\u0142 bal \nPusty horyzont ile si\u0119 da \nProsz\u0119 ognia daj, prosz\u0119 ognia daj \n \nZw.2 \nOna z drugiej mknie, wci\u0105\u017c poprawia brew\nZ jedn\u0105 my\u015bl\u0105 tylko idzie tam i nie zatrzyma si\u0119\nMa\u0142a szcz\u0119\u015bcia ni\u0107, karuzeli rytm \nPrzywi\u0105za\u0142y j\u0105 do tego, kt\u00f3ry znowu nie chce \u017cy\u0107 \nRyzyko wy\u017csze ni\u017c na poker stars, \nw otwarte karty los u\u015bmiechn\u0105\u0142 si\u0119 cho\u0107 raz \nRef.x2 \n\n#popolsku", "link": "https://www.youtube.com/watch?v=4QA3uymHxtc", "date_published": "2020-01-31 00:00:00+00:00", "persistent": false, "user": null, "language": "en-US"}, {"source": "https://www.youtube.com/feeds/videos.xml?channel_id=UCsM-ZFKD_8vlDjfhKRNUk1A", "title": "The Paper Kites - Arms live - MUZO.FM", "description": "The Paper Kites - Arms na \u017cywo, akustycznie w MUZO.FM. Utw\u00f3r The Paper Kites Arms pochodzi z p\u0142yty The Paper Kites On the Train Ride Home. \n\nSubskrybuj nasz kana\u0142: http://www.muzo.tv\nFacebook: http://www.facebook.com/MUZO.FM\nFacebook: http://www.facebook.com/MUZO.TV\nFacebook The Paper Kites: http://www.facebook.com/thepaperkitesband\nInstagram The Paper Kites: http://www.instagram.com/thepaperkites\nInstagram: http://www.instagram.com/muzofm\nTwitter: http://twitter.com/muzo_fm\nStrona: http://www.muzo.fm", "link": "https://www.youtube.com/watch?v=2vOxUgU-SKY", "date_published": "2020-01-31 00:00:00+00:00", "persistent": false, "user": null, "language": "en-US"}, {"source": "https://www.youtube.com/feeds/videos.xml?channel_id=UCsM-ZFKD_8vlDjfhKRNUk1A", "title": "Blauka - Zawzi\u0119cie live - MUZO.FM", "description": "Blauka - Zawzi\u0119cie na \u017cywo w MUZO.FM. Utw\u00f3r Blauka Zawzi\u0119cie pochodzi z debiutanckiej p\u0142yty grupy Blauka - Miniatura. Blauka to polski zesp\u00f3\u0142 za\u0142o\u017cony przez duet pisarsko-kompozytorski w osobie Georginy Tarasiuk- autorki tekst\u00f3w i muzyki oraz Piotra Lewa\u0144czyka- basisty i producenta muzycznego.\n\nSubskrybuj nasz kana\u0142: http://www.muzo.tv\nFacebook: http://www.facebook.com/MUZO.FM\nFacebook: http://www.facebook.com/MUZO.TV\nFacebook Blauka: http://www.facebook.com/tojestblauka\nInstagram Blauka: http://www.instagram.com/tojestblauka\nInstagram: http://www.instagram.com/muzofm\nTwitter: http://twitter.com/muzo_fm\nStrona: http://www.muzo.fm\n\nBlauka - Zawzi\u0119cie tekst\n\nZamkni\u0119te oczy ma cho\u0107 nie \u015bpi\nPr\u00f3buje nie spina\u0107 mi\u0119\u015bni\nPozna\u0107 nie daje mu po sobie \n\u017be wie i tak mu nie powie\nNie powie\nNie powie\n\nA ona kocha go \nZawzi\u0119cie jedynie za r\u0119k\u0119\nA on kocha j\u0105 za\u017carcie\nUtkn\u0119\u0142y mu s\u0142owa w gardle\n\nA ona kocha go \nZawzi\u0119cie jedynie za r\u0119k\u0119\nA on kocha j\u0105 za\u017carcie\nUtkn\u0119\u0142y mu s\u0142owa w gardle \n\nInna wygl\u0105da lepiej pewnie\nTak za nim przez okno t\u0119sknie\nJego telefon w nocy warczy \nNiechciane wyj\u0105 alarmy \nAlarmy\nAlarmy \n\nA ona kocha go \nZawzi\u0119cie jedynie za r\u0119k\u0119\nA on kocha j\u0105 za\u017carcie\nUtkn\u0119\u0142y mu s\u0142owa w gardle\n\nA ona kocha go \nZawzi\u0119cie jedynie za r\u0119k\u0119\nA on kocha j\u0105 za\u017carcie\nUtkn\u0119\u0142o mu nieraz w gardle\n\nA ona kocha go \nZawzi\u0119cie jedynie za r\u0119k\u0119\nA on kocha j\u0105 za\u017carcie\nUtkn\u0119\u0142y mu s\u0142owa w gardle\n\nA ona kocha go \nZawzi\u0119cie jedynie za r\u0119k\u0119\nA on kocha j\u0105 za\u017carcie\nUtkn\u0119\u0142y mu s\u0142owa w gardle \n\n#popolsku", "link": "https://www.youtube.com/watch?v=oGL7XiHRrHM", "date_published": "2020-01-30 00:00:00+00:00", "persistent": false, "user": null, "language": "en-US"}, {"source": "https://www.youtube.com/feeds/videos.xml?channel_id=UCsM-ZFKD_8vlDjfhKRNUk1A", "title": "sanah - Cz\u0105stka - live MUZO.FM", "description": "sanah Cz\u0105stka na \u017cywo w MUZO.FM. Specjalna wersja piosenki sanah Cz\u0105stka pochodzi z wyj\u0105tkowej sesji w studiu radia MUZO.FM. \n\nSubskrybuj nasz kana\u0142: http://www.muzo.tv\nFacebook: http://www.facebook.com/MUZO.FM\nFacebook: http://www.facebook.com/MUZO.TV\nFacebook Sanah: http://www.facebook.com/sanahmusic\nInstagram Sanah: http://www.instagram.com/sanahmusic\nInstagram: http://www.instagram.com/muzofm\nTwitter: http://twitter.com/muzo_fm\nStrona: http://www.muzo.fm\n\n\nsanah - Cz\u0105stka tekst \n\nWidz\u0119 jak zerkasz\nTakie dziwne to\nChyba myli Ci\u0119 wzrok \n\nPrzecie\u017c tutaj\nTyle innych pa\u0144 \nI miejsca dla twoich r\u0105k \n \nPo imprezie zabierz mnie na kaw\u0119\nPowiem co i jak\nSk\u0105d to morze \u0142ez\nBo ja nadal poj\u0105\u0107 nie potrafi\u0119 \nJak \u0142atwo przysz\u0142o ci tak zostawi\u0107 mnie\n\nJak kawa\u0142ki porcelany krusz\u0119 si\u0119\nWi\u0119c prosz\u0119 powiedz ze cho\u0107 cz\u0105stk\u0119 mnie\nChcesz\n\nGdy \u015bciany iskrz\u0105 \nCzu\u0142y dla mnie b\u0105d\u017a\nWe\u017a mnie do ta\u0144ca plis\n\nA ja w tej kiecce\nJeszcze z ubieg\u0142ych \u015bwi\u0105t \nUlotni\u0119 si\u0119 tak jak dym\n \nPo imprezie zabierz mnie na kaw\u0119\nPowiem co i jak\nSk\u0105d to morze \u0142ez\nBo ja nadal poj\u0105\u0107 nie potrafi\u0119 \nJak \u0142atwo przysz\u0142o ci tak zostawi\u0107 mnie\n\nJak kawa\u0142ki porcelany krusz\u0119 si\u0119\nWi\u0119c prosz\u0119 powiedz ze cho\u0107 cz\u0105stk\u0119 mnie\nChcesz\n\nTroszeczk\u0119 boli\nGdy obok stoi\nSzczup\u0142a jak osa\nChce papierosa\n\nDajesz jej ogie\u0144\nGadacie sobie\nJa przezroczysta \nNie widzisz mnie \n\nPo imprezie zabierz mnie na kaw\u0119\nPowiem co i jak\nSk\u0105d to morze \u0142ez\nBo ja nadal poj\u0105\u0107 nie potrafi\u0119 \nJak \u0142atwo przysz\u0142o ci tak zostawi\u0107 mnie \n\n#popolsku", "link": "https://www.youtube.com/watch?v=mw4hAddSCq0", "date_published": "2020-01-30 00:00:00+00:00", "persistent": false, "user": null, "language": "en-US"}]