[{"source": "https://www.youtube.com/feeds/videos.xml?channel_id=UChnxLLvzviaR5NeKOevB8iQ", "title": "OP-1 01-05-20 (My City) Ableton Walkthrough", "description": "Here's a walkthrough of what I did to the OP-1 track \"My City\" to finish it up in Ableton Live.\nWatch the OP-1 video here: https://youtu.be/ITBuXE7crwo\n------------------------------------\nPatreon: http://bit.ly/rmrpatreon\nBandcamp: http://bit.ly/2Kq617o\nSoundcloud: http://bit.ly/2NOH9Is\nSpotify: https://spoti.fi/2N40SoX\nGoogle Play: http://bit.ly/33M9aG5\niTunes: https://apple.co/2pqh3SK\nAmazon Music: https://amzn.to/2O9q1fe\nT-Shirts: http://bit.ly/rmrshirts\nTwitter: http://bit.ly/rmrtwitters\nWebsite: http://bit.ly/rmrmedia", "link": "https://www.youtube.com/watch?v=13F6jdHAs0o", "date_published": "2020-01-31 00:00:00+00:00", "persistent": false, "user": null, "language": "en-US"}]