[{"source": "https://www.youtube.com/feeds/videos.xml?channel_id=UC7v3-2K1N84V67IF-WTRG-Q", "title": "Gretel & Hansel - Movie Review", "description": "Thanks Audible for sponsoring.  Visit https://www.audible.com/jahns or text jahns to 500-500. Start listening with a 30-day Audible trial. Choose 1 audiobook and 2 Audible Originals absolutely free.\n\nA new telling of the Hansel & Gretel Grimm fairy tale. Here's my review of GRETEL & HANSEL!\n\n#GretelAndHansel", "link": "https://www.youtube.com/watch?v=i1pv8qq2LYQ", "date_published": "2020-01-31 00:00:00+00:00", "persistent": false, "user": null, "language": "en-US"}]