[{"source": "https://www.youtube.com/feeds/videos.xml?channel_id=UCBJycsmduvYEL83R_U4JriQ", "title": "Are we at Peak Smartphone?", "description": "Have we reached peak smartphone / endgame in 2020?\n\nMKBHD Merch: http://shop.MKBHD.com\n\nVideo Gear I use: http://kit.co/MKBHD/video-gear#recom...\nTech I'm using right now: https://www.amazon.com/shop/MKBHD\n\nIntro Track: \uc704\ub300\ud55c \uc21c\uac04 by The Quiett\nPlaylist of MKBHD Intro music: https://goo.gl/B3AWV5\n\n~\nhttp://twitter.com/MKBHD\nhttp://instagram.com/MKBHD\nhttp://facebook.com/MKBHD", "link": "https://www.youtube.com/watch?v=-DtSrdh5dHU", "date_published": "2020-01-31 00:00:00+00:00", "persistent": false, "user": null, "language": "en-US"}]