[{"source": "https://www.youtube.com/feeds/videos.xml?channel_id=UCwUizOU8pPWXdXNniXypQEQ", "title": "How Couples Were in January vs August 2020", "description": "Get your Cacao Bliss Here - https://earthechofoods.com/jpsears\n\nHow were couples in January vs August of 2020? Pre-pandemic couples had lots to look forward to in their relationships, including love. Since the lockdown hit, things have changed. Examine the various nuances that have changed in relationships!\n\n*For Comedy Show schedule and tickets: https://awakenwithjp.com/events/\n-My NEW Awakened Shirts are available! Claim yours here: https://awakenwithjp.com/shop\n\nListen and Subscribe to my NEW Podcast here: \nhttps://apple.co/3fFTbPC\nIt's also available everywhere else you get podcasts. Just search and subscribe to \"Awaken With JP Sears Show\"\n\nConnect with me at: \nhttp://www.facebook.com/AwakenWithJP\nhttp://www.Instagram.com/AwakenWithJP\nhttp://www.twitter.com/AwakenWithJP\nhttp://www.AwakenWithJP.com", "link": "https://www.youtube.com/watch?v=28LPTFCeLY4", "date_published": "2020-08-18 00:00:00+00:00", "persistent": false, "user": null, "language": "en-US"}]