[{"source": "https://www.youtube.com/feeds/videos.xml?channel_id=UCzQUP1qoWDoEbmsQxvdjxgQ", "title": "Joe Rogan Experience #1527 - David Blaine", "description": "David Blaine is an illusionist, endurance artist, and extreme performer. He is best known for his high-profile feats of endurance and has set and broken several world records. His new special \"Ascension\" premieres on YouTube live on August 31. @DavidBlaine https://www.youtube.com/watch?v=QwzvNAAqH3g", "link": "https://www.youtube.com/watch?v=NY3Zg37nIHo", "date_published": "2020-08-18 00:00:00+00:00", "persistent": false, "user": null, "language": "en-US"}]