[{"source": "https://www.youtube.com/feeds/videos.xml?channel_id=UCme4ZOv65uzGADXuvtHkSvA", "title": "Wstawaki [#587] Powr\u00f3t pandy", "description": "#Wstawaki #zr\u00f3bmydobrydzie\u0144 #AdamSzustakOP\n\"Wstawaki 2.0\" muz: Jan Smoczy\u0144ski || Agnieszka Musia\u0142  \n________________________________________\n\nAby nas wesprze\u0107 kliknij tu \u2192 https://patronite.pl/langustanapalmie\n\n\n\u266b S\u0142uchaj jako PODCAST Langusty: \nAnchor \u2192 https://anchor.fm/langusta-na-palmie\nSpreaker \u2192 https://www.spreaker.com/show/historie-potluczone\nSpotify \u2192 https://spoti.fi/2NVIRHb\niTunes \u2192 https://apple.co/2ZIPQZv\nGoogle Podcasts \u2192 https://bit.ly/2OlBWHx\n\nZapraszamy na nowy portal :\n\u2192 http://www.dominikanie.pl\nPolecamy subskrypcje portalu na YT\n\u2192 https://www.youtube.com/c/Dominikanieplportal  \nMo\u017cna nas r\u00f3wnie\u017c znale\u017a\u0107 na Facebooku: \n\u2192 https://www.facebook.com/dominikanie\n\nWi\u0119cej nagra\u0144 o. Adama znajdziesz na: \n\u2192 http://www.langustanapalmie.pl\nMo\u017cna nas r\u00f3wnie\u017c znale\u017a\u0107 na Facebooku: \n\u2192 https://www.facebook.com/LangustaNaPalmie\nTwitterze: \n\u2192 https://twitter.com/LangustaPalmowa\nInstagramie: \n\u2192 https://www.instagram.com/langustanapalmie/\n\nZapraszamy.", "link": "https://www.youtube.com/watch?v=v4KknkPJBgw", "date_published": "2020-08-19 00:00:00+00:00", "persistent": false, "user": null, "language": "pl-PL"}, {"source": "https://www.youtube.com/feeds/videos.xml?channel_id=UCme4ZOv65uzGADXuvtHkSvA", "title": "Wstawaki [#586] \u015awi\u0119to\u015b\u0107", "description": "#Wstawaki #zr\u00f3bmydobrydzie\u0144 #AdamSzustakOP\n\"Wstawaki 2.0\" muz: Jan Smoczy\u0144ski || Agnieszka Musia\u0142  \n________________________________________\n\nAby nas wesprze\u0107 kliknij tu \u2192 https://patronite.pl/langustanapalmie\n\n\n\u266b S\u0142uchaj jako PODCAST Langusty: \nAnchor \u2192 https://anchor.fm/langusta-na-palmie\nSpreaker \u2192 https://www.spreaker.com/show/historie-potluczone\nSpotify \u2192 https://spoti.fi/2NVIRHb\niTunes \u2192 https://apple.co/2ZIPQZv\nGoogle Podcasts \u2192 https://bit.ly/2OlBWHx\n\nZapraszamy na nowy portal :\n\u2192 http://www.dominikanie.pl\nPolecamy subskrypcje portalu na YT\n\u2192 https://www.youtube.com/c/Dominikanieplportal  \nMo\u017cna nas r\u00f3wnie\u017c znale\u017a\u0107 na Facebooku: \n\u2192 https://www.facebook.com/dominikanie\n\nWi\u0119cej nagra\u0144 o. Adama znajdziesz na: \n\u2192 http://www.langustanapalmie.pl\nMo\u017cna nas r\u00f3wnie\u017c znale\u017a\u0107 na Facebooku: \n\u2192 https://www.facebook.com/LangustaNaPalmie\nTwitterze: \n\u2192 https://twitter.com/LangustaPalmowa\nInstagramie: \n\u2192 https://www.instagram.com/langustanapalmie/\n\nZapraszamy.", "link": "https://www.youtube.com/watch?v=2n_lZRZVIv4", "date_published": "2020-08-18 00:00:00+00:00", "persistent": false, "user": null, "language": "pl-PL"}]