[{"source": "https://www.youtube.com/feeds/videos.xml?channel_id=UCnxGkOGNMqQEUMvroOWps6Q", "title": "David Blaine Freaks Joe Rogan Out With Crazy Ice Pick Trick", "description": "Taken from JRE #1527 w/David Blaine: https://youtu.be/NY3Zg37nIHo", "link": "https://www.youtube.com/watch?v=fZpt0lBq9co", "date_published": "2020-08-18 00:00:00+00:00", "persistent": false, "user": null, "language": "en-US"}, {"source": "https://www.youtube.com/feeds/videos.xml?channel_id=UCnxGkOGNMqQEUMvroOWps6Q", "title": "David Blaine Regurgitates a Live Frog on the Joe Rogan Experience", "description": "Taken from JRE #1527 w/David Blaine: https://youtu.be/NY3Zg37nIHo", "link": "https://www.youtube.com/watch?v=wyLhUHJZYvo", "date_published": "2020-08-18 00:00:00+00:00", "persistent": false, "user": null, "language": "en-US"}, {"source": "https://www.youtube.com/feeds/videos.xml?channel_id=UCnxGkOGNMqQEUMvroOWps6Q", "title": "David Blaine Started Hallucinating During His \"Frozen in Time\" Stunt", "description": "Taken from JRE #1527 w/David Blaine:\nhttps://youtu.be/NY3Zg37nIHo", "link": "https://www.youtube.com/watch?v=C4LraPdm5YI", "date_published": "2020-08-18 00:00:00+00:00", "persistent": false, "user": null, "language": "en-US"}, {"source": "https://www.youtube.com/feeds/videos.xml?channel_id=UCnxGkOGNMqQEUMvroOWps6Q", "title": "David Blaine is Lucky with Dice", "description": "Taken from JRE #1527 w/David Blaine:\nhttps://youtu.be/NY3Zg37nIHo", "link": "https://www.youtube.com/watch?v=UhV3uDea0aE", "date_published": "2020-08-18 00:00:00+00:00", "persistent": false, "user": null, "language": "en-US"}, {"source": "https://www.youtube.com/feeds/videos.xml?channel_id=UCnxGkOGNMqQEUMvroOWps6Q", "title": "Why David Blaine Learned to Hold His Breath for 17 Minutes", "description": "Taken from JRE #1527 w/David Blaine:\nhttps://youtu.be/NY3Zg37nIHo", "link": "https://www.youtube.com/watch?v=GjB0Dqoqbb8", "date_published": "2020-08-18 00:00:00+00:00", "persistent": false, "user": null, "language": "en-US"}]