[{"source": "https://www.youtube.com/feeds/videos.xml?channel_id=UC_7PqixGIdE-jjoHKMPYpGA", "title": "Czy bezpiecznie jest pi\u0107 wod\u0119 z kranu?", "description": "Podzi\u0119kowania dla \u25ba https://www.warszawskakranowka.pl \nPatronite \u25ba https://patronite.pl/NaukowyBelkot \nMoja ksi\u0105\u017cka \u25ba https://geny.altenberg.pl\r\nMix audio \u25ba http://ratstudios.pl/\r\n\r\nS\u0105 pytania ma\u0142o wa\u017cne, umiarkowanie wa\u017cne, wa\u017cne, bardzo wa\u017cne i takie, kt\u00f3re do ko\u0144ca nie wiemy jak wa\u017cne s\u0105. Jednym z nich jest pytanie o to, czy powinni\u015bmy pi\u0107 wod\u0119 z kranu, kt\u00f3ra (co prawda) jest 2-3 tysi\u0105ce razy ta\u0144sza od tej butelkowanej... ale przecie\u017c pochodzi z sieci wodoci\u0105gowej... a ona jest w ziemi i tam s\u0105 rury... i pobiera si\u0119 j\u0105 z rzek... no musi by\u0107 co\u015b z ni\u0105 nie tak... prawda? Odpowied\u017a w filmie.\n\r\nSubskrypcja \u25ba https://youtube.com/c/UwagaNaukowyBelkot\r\nFacebook \u25ba https://facebook.com/UwagaNaukowyBelkot\r\nTwitter \u25ba https://twitter.com/NaukowyBelkot\r\nInstagram \u25ba https://www.instagram.com/NaukowyBelkot/\r\n\n===\nTimestamp:\n0:00 Dylemat spragnionego\n2:27 Na pocz\u0105tek - odpowied\u017a\n5:05 Walka z koloidami\n9:40 Filtr, ozon, filtr i filtr\n15:15 To co? Chlor?\n\r\nWy\u0142\u0105cznie Naukowy Be\u0142kot \u25ba https://goo.gl/Do7VCc\r\nGrupa na facebooku \u25ba https://goo.gl/HP8J83\n\n===\n\u0179r\u00f3d\u0142a (wybrane):\n\nOdcinek powsta\u0142 we wsp\u00f3\u0142pracy z ekspertami warszawskich Filtr\u00f3w oraz w oparciu o 12 lat sp\u0119dzonych na studiowaniu chemii na lubelskim UMCS - wskazanie konkretnych prac jest wi\u0119c trudne...\n\nhttps://clark.com/deals-money-saving-advice/pepsi-aquafina-tap-water-best-bottled-waters/", "link": "https://www.youtube.com/watch?v=b1uMurqcc3Q", "date_published": "2020-08-19 00:00:00+00:00", "persistent": false, "user": null, "language": "en-US"}]