[{"source": "https://www.youtube.com/feeds/videos.xml?channel_id=UCLsnJt_eyqkGZ4ZEM__xCOg", "title": "DRUGIE NAJLEPSZE MIASTO W POLSCE (po Warszawie \ud83d\ude1c)", "description": "\ud83d\uddfa\ufe0f Ca\u0142y dzie\u0144 sp\u0119dzony w drugim najfajniejszym moim zdaniem mie\u015bcie w Polsce, czyli Wroc\u0142awiu :)\n\n\u2757 Zosta\u0144 Patronem kana\u0142u! \nhttps://patronite.pl/vlogcasha\n\nSprawd\u017a laptopa ASUS Zephyrus G14: https://www.asus.com/pl/Laptops/ROG-Zephyrus-G14/\n\nVlogi z Kolumbii: https://bit.ly/36tqlhH\n\ud83c\udf0f Vlogi z Azji P\u0142d-Wsch: https://bit.ly/2wrM9t2\n\ud83c\udde6\ud83c\uddfa Vlogi z Australii: https://bit.ly/2OJWYOy\n\ud83c\uddfa\ud83c\uddf8 Vlogi z \u017cycia i podr\u00f3\u017cy w USA: https://bit.ly/2ya73NV\n\ud83d\ude99Vlogi z autostopu 2018: https://bit.ly/2NbHzos\n\n\u25b8 Instagram: https://www.instagram.com/vlogcasha\n\u25b8 Facebook: https://www.facebook.com/vlogcasha/\nFilm zawiera fragment sponsorowany powsta\u0142y przy wsp\u00f3\u0142pracy z firm\u0105 ASUS :)", "link": "https://www.youtube.com/watch?v=YLTaEoEeIAo", "date_published": "2020-08-19 00:00:00+00:00", "persistent": false, "user": null, "language": "pl-PL"}]