[{"source": "https://www.youtube.com/feeds/videos.xml?channel_id=UC2eYFnH61tmytImy1mTYvhA", "title": "Gmail's dumb: Just host your own mail server!", "description": "I set up a mail server from scratch. Use Thunderbird, mutt or any other mail client to log in securely, just requires a domain name and a VPS/server. I use this script to help me:\nhttps://github.com/lukesmithxyz/emailwiz\n\nNot only will it automatically set up a Postfix and Dovecot server, but also Spamassassin and use OpenDKIM and SPF to validate and secure your mail domain to ensure that you can send messages to Gmail and other big addresses.\n\nMy registrar as used here is Epik: https://www.epik.com/?affid=we2ro7sa6 They are based.\nMy VPS is with Vultr: https://www.vultr.com/?ref=8384069-6G that affiliate link will give you a $100 credit to test the waters for the first month. A VPS after that can be about $3.50 a month.\n\nBy the way, once you do all this, you can also get a command-line based mail system with my mutt-wizard: https://github.com/lukesmithxyz/mutt-wizard\n\nWEBSITE: https://lukesmith.xyz \ud83c\udf10\u2753\ud83d\udd0e\nDONATE: https://lukesmith.xyz/donate \ud83d\udcb0\ud83d\ude0e\ud83d\udc4c\ud83d\udcaf\nOR affiliate links to things l use:\nhttps://www.epik.com/?affid=we2ro7sa6 Get a cheap and reliable domain name with Epik.\nhttps://www.vultr.com/?ref=8384069-6G Get a VPS and host a website or server for anything else.\nhttps://brave.com/luk005 Get the Brave browser.\nhttps://lbry.tv/$/invite/@Luke View my videos on LBRY.\nhttps://www.coinbase.com/join/smith_5to1 Get crypto-rich on Coinbase.", "link": "https://www.youtube.com/watch?v=9zP7qooM4pY", "date_published": "2020-06-22 00:00:00+00:00", "persistent": false, "user": null, "language": "en-US"}]