[{"source": "http://feeds.bbci.co.uk/news/rss.xml", "title": "Christian Li: The young Harry Potter fan on his music stardom", "description": "Christian Li, 12, Decca Classics' youngest artist, reveals how he relaxes when he isn't practising.", "link": "https://www.bbc.co.uk/news/entertainment-arts-53095727", "date_published": "2020-06-21 23:18:38+00:00", "persistent": false, "user": null, "language": "en-US"}, {"source": "http://feeds.bbci.co.uk/news/rss.xml", "title": "'After mum died, no-one talked about her for 15 years'", "description": "Iain Cunningham always knew his birth had something to do with his mum's death when he was three.", "link": "https://www.bbc.co.uk/news/stories-53050531", "date_published": "2020-06-21 23:17:24+00:00", "persistent": false, "user": null, "language": "en-US"}, {"source": "http://feeds.bbci.co.uk/news/rss.xml", "title": "Rethink: Pope Francis warns poor have become part of landscape", "description": "Pope Francis laments the \"hypocrisy\" of certain politicians in one of a series of essays for the BBC.", "link": "https://www.bbc.co.uk/news/world-53055220", "date_published": "2020-06-21 23:13:43+00:00", "persistent": false, "user": null, "language": "en-US"}, {"source": "http://feeds.bbci.co.uk/news/rss.xml", "title": "Arianna Huffington: 'Take time to recharge'", "description": "The author and founder of Thrive Global says companies need a new leadership playbook during the virus.", "link": "https://www.bbc.co.uk/news/business-53109531", "date_published": "2020-06-21 23:09:46+00:00", "persistent": false, "user": null, "language": "en-US"}, {"source": "http://feeds.bbci.co.uk/news/rss.xml", "title": "'I used to hate road cycling, now I design biking gear'", "description": "Remi Clermont is the founder and boss of cycling clothing firm Cafe du Cycliste.", "link": "https://www.bbc.co.uk/news/business-53079148", "date_published": "2020-06-21 23:09:30+00:00", "persistent": false, "user": null, "language": "en-US"}, {"source": "http://feeds.bbci.co.uk/news/rss.xml", "title": "Coronavirus in Nigeria: Changing women's representation through photography", "description": "Etinosa Yvonne's photographs challenge stereotypical representations of women during the pandemic.", "link": "https://www.bbc.co.uk/news/world-africa-53101081", "date_published": "2020-06-21 23:07:45+00:00", "persistent": false, "user": null, "language": "en-US"}, {"source": "http://feeds.bbci.co.uk/news/rss.xml", "title": "Glastonbury Festival: 50 years of memories", "description": "Images from attendees of Glastonbury Festival, which was due to celebrate a big anniversary this year.", "link": "https://www.bbc.co.uk/news/in-pictures-53079028", "date_published": "2020-06-21 23:07:11+00:00", "persistent": false, "user": null, "language": "en-US"}, {"source": "http://feeds.bbci.co.uk/news/rss.xml", "title": "Coronavirus: Social tree climbing 'boosts mental health'", "description": "A Hampshire company that teaches tree climbing has seen a surge in interest as lockdown eases.", "link": "https://www.bbc.co.uk/news/uk-england-hampshire-53090381", "date_published": "2020-06-21 23:05:14+00:00", "persistent": false, "user": null, "language": "en-US"}, {"source": "http://feeds.bbci.co.uk/news/rss.xml", "title": "Neo-Nazi militant group grooms teenagers", "description": "BBC One's Panorama reveals covert recordings of teenagers being groomed by a neo-Nazi militant group.", "link": "https://www.bbc.co.uk/news/uk-53128169", "date_published": "2020-06-21 23:04:16+00:00", "persistent": false, "user": null, "language": "en-US"}, {"source": "http://feeds.bbci.co.uk/news/rss.xml", "title": "Black Lives Matter: Parents and children talk about racism", "description": "Three black parents and their children discuss raising a black child, racism and the Black Lives Matter movement.", "link": "https://www.bbc.co.uk/news/uk-england-53113271", "date_published": "2020-06-21 23:00:20+00:00", "persistent": false, "user": null, "language": "en-US"}, {"source": "http://feeds.bbci.co.uk/news/rss.xml", "title": "Portable changing rooms and a saxophone player - a 'suitably surreal' Merseyside derby draw", "description": "Everton's goalless stalemate with Liverpool was a derby like no other with no fans present, writes BBC Sport's chief football writer Phil McNulty.", "link": "https://www.bbc.co.uk/sport/53128794", "date_published": "2020-06-21 22:35:05+00:00", "persistent": false, "user": null, "language": "en-US"}, {"source": "http://feeds.bbci.co.uk/news/rss.xml", "title": "William\u2019s double celebration on Father's Day", "description": "The prince, who turns 38 on Sunday, posed for photographs at home with his three young children.", "link": "https://www.bbc.co.uk/news/uk-53125817", "date_published": "2020-06-21 12:58:41+00:00", "persistent": false, "user": null, "language": "en-US"}, {"source": "http://feeds.bbci.co.uk/news/rss.xml", "title": "Reading stabbings: PM Johnson says he is 'appalled' by Reading attack", "description": "Police have arrested one man and declared the stabbings that left three people dead a terrorist incident.", "link": "https://www.bbc.co.uk/news/uk-england-berkshire-53127095", "date_published": "2020-06-21 12:48:37+00:00", "persistent": false, "user": null, "language": "en-US"}, {"source": "http://feeds.bbci.co.uk/news/rss.xml", "title": "Coronavirus: Government to 'bring forward proposals' on reducing 2m social distancing rule", "description": "Matt Hancock says he \"very much hopes\" to lower the social distancing measure in England.", "link": "https://www.bbc.co.uk/news/uk-politics-53127213", "date_published": "2020-06-21 12:45:35+00:00", "persistent": false, "user": null, "language": "en-US"}, {"source": "http://feeds.bbci.co.uk/news/rss.xml", "title": "Father of Paisley fire victims: 'Rest in peace little angels'", "description": "The siblings, aged, 12, eight and five, died after the fire in Paisley and their mother's condition remains critical.", "link": "https://www.bbc.co.uk/news/uk-scotland-glasgow-west-53126853", "date_published": "2020-06-21 12:39:54+00:00", "persistent": false, "user": null, "language": "en-US"}, {"source": "http://feeds.bbci.co.uk/news/rss.xml", "title": "Stolen book of late mother's writings returned to owner", "description": "Libby Day's mother prepared the book for her before she died but it was stolen from Miss Day's car.", "link": "https://www.bbc.co.uk/news/uk-england-nottinghamshire-53127046", "date_published": "2020-06-21 12:10:04+00:00", "persistent": false, "user": null, "language": "en-US"}, {"source": "http://feeds.bbci.co.uk/news/rss.xml", "title": "Seven die in separate Somali bomb attacks", "description": "Militants blow up their car at a military checkpoint and detonate bombs at a military official's house.", "link": "https://www.bbc.co.uk/news/world-africa-53127535", "date_published": "2020-06-21 11:44:17+00:00", "persistent": false, "user": null, "language": "en-US"}, {"source": "http://feeds.bbci.co.uk/news/rss.xml", "title": "'I'm jealous of football's minority representation' - ex-England cricketer Rainford-Brent", "description": "Former England cricketer Ebony Rainford-Brent says she is \"very jealous\" of the representation seen in football.", "link": "https://www.bbc.co.uk/sport/cricket/53127155", "date_published": "2020-06-21 11:17:04+00:00", "persistent": false, "user": null, "language": "en-US"}, {"source": "http://feeds.bbci.co.uk/news/rss.xml", "title": "In pictures: Rare solar eclipse darkens Asia on the summer solstice", "description": "Skywatchers photographed the \"ring of fire\", where the moon passes between the Earth and the Sun.", "link": "https://www.bbc.co.uk/news/world-asia-53120704", "date_published": "2020-06-21 11:12:37+00:00", "persistent": false, "user": null, "language": "en-US"}, {"source": "http://feeds.bbci.co.uk/news/rss.xml", "title": "Manchester shooting: Man dead and another critically injured", "description": "A 36-year-old man dies and a 21-year-old is in a critical condition after a shooting in Manchester.", "link": "https://www.bbc.co.uk/news/uk-england-manchester-53125627", "date_published": "2020-06-21 10:34:31+00:00", "persistent": false, "user": null, "language": "en-US"}, {"source": "http://feeds.bbci.co.uk/news/rss.xml", "title": "'Klopp will always be special to Liverpool'", "description": "Trent Alexander-Arnold says manager Jurgen Klopp \"will always be special to the club\" as Liverpool close in on their first league title in 30 years.", "link": "https://www.bbc.co.uk/sport/football/53099809", "date_published": "2020-06-21 08:40:02+00:00", "persistent": false, "user": null, "language": "en-US"}, {"source": "http://feeds.bbci.co.uk/news/rss.xml", "title": "Donald Trump: Tulsa rally fails to draw expected crowds amid virus fears", "description": "The US president addressed a smaller than expected crowd in his first campaign rally since March.", "link": "https://www.bbc.co.uk/news/world-us-canada-53121488", "date_published": "2020-06-21 07:09:18+00:00", "persistent": false, "user": null, "language": "en-US"}, {"source": "http://feeds.bbci.co.uk/news/rss.xml", "title": "Newspaper headlines: Stabbing 'horror' as knifeman goes on 'rampage'", "description": "The attack in a park in Reading, which left three people dead, leads many of Sunday's front pages.", "link": "https://www.bbc.co.uk/news/blogs-the-papers-53124088", "date_published": "2020-06-21 04:41:26+00:00", "persistent": false, "user": null, "language": "en-US"}, {"source": "http://feeds.bbci.co.uk/news/rss.xml", "title": "'Racism protests do not get to the root of the problem'", "description": "Qasim Lozano, says microaggressions that are more subtle and less blatant forms of racism have to be stamped out first.", "link": "https://www.bbc.co.uk/news/uk-scotland-edinburgh-east-fife-53109136", "date_published": "2020-06-21 03:21:21+00:00", "persistent": false, "user": null, "language": "en-US"}, {"source": "http://feeds.bbci.co.uk/news/rss.xml", "title": "The new way to travel if you're disabled and use access", "description": "The way disabled people travel has changed and so has the access on offer - here's what to expect.", "link": "https://www.bbc.co.uk/news/disability-52927781", "date_published": "2020-06-21 01:25:28+00:00", "persistent": false, "user": null, "language": "en-US"}, {"source": "http://feeds.bbci.co.uk/news/rss.xml", "title": "'I slept rough in London while seven months pregnant'", "description": "Sarah Kamati was heavily pregnant when she and her partner were rejected by the immigration system.", "link": "https://www.bbc.co.uk/news/uk-england-london-52721999", "date_published": "2020-06-21 01:22:54+00:00", "persistent": false, "user": null, "language": "en-US"}, {"source": "http://feeds.bbci.co.uk/news/rss.xml", "title": "Life with a stoma: Is there enough mental health support for those facing surgery?", "description": "Stoma patients reveal the highs and lows of life-changing surgery and ask if enough mental health support is available, following the death of a man.", "link": "https://www.bbc.co.uk/news/disability-53106958", "date_published": "2020-06-21 01:20:04+00:00", "persistent": false, "user": null, "language": "en-US"}, {"source": "http://feeds.bbci.co.uk/news/rss.xml", "title": "My Money: 'I wonder if my wallet or body will recover?'", "description": "Zak Hoblyn from London takes us through his week as a first-time buyer during the Covid-19 pandemic.", "link": "https://www.bbc.co.uk/news/business-53008102", "date_published": "2020-06-21 01:17:04+00:00", "persistent": false, "user": null, "language": "en-US"}, {"source": "http://feeds.bbci.co.uk/news/rss.xml", "title": "Container enthusiasm: How to grow lockdown veg in a tiny space", "description": "The lockdown gardening boom has become a phenomenon but how do you join if you don't have a garden?", "link": "https://www.bbc.co.uk/news/uk-52844039", "date_published": "2020-06-21 01:16:27+00:00", "persistent": false, "user": null, "language": "en-US"}, {"source": "http://feeds.bbci.co.uk/news/rss.xml", "title": "Coronavirus quiz: Do you really know Britain's lockdown rules?", "description": "Take this quiz to test your knowledge of the government's advice on coronavirus during the summer in the UK .", "link": "https://www.bbc.co.uk/news/uk-53093943", "date_published": "2020-06-21 00:54:22+00:00", "persistent": false, "user": null, "language": "en-US"}]