[{"source": "https://www.youtube.com/feeds/videos.xml?channel_id=UCXuqSBlHAE6Xw-yeJA0Tunw", "title": "Why are Drive Manufacturers in BIG TROUBLE?", "description": "Get a $20 Off Perk on the Massdrop x Sennheiser PC37X Gaming Headset at https://dro.ps/linustechtips-may-pc37x\n\nUse code LINUS and get 25% off GlassWire at https://lmg.gg/glasswire\n\nHard drive companies have been caught secretly selling Shingled Magnetic Recording (SMR) hard drives with bad-to-unusable performance. But how bad is it really?\n\nCheck out ServeTheHome's coverage of this issue: \nhttps://www.servethehome.com/wd-red-smr-vs-cmr-tested-avoid-red-smr/\nAdditional details: https://www.servethehome.com/wd-red-dm-smr-update-3-vendors-bail-and-wd-knew-of-zfs-issues/\nAlso, on the swapping SMR drives and not telling anyone: https://www.servethehome.com/surreptitiously-swapping-smr-into-hard-drives-must-end/\n\nArs Technica's tests: https://arstechnica.com/gadgets/2020/06/western-digitals-smr-disks-arent-great-but-theyre-not-garbage/\n\nBuy an SSD\nOn Amazon (PAID LINK): https://geni.us/1mgYd\nOn Newegg (PAID LINK): https://geni.us/04XXYR\nOn B&H (PAID LINK): https://geni.us/IYRC\n\nBuy a Phanteks Case\nOn Amazon (PAID LINK): https://geni.us/9Bzgb63\nOn Newegg (PAID LINK): https://geni.us/RY8Gq\nOn B&H (PAID LINK): https://geni.us/662r0Rs\n\nPurchases made through some store links may provide some compensation to Linus Media Group.\n\nDiscuss on the forum: https://linustechtips.com/main/topic/1212941-why-are-drive-manufacturers-in-trouble/\n\n\nGET MERCH: http://www.LTTStore.com/\nSUPPORT US ON FLOATPLANE: https://www.floatplane.com/  \nLTX EXPO: https://www.ltxexpo.com/   \n\nAFFILIATES & REFERRALS\n---------------------------------------------------\nAffiliates, Sponsors & Referrals: https://lmg.gg/sponsors\nGet Private Internet Access VPN at https://lmg.gg/pialinus2\nGet a Mech Keyboard: https://geni.us/RecNBTI\nNEEDforSEAT Gaming Chairs: https://geni.us/needforseat\nGet a Displate Metal Print at https://lmg.gg/displateltt\nUse code LINUSMEDIAGROUP on Epic Games Store: https://lmg.gg/kRTpY\nGet a 30-day free trial of Amazon Prime at https://lmg.gg/8KV1v\nOur Gear on Amazon: https://geni.us/lmgamazon\n \nFOLLOW US ELSEWHERE\n---------------------------------------------------  \nTwitter: https://twitter.com/linustech\nFacebook: http://www.facebook.com/LinusTech\nInstagram: https://www.instagram.com/linustech\nTwitch: https://www.twitch.tv/linustech\n\nFOLLOW OUR OTHER CHANNELS\n---------------------------------------------------  \nTechquickie: https://lmg.gg/techquickieyt\nTechLinked: https://lmg.gg/techlinkedyt\nShortCircuit: https://lmg.gg/shortcircuityt\n\nLMG Clips: https://lmg.gg/lmgclipsyt\nChannel Super Fun: https://lmg.gg/channelsuperfunyt\nCarpool Critics: https://lmg.gg/carpoolcriticsyt\n\nMUSIC CREDIT\n---------------------------------------------------  \nTitle: Laszlo - Supernova\nVideo Link: https://www.youtube.com/watch?v=PKfxmFU3lWY\niTunes Download Link: https://itunes.apple.com/us/album/supernova/id936805712\nArtist Link: https://soundcloud.com/laszlomusic\n\nOutro Screen Music Credit: Approaching Nirvana - Sugar High http://www.youtube.com/approachingnirvana\n\nMonitor And Keyboard by vadimmihalkevich / CC BY 4.0 https://lmg.gg/fxHYK \nMechanical RGB Keyboard by BigBrotherECE / CC BY 4.0 https://lmg.gg/Q9yyQ \nMouse Gamer free Model By Oscar Creativo / CC BY 4.0 https://lmg.gg/8upii", "link": "https://www.youtube.com/watch?v=aztTf2gI55k", "date_published": "2020-06-22 00:00:00+00:00", "persistent": false, "user": null, "language": "en-US"}, {"source": "https://www.youtube.com/feeds/videos.xml?channel_id=UCXuqSBlHAE6Xw-yeJA0Tunw", "title": "Fixing Apple's Engineering in an Hour", "description": "Receive an additional $25 credit for Ting today when you sign up at https://linus.ting.com/\n\nThe MacBook Air 2020 is a real hot boi... soon it'll be a cool dude. You knew this was coming, we water cooled the MacBook Air.\n\nBuy Macbook Air 2020\nOn Amazon (PAID LINK): https://geni.us/zsjj7\nOn Newegg (PAID LINK): https://geni.us/LtadPX1\nOn B&H (PAID LINK): https://geni.us/z2rQ\n\nBuy Intel Gaming CPUs\nOn Amazon (PAID LINK): https://geni.us/UuisI9\nOn Newegg (PAID LINK): https://geni.us/IomL\nOn B&H (PAID LINK): https://geni.us/ORChLCr\n\nPurchases made through some store links may provide some compensation to Linus Media Group.\n\nDiscuss on the forum: https://linustechtips.com/main/topic/1212516-fixing-apples-engineering-in-an-hour/\n\n\nGET MERCH: http://www.LTTStore.com/\nSUPPORT US ON FLOATPLANE: https://www.floatplane.com/  \nLTX EXPO: https://www.ltxexpo.com/   \n\nAFFILIATES & REFERRALS\n---------------------------------------------------\nAffiliates, Sponsors & Referrals: https://lmg.gg/sponsors\nGet Private Internet Access VPN at https://lmg.gg/pialinus2\nGet a Mech Keyboard: https://geni.us/RecNBTI\nNEEDforSEAT Gaming Chairs: https://geni.us/needforseat\nGet a Displate Metal Print at https://lmg.gg/displateltt\nUse code LINUSMEDIAGROUP on Epic Games Store: https://lmg.gg/kRTpY\nGet a 30-day free trial of Amazon Prime at https://lmg.gg/8KV1v\nOur Gear on Amazon: https://geni.us/lmgamazon\n \nFOLLOW US ELSEWHERE\n---------------------------------------------------  \nTwitter: https://twitter.com/linustech\nFacebook: http://www.facebook.com/LinusTech\nInstagram: https://www.instagram.com/linustech\nTwitch: https://www.twitch.tv/linustech\n\nFOLLOW OUR OTHER CHANNELS\n---------------------------------------------------  \nTechquickie: https://lmg.gg/techquickieyt\nTechLinked: https://lmg.gg/techlinkedyt\nShortCircuit: https://lmg.gg/shortcircuityt\n\nLMG Clips: https://lmg.gg/lmgclipsyt\nChannel Super Fun: https://lmg.gg/channelsuperfunyt\nCarpool Critics: https://lmg.gg/carpoolcriticsyt\n\nMUSIC CREDIT\n---------------------------------------------------  \nTitle: Laszlo - Supernova\nVideo Link: https://www.youtube.com/watch?v=PKfxmFU3lWY\niTunes Download Link: https://itunes.apple.com/us/album/supernova/id936805712\nArtist Link: https://soundcloud.com/laszlomusic\n\nOutro Screen Music Credit: Approaching Nirvana - Sugar High http://www.youtube.com/approachingnirvana\n\nMonitor And Keyboard by vadimmihalkevich / CC BY 4.0 https://lmg.gg/fxHYK \nMechanical RGB Keyboard by BigBrotherECE / CC BY 4.0 https://lmg.gg/Q9yyQ \nMouse Gamer free Model By Oscar Creativo / CC BY 4.0 https://lmg.gg/8upii", "link": "https://www.youtube.com/watch?v=MlOPPuNv4Ec", "date_published": "2020-06-21 00:00:00+00:00", "persistent": false, "user": null, "language": "en-US"}]