[{"source": "https://www.youtube.com/feeds/videos.xml?channel_id=UC3I2GFN_F8WudD_2jUZbojA", "title": "Emily King - Already There (Live on KEXP)", "description": "http://KEXP.ORG presents Emily King performing \"Already There\" live in the KEXP studio. Recorded January 31, 2020.\n\nHost: Stas THEE Boss\nAudio Engineer: Kevin Suggs\nCameras: Jim Beckmann, Scott Holpainen & Justin Wilmore\nEditor: Jim Beckmann\n\nhttp://kexp.org\nhttps://www.emilykingmusic.com", "link": "https://www.youtube.com/watch?v=a94aSxDVhvk", "date_published": "2020-06-22 00:00:00+00:00", "persistent": false, "user": null, "language": "en-US"}, {"source": "https://www.youtube.com/feeds/videos.xml?channel_id=UC3I2GFN_F8WudD_2jUZbojA", "title": "Emily King - Distance (Live on KEXP)", "description": "http://KEXP.ORG presents Emily King performing \"Distance\" live in the KEXP studio. Recorded January 31, 2020.\n\nHost: Stas THEE Boss\nAudio Engineer: Kevin Suggs\nCameras: Jim Beckmann, Scott Holpainen & Justin Wilmore\nEditor: Jim Beckmann\n\nhttp://kexp.org\nhttps://www.emilykingmusic.com", "link": "https://www.youtube.com/watch?v=gkaNQAeAyuA", "date_published": "2020-06-22 00:00:00+00:00", "persistent": false, "user": null, "language": "en-US"}, {"source": "https://www.youtube.com/feeds/videos.xml?channel_id=UC3I2GFN_F8WudD_2jUZbojA", "title": "Emily King - Full Performance (Live on KEXP)", "description": "http://KEXP.ORG presents Emily King performing live in the KEXP studio. Recorded January 31, 2020.\n\nSongs:\nLook At Me Now\nAlready There\nDistance\nGo Back\n\nHost: Stas THEE Boss\nAudio Engineer: Kevin Suggs\nCameras: Jim Beckmann, Scott Holpainen & Justin Wilmore\nEditor: Jim Beckmann\n\nhttp://kexp.org\nhttps://www.emilykingmusic.com", "link": "https://www.youtube.com/watch?v=NKSLVgWf4Bs", "date_published": "2020-06-22 00:00:00+00:00", "persistent": false, "user": null, "language": "en-US"}, {"source": "https://www.youtube.com/feeds/videos.xml?channel_id=UC3I2GFN_F8WudD_2jUZbojA", "title": "Emily King - Go Back (Live on KEXP)", "description": "http://KEXP.ORG presents Emily King performing \"Go Back\" live in the KEXP studio. Recorded January 31, 2020.\n\nHost: Stas THEE Boss\nAudio Engineer: Kevin Suggs\nCameras: Jim Beckmann, Scott Holpainen & Justin Wilmore\nEditor: Jim Beckmann\n\nhttp://kexp.org\nhttps://www.emilykingmusic.com", "link": "https://www.youtube.com/watch?v=nhlfFC0vTZA", "date_published": "2020-06-22 00:00:00+00:00", "persistent": false, "user": null, "language": "en-US"}, {"source": "https://www.youtube.com/feeds/videos.xml?channel_id=UC3I2GFN_F8WudD_2jUZbojA", "title": "Emily King - Look At Me Now (Live on KEXP)", "description": "http://KEXP.ORG presents Emily King performing \"Look At Me Now\" live in the KEXP studio. Recorded January 31, 2020.\r\n\r\nHost: Stas THEE Boss\r\nAudio Engineer: Kevin Suggs\r\nCameras: Jim Beckmann, Scott Holpainen & Justin Wilmore\r\nEditor: Jim Beckmann\r\n\r\nhttp://kexp.org\nhttps://www.emilykingmusic.com", "link": "https://www.youtube.com/watch?v=l7HwftFcWcU", "date_published": "2020-06-22 00:00:00+00:00", "persistent": false, "user": null, "language": "en-US"}]