[{"source": "https://www.youtube.com/feeds/videos.xml?channel_id=UCw--xPGVVxYzRsWyV1nFqgg", "title": "A Malazan RANT!", "description": "I finished two more Malazan books and have a lot to say. Reapers Gale and Toll the Hounds were both solid, but Malazans weaknesses are becoming more apparent. \n\nMerch: https://teespring.com/stores/fantasy-news-2\nPatreon: https://www.patreon.com/DanielBGreene\nAmazon: https://www.amazon.com/shop/danielgreene\nDiscord Server: https://discord.gg/xUzhVv4\nTwitter: https://twitter.com/DanielBGreene?lang=en\nTwitch: https://www.twitch.tv/fantasynews\nInstagram: https://www.instagram.com/dgreene101/\nGoodReads: https://www.goodreads.com/user/show/82239739-daniel-greene\nSubreddit: https://www.reddit.com/r/danielgreene", "link": "https://www.youtube.com/watch?v=PhyY2Hh0cWs", "date_published": "2020-06-22 00:00:00+00:00", "persistent": false, "user": null, "language": "en-US"}, {"source": "https://www.youtube.com/feeds/videos.xml?channel_id=UCw--xPGVVxYzRsWyV1nFqgg", "title": "Being A Dyslexic Book Critic/Reader (My Experience/Advice)", "description": "I talk about books for a living. I also suffer from severe dyslexia. Let's talk about that! \nMerch: https://teespring.com/stores/fantasy-news-2\nPatreon: https://www.patreon.com/DanielBGreene\nAmazon: https://www.amazon.com/shop/danielgreene\nDiscord Server: https://discord.gg/xUzhVv4\nTwitter: https://twitter.com/DanielBGreene?lang=en\nTwitch: https://www.twitch.tv/fantasynews\nInstagram: https://www.instagram.com/dgreene101/\nGoodReads: https://www.goodreads.com/user/show/82239739-daniel-greene\nSubreddit: https://www.reddit.com/r/danielgreene", "link": "https://www.youtube.com/watch?v=PwjbqNUVAqg", "date_published": "2020-06-21 00:00:00+00:00", "persistent": false, "user": null, "language": "en-US"}]