[{"source": "https://www.youtube.com/feeds/videos.xml?channel_id=UC3I2GFN_F8WudD_2jUZbojA", "title": "The New Pornographers - Dreamlike And On The Rush (Live on KEXP)", "description": "http://KEXP.ORG presents The New Pornographers performing \"Dreamlike And On The Rush\" live in the KEXP studio. Recorded January 30, 2020.\n\nHost:Cheryl Waters\nAudio Engineer: Kevin Suggs\nCameras: Jim Beckmann, Scott Holpainen & Justin Wilmore\nEditor: Scott Holpainen\n\nhttp://kexp.org\nhttp://www.thenewpornographers.com", "link": "https://www.youtube.com/watch?v=6n0K8h2mAkg", "date_published": "2020-06-26 00:00:00+00:00", "persistent": false, "user": null, "language": "en-US"}, {"source": "https://www.youtube.com/feeds/videos.xml?channel_id=UC3I2GFN_F8WudD_2jUZbojA", "title": "The New Pornographers - Falling Down The Stairs Of Your Smile (Live on KEXP)", "description": "http://KEXP.ORG presents The New Pornographers performing \"Falling Down The Stairs Of Your Smile\" live in the KEXP studio. Recorded January 30, 2020.\r\n\r\nHost:Cheryl Waters\r\nAudio Engineer: Kevin Suggs\r\nCameras: Jim Beckmann, Scott Holpainen & Justin Wilmore\r\nEditor: Scott Holpainen\r\n\r\nhttp://kexp.org\nhttp://www.thenewpornographers.com", "link": "https://www.youtube.com/watch?v=6fSQ_E0qSLk", "date_published": "2020-06-26 00:00:00+00:00", "persistent": false, "user": null, "language": "en-US"}, {"source": "https://www.youtube.com/feeds/videos.xml?channel_id=UC3I2GFN_F8WudD_2jUZbojA", "title": "The New Pornographers - Full Performance (Live on KEXP)", "description": "http://KEXP.ORG presents The New Pornographers performing live in the KEXP studio. Recorded January 30, 2020.\n\nSongs:\nFalling Down The Stairs Of Your Smile\nThe Surprise Knock\nHigher Beams\nYou Won't Need Those Where You're Going\nDreamlike And On The Rush\n\nHost:Cheryl Waters\nAudio Engineer: Kevin Suggs\nCameras: Jim Beckmann, Scott Holpainen & Justin Wilmore\nEditor: Scott Holpainen\n\nhttp://kexp.org\nhttp://www.thenewpornographers.com", "link": "https://www.youtube.com/watch?v=WhHtWOUQf-o", "date_published": "2020-06-26 00:00:00+00:00", "persistent": false, "user": null, "language": "en-US"}, {"source": "https://www.youtube.com/feeds/videos.xml?channel_id=UC3I2GFN_F8WudD_2jUZbojA", "title": "The New Pornographers - Higher Beams (Live on KEXP)", "description": "http://KEXP.ORG presents The New Pornographers performing \"Higher Beams\" live in the KEXP studio. Recorded January 30, 2020.\n\nHost:Cheryl Waters\nAudio Engineer: Kevin Suggs\nCameras: Jim Beckmann, Scott Holpainen & Justin Wilmore\nEditor: Scott Holpainen\n\nhttp://kexp.org\nhttp://www.thenewpornographers.com", "link": "https://www.youtube.com/watch?v=FOeBuKBRe7Q", "date_published": "2020-06-26 00:00:00+00:00", "persistent": false, "user": null, "language": "en-US"}, {"source": "https://www.youtube.com/feeds/videos.xml?channel_id=UC3I2GFN_F8WudD_2jUZbojA", "title": "The New Pornographers - The Surprise Knock (Live on KEXP)", "description": "http://KEXP.ORG presents The New Pornographers performing \"The Surprise Knock\" live in the KEXP studio. Recorded January 30, 2020.\n\nHost:Cheryl Waters\nAudio Engineer: Kevin Suggs\nCameras: Jim Beckmann, Scott Holpainen & Justin Wilmore\nEditor: Scott Holpainen\n\nhttp://kexp.org\nhttp://www.thenewpornographers.com", "link": "https://www.youtube.com/watch?v=9zVFo-XY55w", "date_published": "2020-06-26 00:00:00+00:00", "persistent": false, "user": null, "language": "en-US"}, {"source": "https://www.youtube.com/feeds/videos.xml?channel_id=UC3I2GFN_F8WudD_2jUZbojA", "title": "The New Pornographers - You Won't Need Those Where You're Going (Live on KEXP)", "description": "http://KEXP.ORG presents The New Pornographers performing \"You Won't Need Those Where You're Going\" live in the KEXP studio. Recorded January 30, 2020.\n\nHost:Cheryl Waters\nAudio Engineer: Kevin Suggs\nCameras: Jim Beckmann, Scott Holpainen & Justin Wilmore\nEditor: Scott Holpainen\n\nhttp://kexp.org\nhttp://www.thenewpornographers.com", "link": "https://www.youtube.com/watch?v=x-MXhBUPMA4", "date_published": "2020-06-26 00:00:00+00:00", "persistent": false, "user": null, "language": "en-US"}]