[{"source": "https://www.youtube.com/feeds/videos.xml?channel_id=UCBJycsmduvYEL83R_U4JriQ", "title": "Apple Responds to Your Comments!", "description": "Some insight with Craig Federighi about the iOS 14 and the more controversial 2020 announcements!\nFull WVFRM episode: http://bit.ly/WaveformMKBHD\nThanks for ExpressVPN for sponsoring: http://expressvpn.com/MKBHD\n\nWWDC 2020 Impressions: https://youtu.be/0we7kcmgDOw\niOS 14 Hands-On: https://youtu.be/ZLyDvABxGF0\n\nTimestamps:\n0:00 Intro\n1:32 Default Apps\n5:08 Siri\n8:34 MacOS Big Sur Design/Icons\n14:30 iPad Weather and Calculator\n16:06 Apple Watch on iPad\n17:38 Sponsor\n\nMKBHD Merch: http://shop.MKBHD.com\n\nVideo Gear I use: http://kit.co/MKBHD/video-gear#recom...\nTech I'm using right now: https://www.amazon.com/shop/MKBHD\n\nIntro Track: Jordyn Edmonds http://smarturl.it/jordynedmonds\nPlaylist of MKBHD Intro music: https://goo.gl/B3AWV5\n\n~\nhttp://twitter.com/MKBHD\nhttp://instagram.com/MKBHD\nhttp://facebook.com/MKBHD", "link": "https://www.youtube.com/watch?v=Q2aaCDNjWEg", "date_published": "2020-06-26 00:00:00+00:00", "persistent": false, "user": null, "language": "en-US"}]