[{"source": "https://www.youtube.com/feeds/videos.xml?channel_id=UCXuqSBlHAE6Xw-yeJA0Tunw", "title": "Building the Ultimate CPU Cooler!", "description": "Check out the March Expo 2020 on Alibaba, and get the Ecovacs Deebot Ozmo at https://bit.ly/MarchExpo_Linus1\n\nOur sub-zero chiller is pretty awesome for cooling CPUs... but pretty bad at being safe. Today that changes.\n\nLearn more about welding (This Old Tony): https://youtu.be/Vfhz9anpaWE\nLearn more about GFCI (ElectroBOOM): https://youtu.be/GlM6PE2kKVY\n\nBuy Corsair RGB Fans \nOn Amazon (PAID LINK): https://geni.us/LiapfP \nOn Newegg: https://geni.us/SvSwP\n\nPurchases made through some store links may provide some compensation to Linus Media Group.\n\nDiscuss on the forum: https://linustechtips.com/main/topic/1167206-building-the-ultimate-cpu-cooler/\n\nOur Affiliates, Referral Programs, and Sponsors: https://lmg.gg/sponsors\nGet Private Internet Access VPN at https://lmg.gg/pialinus2\nGet a Displate Metal Print at https://lmg.gg/displateltt\nGet a 30-day free trial of Amazon Prime at https://lmg.gg/8KV1v\n\nLinus Tech Tips merchandise at http://www.LTTStore.com/ \nOur Test Benches on Amazon: https://www.amazon.com/shop/linustechtips \nOur production gear: http://geni.us/cvOS\nGet your ticket to LTX 2020: https://www.ltxexpo.com/\n\nTwitter - https://twitter.com/linustech\nFacebook - http://www.facebook.com/LinusTech\nInstagram - https://www.instagram.com/linustech\nTwitch - https://www.twitch.tv/linustech \n\nIntro Screen Music Credit:\nTitle: Laszlo - Supernova\nVideo Link: https://www.youtube.com/watch?v=PKfxmFU3lWY\niTunes Download Link: https://itunes.apple.com/us/album/supernova/id936805712\nArtist Link: https://soundcloud.com/laszlomusic\n\nOutro Screen Music Credit: Approaching Nirvana - Sugar High http://www.youtube.com/approachingnirvana", "link": "https://www.youtube.com/watch?v=nwCtvpgwm5o", "date_published": "2020-03-21 00:00:00+00:00", "persistent": false, "user": null, "language": "en-US"}, {"source": "https://www.youtube.com/feeds/videos.xml?channel_id=UCXuqSBlHAE6Xw-yeJA0Tunw", "title": "More Xbox Series X Details - IT'S A PC! - WAN Show Mar 20, 2020", "description": "Get $25 off Vessifootwear with offer code LINUSTECHTIPS at https://www.vessifootwear.com/linustechtips\n\nSave 15% today with offer code LTT on Displate at https://lmg.gg/displatewan\n\nSign up for Private Internet Access VPN at https://lmg.gg/piawan\n\nBuy LTX 2020 Presented by Intel Tickets: https://lmg.gg/ltx20tickets\nLearn more about LTX 2020: https://www.ltxexpo.com/\nLTX 2020 Activities: https://www.ltxexpo.com/attractions\nLTX 2020 Special Guests: https://www.ltxexpo.com/guests\n\nBuy an LTT shirt, hoodie, hat, and even our own water bottle at https://lmg.gg/wanlttstore\n\nCheck out Carpool Critics, our new movie podcast: https://www.youtube.com/channel/UCt-oJR5teQIjOAxCmIQvcgA\n\nTimestamps: (Courtesy of Lloyd Dunamis)\n\n0:00:06 Linus's Best Day Ever\n0:01:38 Ultimate Machine for Folding@Home & Quick&Easy F@H Startup Guide Video (Video Spoiler Alert)\n0:06:15 WAN Show Topics review\n0:06:52 INTRO\n0:07:27 Where were we last week?\n0:12:27 LMG: COVID-19 Concern and How We Stay Safe\n0:17:51     Culture change: Work From Home (WFH)\n0:21:09     \"How do you stay fit?\"\n0:24:26     Linus's Medical Concern - Torn Meniscus\n0:29:32 X-Box Series X Specs\n0:31:34     4KU Blu-ray drive interest & General Blu-ray topics\n0:39:48     Specs resume\n0:42:20 LTX Store Stock Update (volume for backstage Nick)\n0:45:22 Shameless Self-Promotion: Carpool Critics\n    0:52:23 SPONSORS\n    0:52:27 Vessi Footwear\n    0:53:40 Displate\n    0:55:13 PIA - Private Internet Access\n    0:56:00     Submerged Vessi Footwear quick result\n0:56:54 DirectX 12 ~Ultimate~\n0:59:18     \"Do away with bad console ports\"\n1:01:48 Gamestop, An Essential Service? Still Open Amidst Pandemic\n1:03:50 SUPACHATS\n1:04:09     Tech QoL Improvements for Family - Good WiFi\n1:06:12     Bidets (aka. bum gun, butt hose, etc)\n1:08:54     HowMuchToiletPaper.com\n1:11:46     Half-Life Alyx interest\n1:13:32     Linus looks physically tired - played 6hrs of Anna\n1:14:25     Laundry experience\n1:17:37     \"Feathers or Nylon?\" Racism in Badminton\n1:23:23 OUTRO\n\nPodcast Download: http://traffic.libsyn.com/linustechtips/More_Xbox_Series_X_Details_-_ITS_A_PC_-_WAN_Show_Mar_20_2020.mp3", "link": "https://www.youtube.com/watch?v=L15Ox1WN1yQ", "date_published": "2020-03-20 00:00:00+00:00", "persistent": false, "user": null, "language": "en-US"}]