[{"source": "https://www.youtube.com/feeds/videos.xml?channel_id=UCFQMnBA3CS502aghlcr0_aw", "title": "\"I won't commit to not suing you\" - PETER SAGE VS COFFEEZILLA DEBATE", "description": "Peter asked to come defend himself, saying I took him out of context when I showed him promoting MMS (industrial bleach) as a cure for Coronavirus.", "link": "https://www.youtube.com/watch?v=e6-mbhfT-sM", "date_published": "2020-03-21 00:00:00+00:00", "persistent": false, "user": null, "language": "en-US"}, {"source": "https://www.youtube.com/feeds/videos.xml?channel_id=UCFQMnBA3CS502aghlcr0_aw", "title": "Cyberbullying Voldemort (his real name is Kevin)", "description": "He who shall not be named will falsely flag you on Twitter, Youtube and Instagram if you cross him. \n\nTHOU SHALT NOT CRITICIZE KEVIN!!!!", "link": "https://www.youtube.com/watch?v=6Yslqj9e75c", "date_published": "2020-03-20 00:00:00+00:00", "persistent": false, "user": null, "language": "en-US"}]