[{"source": "https://www.youtube.com/feeds/videos.xml?channel_id=UCjr2bPAyPV7t35MvcgT3W8Q", "title": "How to protect your online privacy in 2020 | Tutorial", "description": "This the Hated One's latest privacy tutorial in 2020. Learn the mindset on how to protect your privacy online with an easy to follow guide.\nPlease support me through Patreon: https://www.patreon.com/thehatedone \n- or donate anonymously:\n\nMonero: 84DYxU8rPzQ88SxQqBF6VBNfPU9c5sjDXfTC1wXkgzWJfVMQ9zjAULL6rd11ASRGpxD1w6jQrMtqAGkkqiid5ef7QDroTPp\n\nBitcoin: 1HkDxXAVDFhBHSyRjam5WW5uoY88sxn5qz\n\nSources\nGoogle tracks you everywhere  https://www.forbes.com/sites/johnkoetsier/2020/03/11/google-is-tracking-you-on-86-of-the-top-50000-websites-on-the-planet/\nThird party trackers in mobile apps https://arxiv.org/pdf/1804.03603.pdf \nSecret consumer score https://www.nytimes.com/2019/11/04/business/secret-consumer-score-access.html \n\n*Tools*\n\nSearch\n\nDuckDuckGo https://www.duck.com\nQwant https://www.qwant.com\nSearx  https://www.searx.me\nStartpage  https://www.startpage.com\n\nBrowsing\n\nTor Browser  https://www.torproject.org\nFirefox https://www.mozilla.org/en-US/firefox/new/\nBrave  https://www.brave.com\nBromite  https://www.bromite.org\n\nNoScript tutorial https://www.youtube.com/watch?v=AC4ALEKZRfg\nFirefox privacy settings tutorial https://www.youtube.com/watch?v=tQhWdsFMc24\n\nChatting\n\nSignal https://www.signal.org\nBriar https://briarproject.org/\n\nEmail\n\nProtonMail https://www.protonmail.com\nTutanota https://www.tutanota.com\nMailfence https://www.mailfence.com\n\nK-9 client https://k9mail.app/\nFair Email client https://email.faircode.eu/\nThunderbird client https://www.thunderbird.net/\n\nPassword managers\n\nBitwarden https://bitwarden.com/\nKeepassXC https://keepassxc.org/\n\nApplication firewalls\n\nNetguard (Android) https://www.netguard.me/\nLockdown (iOS) https://lockdownhq.com/\n\nOthers\n\nNextcloud https://www.nextcloud.com\nVeracrypt https://www.veracrypt.fr\nCryptomator https://cryptomator.org/\nOsmAnd https://osmand.net/\n*F-Droid* https://www.fdroid.org\nLineageOS https://lineageos.org/\nGrapheneOS https://grapheneos.org/\nInvidious https://www.invidio.us\nNewPipe https://newpipe.schabi.org/\n\n\nCredit: Music by CO.AG Music https://www.youtube.com/channel/UCcavSftXHgxLBWwLDm_bNvA\n\nFollow me:\nhttps://twitter.com/The_HatedOne_\nhttps://www.bitchute.com/TheHatedOne/\nhttps://www.reddit.com/r/thehatedone/\nhttps://www.minds.com/The_HatedOne\n\nThe footage and images featured in the video were for critical analysis, commentary and parody, which are protected under the Fair Use laws of the United States Copyright act of 1976.", "link": "https://www.youtube.com/watch?v=jxeeKKfjb5o", "date_published": "2020-03-21 00:00:00+00:00", "persistent": false, "user": null, "language": "en-US"}]