[{"source": "https://www.youtube.com/feeds/videos.xml?channel_id=UC7v3-2K1N84V67IF-WTRG-Q", "title": "Mortal Kombat: Annihilation - Movie Review", "description": "Hailed as one of the worst video game movie adaptations of all time. It's high time I give my thoughts on MORTAL KOMBAT ANNIHILATION!\n\n#MortalKombat #MortalKombatAnnihilation", "link": "https://www.youtube.com/watch?v=LifnwV4b0sY", "date_published": "2020-03-20 00:00:00+00:00", "persistent": false, "user": null, "language": "en-US"}]