[{"source": "https://www.youtube.com/feeds/videos.xml?channel_id=UCLr4hMhk_2KE0GUBSBrspGA", "title": "Elektryczna fiszka dla du\u017cych: Evolve Stoke", "description": "Recenzja najmniejszej deski Evolve'a. Materia\u0142 z jazdy zosta\u0142 nagrany GoPro Max i mam \u015bwiadomo\u015b\u0107 jak wygl\u0105da, ale musimy z tym \u017cy\u0107, bo #Zosta\u0144wDomu wi\u0119c wyrwa\u0142em si\u0119 tylko na chwil\u0119.\nLink do polskiego dystrybutora deski: https://bit.ly/2QAjAE7 (niestety nie wrzuci\u0142 jeszcze Stoke'a na stron\u0119, ale ma si\u0119 pojawi\u0107 lada chwila)\nOficjalna stron\u0119 Evolve Stoke: https://bit.ly/2UkWiDk\nMoje:\nTwitter: http://bit.ly/TTKlawitera, Insta: http://bit.ly/InstaKlawiatur i FB: http://bit.ly/FBKlawiatur", "link": "https://www.youtube.com/watch?v=Nbxm8vgRsp8", "date_published": "2020-03-20 00:00:00+00:00", "persistent": false, "user": null, "language": "en-US"}]