[{"source": "https://www.youtube.com/feeds/videos.xml?channel_id=UCAKcSON6PSG_JkTbXh2WdIg", "title": "Dessa - three concert performances at The Current (2011, 2013, 2018)", "description": "This week's Friday Night Concerts pick is Dessa's 2013 \"Parts of Speech\" album-release show recorded live at the Fitzgerald Theater in St. Paul. We've enjoyed many great performances by Dessa at The Current over the years, so in anticipation of this week's Friday Night Concerts, we're sharing three live performances by Dessa, recorded in 2011, 2013 and 2018.\n\nSONGS PERFORMED\n0:00 \"551\" (Fitzgerald Theater, 2011)\n4:06 \"The Man I Knew\" (Fitzgerald Theater, 2013)\n7:43 \"Good Grief\" (MPR Forum, 2018)\n\nCREDITS\nVideo & Photo: Nate Ryan; Chris Hadland; Chris Worlow; Once Light Collective; Steel Brooks; Peter Ecklund; Erik Stromstad\nAudio: Michael DeMark\nProduction: Derrick Stevens\n\nFIND MORE:\n2011 Fitzgerald Theater concert: https://www.thecurrent.org/feature/2011/11/08/dessa-live-fitz\n2013 Fitzgerald Theater concert: https://www.thecurrent.org/feature/2013/07/10/dessa-fitzgerald-theater-performance-broadcast\n2018 MPR Forum session:\nhttps://www.thecurrent.org/feature/2018/02/21/dessa-the-making-of-chime\n\nSubscribe to our channel:\nhttp://www.youtube.com/user/893TheCurrent?sub_confirmation=1\nLike/Follow:\nhttps://www.facebook.com/TheCurrent/\nhttps://twitter.com/TheCurrent\nhttps://www.instagram.com/thecurrent/", "link": "https://www.youtube.com/watch?v=u10jsrB9Oyo", "date_published": "2020-08-22 00:00:00+00:00", "persistent": false, "user": null, "language": "en-US"}, {"source": "https://www.youtube.com/feeds/videos.xml?channel_id=UCAKcSON6PSG_JkTbXh2WdIg", "title": "Dirty Projectors - Virtual Session", "description": "Dirty Projectors join The Current's Mac Wilson for a virtual session featuring tracks from this year's 5EPs series.\n\nSongs Played:\n09:01 Lose Your Love\n11:54 Overlord\n14:41 On The Breeze\n\nSubscribe to our channel:\nhttp://www.youtube.com/user/893TheCurrent\n\nLike/Follow:\nhttps://www.facebook.com/TheCurrent/\nhttps://twitter.com/TheCurrent\nhttps://www.instagram.com/thecurrent/", "link": "https://www.youtube.com/watch?v=efWzoMugdJ0", "date_published": "2020-08-21 00:00:00+00:00", "persistent": false, "user": null, "language": "en-US"}, {"source": "https://www.youtube.com/feeds/videos.xml?channel_id=UCAKcSON6PSG_JkTbXh2WdIg", "title": "Why did it take 18 years to file charges in the murder of Jam Master Jay? (The Current Music News)", "description": "August 20, 2020: News broke this week that criminal charges have been filed in the 2002 killing of Run-DMC's Jam Master Jay. Why has this crime taken two decades to crack?\nSubscribe to our channel:\nhttp://www.youtube.com/user/893TheCurrent?sub_confirmation=1\nLike/Follow:\nhttps://www.facebook.com/TheCurrent/\nhttps://twitter.com/TheCurrent\nhttps://www.instagram.com/thecurrent/", "link": "https://www.youtube.com/watch?v=FXdYWZTwsQs", "date_published": "2020-08-21 00:00:00+00:00", "persistent": false, "user": null, "language": "en-US"}]