[{"source": "https://www.youtube.com/feeds/videos.xml?channel_id=UC2eYFnH61tmytImy1mTYvhA", "title": "Logically, Linux can't exist. CHECKMATE GNUTARDS!", "description": "WEBSITE: https://lukesmith.xyz \ud83c\udf10\u2753\ud83d\udd0e\nDONATE: https://lukesmith.xyz/donate \ud83d\udcb0\ud83d\ude0e\ud83d\udc4c\ud83d\udcaf\nOR affiliate links to things l use:\nhttps://www.epik.com/?affid=we2ro7sa6 Get a cheap and reliable domain name with Epik.\nhttps://www.vultr.com/?ref=8384069-6G Get a VPS and host a website or server for anything else.\nhttps://brave.com/luk005 Get the Brave browser.\nhttps://lbry.tv/$/invite/@Luke View my videos on LBRY. Get a bonus for joining.\nhttps://www.coinbase.com/join/smith_5to1 Get crypto-rich on Coinbase. We both get $10 in Bitcoin when you buy or sell $100 in cryptocurrencies.", "link": "https://www.youtube.com/watch?v=jLKFLFErtk8", "date_published": "2020-08-21 00:00:00+00:00", "persistent": false, "user": null, "language": "en-US"}, {"source": "https://www.youtube.com/feeds/videos.xml?channel_id=UC2eYFnH61tmytImy1mTYvhA", "title": "The Boomer Economy is Over!", "description": "WEBSITE: https://lukesmith.xyz \ud83c\udf10\u2753\ud83d\udd0e\nDONATE: https://lukesmith.xyz/donate \ud83d\udcb0\ud83d\ude0e\ud83d\udc4c\ud83d\udcaf\nOR affiliate links to things l use:\nhttps://www.epik.com/?affid=we2ro7sa6 Get a cheap and reliable domain name with Epik.\nhttps://www.vultr.com/?ref=8384069-6G Get a VPS and host a website or server for anything else.\nhttps://brave.com/luk005 Get the Brave browser.\nhttps://lbry.tv/$/invite/@Luke View my videos on LBRY. Get a bonus for joining.\nhttps://www.coinbase.com/join/smith_5to1 Get crypto-rich on Coinbase. We both get $10 in Bitcoin when you buy or sell $100 in cryptocurrencies.", "link": "https://www.youtube.com/watch?v=WapemYM5QQs", "date_published": "2020-08-21 00:00:00+00:00", "persistent": false, "user": null, "language": "en-US"}]