[{"source": "https://www.youtube.com/feeds/videos.xml?channel_id=UC2_KC8lshtCyiLApy27raYw", "title": "Epic Games vs Apple: A Pointless Story of Greed", "description": "Hey, bornite isn\u2019t on phones anymore. That\u2019s a thing. A thing that happened. While that in itself isn\u2019t worth a video, the actions, marketing tactics, the events preceding and directly following this occasion do, in fact warrant a video. So here\u2019s a video.\n\nWhere we dropping boys? My bets on slurpy swamp.\n\ntwitter: https://twitter.com/KnowledgeHubTy\n\nSoundcloud: https://soundcloud.com/user-503704039\n\nPatreon: https://www.patreon.com/theknowledgehub\n\nSecond Channel: https://www.youtube.com/channel/UC-KL04Ra6E1Du0pFawN4pWg\n\nSpotify: https://open.spotify.com/artist/3STpelEilrthF8UxsQTaaw?si=52TH_ZKTQhaKhfnK1Jomfg\n\nAdditional footage from these channels:\nPhoneArena\nOSReviews", "link": "https://www.youtube.com/watch?v=v8-fOxBRc8g", "date_published": "2020-08-21 00:00:00+00:00", "persistent": false, "user": null, "language": "en-US"}]