[{"source": "https://www.youtube.com/feeds/videos.xml?channel_id=UCyl5V3-J_Bsy3x-EBCJwepg", "title": "Pro-Life Arguments That Reach The Hopelessly Woke", "description": "Kyle and Ethan talk with Students For Life President, Kristan Hawkins about violence against the preborn and human rights.\n\nFULL \u25b6\ufe0f  https://youtu.be/36_IRU4Y4Mk", "link": "https://www.youtube.com/watch?v=PholZa77K_o", "date_published": "2020-08-22 00:00:00+00:00", "persistent": false, "user": null, "language": "en-US"}, {"source": "https://www.youtube.com/feeds/videos.xml?channel_id=UCyl5V3-J_Bsy3x-EBCJwepg", "title": "Twitter-Gate/Trump Stamps/Students For Life News Show 8.21.2020", "description": "In this episode of The Babylon Bee podcast, Kyle and Ethan talk about the week\u2019s biggest stories like Twitter \u201caccidentally\u201d suspending the Babylon Bee for the web\u2019s darkest 90 minutes, the humble Postal Service being the focus of all the nation\u2019s fire and fury, and how students got arrested for the peaceful protest with sidewalk chalk outside a Planned Parenthood. Kristan Hawkins, President for Students For Life, talks to The Babylon Bee and silliness ensues.  \n\nSubscribe on iTunes: https://podcasts.apple.com/us/podcast/the-babylon-bee/id1468715531\n\nGain Access to the Exclusive Content and Writing Forum: https://babylonbee.com/plans\n\nThe Official Babylon Bee Store: https://shop.babylonbee.com\n\nFollow The Babylon Bee:\nWebsite: https://babylonbee.com\nTwitter: http://twitter.com/thebabylonbee\nFacebook: http://facebook.com/thebabylonbee\nInstagram: http://instagram.com/thebabylonbee\n\nFollow Students for Life of America & Kristan Hawkins:\nTwitter: http://twitter.com/studentsforlife\nTwitter: http://twitter.com/sflaction\nTwitter: http://twitter.com/kristanhawkins\n\nFacebook: http://facebook.com/studentsforlife\nFacebook: http://facebook.com/studentsforlifeaction\nFacebook: http://facebook.com/HawkinsKristan\n\nInstagram: https://www.instagram.com/studentsforlifeaction/\nInstagram: https://www.instagram.com/studentsforlife/\nInstagram: https://www.instagram.com/kristanmercerhawkins", "link": "https://www.youtube.com/watch?v=36_IRU4Y4Mk", "date_published": "2020-08-21 00:00:00+00:00", "persistent": false, "user": null, "language": "en-US"}]