[{"source": "https://www.youtube.com/feeds/videos.xml?channel_id=UCnxGkOGNMqQEUMvroOWps6Q", "title": "Joe Rogan Reacts to Bryce Hall\u2019s Sway House Shutdown", "description": "Taken from JRE #1529 w/Whitney Cummings and Annie Lederman: https://youtu.be/5UXpbbX9-Wo", "link": "https://www.youtube.com/watch?v=tNPWiBM-QAQ", "date_published": "2020-08-21 00:00:00+00:00", "persistent": false, "user": null, "language": "en-US"}, {"source": "https://www.youtube.com/feeds/videos.xml?channel_id=UCnxGkOGNMqQEUMvroOWps6Q", "title": "Joe Rogan: Twitter is Going to Be Like Blockbuster Video", "description": "Taken from JRE #1529 w/Whitney Cummings and Annie Lederman: https://youtu.be/5UXpbbX9-Wo", "link": "https://www.youtube.com/watch?v=PRLaU2-TTW8", "date_published": "2020-08-21 00:00:00+00:00", "persistent": false, "user": null, "language": "en-US"}, {"source": "https://www.youtube.com/feeds/videos.xml?channel_id=UCnxGkOGNMqQEUMvroOWps6Q", "title": "Joe on the David Blaine Podcast \"He's a Master\"", "description": "Taken from JRE #1529 w/David Blaine & Annie Lederman:\nhttps://youtu.be/5UXpbbX9-Wo", "link": "https://www.youtube.com/watch?v=jZS2wt09snw", "date_published": "2020-08-21 00:00:00+00:00", "persistent": false, "user": null, "language": "en-US"}]