[{"source": "http://feeds.bbci.co.uk/news/rss.xml", "title": "'He took my shirt number... that's all he's going to take from me' - Solskjaer responds to Van Persie", "description": "Ole Gunnar Solskjaer says former Manchester United forward Robin van Persie \"does not have the right\" to criticise his management style.", "link": "https://www.bbc.co.uk/sport/football/50983643", "date_published": "2020-01-03 22:34:42+00:00", "persistent": false, "user": null, "language": "en-US"}, {"source": "http://feeds.bbci.co.uk/news/rss.xml", "title": "Portrait of Queen and three heirs marks the start of a new decade", "description": "A new portrait shows the Queen with the Prince of Wales, the Duke of Cambridge and Prince George.", "link": "https://www.bbc.co.uk/news/uk-50987402", "date_published": "2020-01-03 22:15:50+00:00", "persistent": false, "user": null, "language": "en-US"}, {"source": "http://feeds.bbci.co.uk/news/rss.xml", "title": "Will house prices rise or fall this year?", "description": "Experts predict a short-lived burst of pent-up activity in the housing market - but not price rises.", "link": "https://www.bbc.co.uk/news/business-50852981", "date_published": "2020-01-03 22:13:06+00:00", "persistent": false, "user": null, "language": "en-US"}, {"source": "http://feeds.bbci.co.uk/news/rss.xml", "title": "Markets: What will happen to oil if there is another war?", "description": "Experts say that looking at past wars in Iraq to see what oil will do next is folly. Here is why.", "link": "https://www.bbc.co.uk/news/business-50981538", "date_published": "2020-01-03 22:01:03+00:00", "persistent": false, "user": null, "language": "en-US"}, {"source": "http://feeds.bbci.co.uk/news/rss.xml", "title": "US reaction: 'Sorry Iran' and escalation fears", "description": "Opinions are divided, but most Americans are wondering where the US strike against Iran could lead.", "link": "https://www.bbc.co.uk/news/world-us-canada-50987759", "date_published": "2020-01-03 21:58:10+00:00", "persistent": false, "user": null, "language": "en-US"}, {"source": "http://feeds.bbci.co.uk/news/rss.xml", "title": "Trump: US killed Soleimani to 'stop a war' with Iran", "description": "US President Trump gives a statement after ordering an airstrike that killed Iran's top commander.", "link": "https://www.bbc.co.uk/news/world-us-canada-50978153", "date_published": "2020-01-03 20:36:02+00:00", "persistent": false, "user": null, "language": "en-US"}, {"source": "http://feeds.bbci.co.uk/news/rss.xml", "title": "Your Qasem Soleimani questions answered: Will killing spark war?", "description": "The BBC's Jonathan Marcus answers your questions about the US killing of the top Iranian general.", "link": "https://www.bbc.co.uk/news/world-middle-east-50982298", "date_published": "2020-01-03 17:49:19+00:00", "persistent": false, "user": null, "language": "en-US"}, {"source": "http://feeds.bbci.co.uk/news/rss.xml", "title": "Qasem Soleimani's death: 'Their leaders should be killed'", "description": "Thousands protest over the death of Iranian military general Qasem Soleimani in Iran, Iraq, while some celebrate in Syria.", "link": "https://www.bbc.co.uk/news/world-50988203", "date_published": "2020-01-03 17:20:04+00:00", "persistent": false, "user": null, "language": "en-US"}, {"source": "http://feeds.bbci.co.uk/news/rss.xml", "title": "Civil service: Is Dominic Cummings right about turnover?", "description": "Dominic Cummings says there is too much switching in the civil service. Is he right?", "link": "https://www.bbc.co.uk/news/business-50982413", "date_published": "2020-01-03 16:56:12+00:00", "persistent": false, "user": null, "language": "en-US"}, {"source": "http://feeds.bbci.co.uk/news/rss.xml", "title": "Manchester City v Port Vale: Tom Pope & James Gibbons on Kevin De Bruyne & Danny DeVito", "description": "Port Vale players Tom Pope and James Gibbons tell Football Focus which Manchester City player they'd most like to have in their side before they meet in the FA Cup this weekend.", "link": "https://www.bbc.co.uk/sport/av/football/50982643", "date_published": "2020-01-03 16:34:31+00:00", "persistent": false, "user": null, "language": "en-US"}, {"source": "http://feeds.bbci.co.uk/news/rss.xml", "title": "Australia fires: A visual guide to the bushfire crisis", "description": "High temperatures and strong winds forecast for the weekend create further fire risk.", "link": "https://www.bbc.co.uk/news/world-australia-50951043", "date_published": "2020-01-03 15:19:10+00:00", "persistent": false, "user": null, "language": "en-US"}, {"source": "http://feeds.bbci.co.uk/news/rss.xml", "title": "Qasem Soleimani: Who was Iran's 'rock star' general?", "description": "The BBC's Quentin Sommerville explains the man behind the 'shadowy figure'.", "link": "https://www.bbc.co.uk/news/world-middle-east-50987073", "date_published": "2020-01-03 15:17:37+00:00", "persistent": false, "user": null, "language": "en-US"}, {"source": "http://feeds.bbci.co.uk/news/rss.xml", "title": "Qasem Soleimani: UK urges calm after US kills Iran's top general", "description": "Dominic Raab says \"further conflict is in none of our interests\" after the death of Qasem Soleimani.", "link": "https://www.bbc.co.uk/news/uk-politics-50981719", "date_published": "2020-01-03 12:23:47+00:00", "persistent": false, "user": null, "language": "en-US"}, {"source": "http://feeds.bbci.co.uk/news/rss.xml", "title": "Australian bushfires: Nick Kyrgios chokes back tears as fires rage", "description": "A tearful Nick Kyrgios says it is \"tough\" to see the impact of widespread bushfires in Australia after he raised over 4,000 Australian dollars to help tackle the issue.", "link": "https://www.bbc.co.uk/sport/av/tennis/50984513", "date_published": "2020-01-03 12:19:53+00:00", "persistent": false, "user": null, "language": "en-US"}, {"source": "http://feeds.bbci.co.uk/news/rss.xml", "title": "Qasem Soleimani: US kills top Iranian general in Baghdad air strike", "description": "The killing of Qasem Soleimani marks a major escalation in tensions between Washington and Tehran.", "link": "https://www.bbc.co.uk/news/world-middle-east-50979463", "date_published": "2020-01-03 12:16:44+00:00", "persistent": false, "user": null, "language": "en-US"}, {"source": "http://feeds.bbci.co.uk/news/rss.xml", "title": "Ethical veganism is philosophical belief, tribunal rules", "description": "An employment tribunal has ruled for the first time that ethical veganism is protected in law.", "link": "https://www.bbc.co.uk/news/uk-50981359", "date_published": "2020-01-03 12:16:09+00:00", "persistent": false, "user": null, "language": "en-US"}, {"source": "http://feeds.bbci.co.uk/news/rss.xml", "title": "Inside Iran: Defiant Iranians mourn 'martyr'", "description": "Iranian state media mourn Qasem Soleimani, but anti-government social media users celebrate his death.", "link": "https://www.bbc.co.uk/news/world-europe-50981734", "date_published": "2020-01-03 12:07:52+00:00", "persistent": false, "user": null, "language": "en-US"}, {"source": "http://feeds.bbci.co.uk/news/rss.xml", "title": "Duffield stabbings: New Year's Day double-murder accused in court", "description": "Helen Hancock and Martin Griffiths were found dead in the early hours of New Year's Day.", "link": "https://www.bbc.co.uk/news/uk-england-derbyshire-50982084", "date_published": "2020-01-03 11:59:38+00:00", "persistent": false, "user": null, "language": "en-US"}, {"source": "http://feeds.bbci.co.uk/news/rss.xml", "title": "Trending: Franz Ferdinand and #WWIII", "description": "There's a lot of speculation online about what the fallout might be from a US drone strike in Iraq.", "link": "https://www.bbc.co.uk/news/newsbeat-50982073", "date_published": "2020-01-03 11:53:51+00:00", "persistent": false, "user": null, "language": "en-US"}, {"source": "http://feeds.bbci.co.uk/news/rss.xml", "title": "Oil prices jump after top Iranian general killed by US", "description": "Analysts warn the move could escalate tensions in the region and affect global oil production.", "link": "https://www.bbc.co.uk/news/business-50982313", "date_published": "2020-01-03 11:25:06+00:00", "persistent": false, "user": null, "language": "en-US"}, {"source": "http://feeds.bbci.co.uk/news/rss.xml", "title": "Aston Villa pair Wesley and Tom Heaton out for season with knee injuries", "description": "Aston Villa will be without striker Wesley and goalkeeper Tom Heaton for the rest of the season after both suffered knee injuries in Wednesday's 2-1 win at Burnley.", "link": "https://www.bbc.co.uk/sport/football/50978289", "date_published": "2020-01-03 11:14:06+00:00", "persistent": false, "user": null, "language": "en-US"}, {"source": "http://feeds.bbci.co.uk/news/rss.xml", "title": "Wales scrum-half Webb eligible for 2020 Six Nations", "description": "Scrum-half Rhys Webb is eligible to play for Wales in the 2020 Six Nations after announcing he will return to Ospreys from Toulon.", "link": "https://www.bbc.co.uk/sport/rugby-union/50973780", "date_published": "2020-01-03 10:54:57+00:00", "persistent": false, "user": null, "language": "en-US"}, {"source": "http://feeds.bbci.co.uk/news/rss.xml", "title": "Profile: Who was Iran's Qasem Soleimani?", "description": "Killed by the US, he was once described as the \"single most powerful operative in the Middle East\".", "link": "https://www.bbc.co.uk/news/world-middle-east-50980093", "date_published": "2020-01-03 10:45:17+00:00", "persistent": false, "user": null, "language": "en-US"}, {"source": "http://feeds.bbci.co.uk/news/rss.xml", "title": "Archie bobble hat photo sees knitting group's sales go 'off the charts'", "description": "Sales are \"off the charts\" for a social enterprise after the royal baby wears one of their hats.", "link": "https://www.bbc.co.uk/news/uk-50981194", "date_published": "2020-01-03 10:26:39+00:00", "persistent": false, "user": null, "language": "en-US"}, {"source": "http://feeds.bbci.co.uk/news/rss.xml", "title": "Energy firms to pay \u00a310.5m over August power cut", "description": "The power cut left more than a million people without electricity and severely affected rail services.", "link": "https://www.bbc.co.uk/news/business-50971717", "date_published": "2020-01-03 10:10:57+00:00", "persistent": false, "user": null, "language": "en-US"}, {"source": "http://feeds.bbci.co.uk/news/rss.xml", "title": "Australian bushfires: Nick Kyrgios tearful after ATP Cup win raises more than A$4,000", "description": "Nick Kyrgios says it is \"tough\" to see the impact of widespread bushfires in Australia after he helped raised 4,400 Australian dollars for the cause.", "link": "https://www.bbc.co.uk/sport/tennis/50980702", "date_published": "2020-01-03 10:02:41+00:00", "persistent": false, "user": null, "language": "en-US"}, {"source": "http://feeds.bbci.co.uk/news/rss.xml", "title": "Analysis: Why kill him now and what next?", "description": "The assassination is a dramatic escalation in the low-level conflict between the US and Iran.", "link": "https://www.bbc.co.uk/news/world-middle-east-50980704", "date_published": "2020-01-03 09:52:02+00:00", "persistent": false, "user": null, "language": "en-US"}, {"source": "http://feeds.bbci.co.uk/news/rss.xml", "title": "Climate change: Last decade UK's 'second hottest in 100 years'", "description": "The year 2019 saw several high temperature records in the UK - concluding a record-breaking decade.", "link": "https://www.bbc.co.uk/news/science-environment-50976909", "date_published": "2020-01-03 09:42:45+00:00", "persistent": false, "user": null, "language": "en-US"}, {"source": "http://feeds.bbci.co.uk/news/rss.xml", "title": "H2Go Power seeks to power drones with a 'happy gas'", "description": "The hydrogen-powered drone which could revolutionise the travel industry.", "link": "https://www.bbc.co.uk/news/technology-50841104", "date_published": "2020-01-03 09:23:27+00:00", "persistent": false, "user": null, "language": "en-US"}, {"source": "http://feeds.bbci.co.uk/news/rss.xml", "title": "Top 10s of the 2010s: What were our favourite songs, films, books, TV shows and games?", "description": "It's been the decade of Ed Sheeran, Star Wars sequels and the Fifty Shades phenomenon.", "link": "https://www.bbc.co.uk/news/entertainment-arts-50759031", "date_published": "2020-01-03 08:29:56+00:00", "persistent": false, "user": null, "language": "en-US"}, {"source": "http://feeds.bbci.co.uk/news/rss.xml", "title": "Prince William narrates mental health film for FA Cup games", "description": "A film narrated by the Duke of Cambridge will be played before kick-off at FA Cup matches this weekend.", "link": "https://www.bbc.co.uk/news/uk-50979385", "date_published": "2020-01-03 08:09:56+00:00", "persistent": false, "user": null, "language": "en-US"}, {"source": "http://feeds.bbci.co.uk/news/rss.xml", "title": "Layla Moran: Lib Dem MP announces she is pansexual", "description": "Layla Moran says she is in a \"committed, loving\" relationship with a woman she met through work.", "link": "https://www.bbc.co.uk/news/uk-50978997", "date_published": "2020-01-03 08:07:39+00:00", "persistent": false, "user": null, "language": "en-US"}, {"source": "http://feeds.bbci.co.uk/news/rss.xml", "title": "Video: 'This will escalate volatile situation'", "description": "Chief international correspondent Lyse Doucet explains the significance of the attack.", "link": "https://www.bbc.co.uk/news/world-middle-east-50980786", "date_published": "2020-01-03 07:24:05+00:00", "persistent": false, "user": null, "language": "en-US"}, {"source": "http://feeds.bbci.co.uk/news/rss.xml", "title": "MOTDx FA Cup: Getting hyped for Liverpool v Everton with disgusting shots & face paint", "description": "MOTDx's Reece Parkinson and comedian Sideman get hyped for FA Cup third round weekend with the aid of some disgusting shots and a pot of face paint.", "link": "https://www.bbc.co.uk/sport/av/football/50976402", "date_published": "2020-01-03 06:31:38+00:00", "persistent": false, "user": null, "language": "en-US"}, {"source": "http://feeds.bbci.co.uk/news/rss.xml", "title": "Australia fires: Navy rescues people from fire-hit Mallacoota", "description": "Two ships have removed around 1,000 people in total from the tourist town of Mallacoota, Victoria.", "link": "https://www.bbc.co.uk/news/world-australia-50975266", "date_published": "2020-01-03 06:19:34+00:00", "persistent": false, "user": null, "language": "en-US"}, {"source": "http://feeds.bbci.co.uk/news/rss.xml", "title": "The Papers: Whitehall 'weirdos' and Northern rail 'faces sack'", "description": "Friday's papers include an appeal by the PM's chief advisor for \"weirdos\" to work in Downing Street.", "link": "https://www.bbc.co.uk/news/blogs-the-papers-50978979", "date_published": "2020-01-03 05:29:50+00:00", "persistent": false, "user": null, "language": "en-US"}, {"source": "http://feeds.bbci.co.uk/news/rss.xml", "title": "The Masked Singer: Korean talent show to make UK debut", "description": "Jonathan Ross and Davina McCall sing the praises of a new talent show and its disguised performers.", "link": "https://www.bbc.co.uk/news/entertainment-arts-50841954", "date_published": "2020-01-03 02:15:17+00:00", "persistent": false, "user": null, "language": "en-US"}, {"source": "http://feeds.bbci.co.uk/news/rss.xml", "title": "Instagram vertoramas show world in a 'different way'", "description": "Photographer Sarah Fouracres creates stunning vertical panoramas of historic buildings.", "link": "https://www.bbc.co.uk/news/uk-england-norfolk-50746686", "date_published": "2020-01-03 00:25:00+00:00", "persistent": false, "user": null, "language": "en-US"}, {"source": "http://feeds.bbci.co.uk/news/rss.xml", "title": "Tokyo 2020: Why some people want the rising sun flag banned", "description": "For some, it is a reminder of Japanese atrocities - so should it be banned at Tokyo's Olympics?", "link": "https://www.bbc.co.uk/news/world-asia-50285383", "date_published": "2020-01-03 00:19:30+00:00", "persistent": false, "user": null, "language": "en-US"}, {"source": "http://feeds.bbci.co.uk/news/rss.xml", "title": "Dopamine fast: 'The hunger and boredom were intense'", "description": "This new lifestyle trend which involves no food, no internet, no phone and minimal talking is becoming strangely popular.", "link": "https://www.bbc.co.uk/news/newsbeat-50834914", "date_published": "2020-01-03 00:18:52+00:00", "persistent": false, "user": null, "language": "en-US"}, {"source": "http://feeds.bbci.co.uk/news/rss.xml", "title": "Africa's week in pictures: 27 December 2019 - 2 January 2020", "description": "A selection of the week's best photos from across the continent and beyond.", "link": "https://www.bbc.co.uk/news/world-africa-50972510", "date_published": "2020-01-03 00:14:14+00:00", "persistent": false, "user": null, "language": "en-US"}, {"source": "http://feeds.bbci.co.uk/news/rss.xml", "title": "Tackling the Earth's orbiting space junk", "description": "How the Japanese firm Astroscale is set to start cleaning up the Earth's orbiting space debris.", "link": "https://www.bbc.co.uk/news/business-50976292", "date_published": "2020-01-03 00:11:51+00:00", "persistent": false, "user": null, "language": "en-US"}, {"source": "http://feeds.bbci.co.uk/news/rss.xml", "title": "Quiz of the week: Why did a dating app block Sharon Stone?", "description": "Have you been paying attention to what's been going on during the past seven days?", "link": "https://www.bbc.co.uk/news/world-50967328", "date_published": "2020-01-03 00:10:48+00:00", "persistent": false, "user": null, "language": "en-US"}, {"source": "http://feeds.bbci.co.uk/news/rss.xml", "title": "Climate change has brought parts of Zambia to the brink of famine", "description": "Zambia is wrestling with a devastating drought caused, according to experts, by a dramatic shift in weather patterns.", "link": "https://www.bbc.co.uk/news/world-africa-50976829", "date_published": "2020-01-03 00:00:35+00:00", "persistent": false, "user": null, "language": "en-US"}]