[{"source": "https://www.youtube.com/feeds/videos.xml?channel_id=UCwSv086EAByBY-Z7y-QR_cQ", "title": "Micha\u0142 Dworczyk o wprowadzeniu paszport\u00f3w zdrowotnych i kodach QR!", "description": "\ud83e\udd2a Mi\u0142o, \u017ce tutaj zajrza\u0142e\u015b.  Zapraszam do ogl\u0105dania.\n\n\u2b07\ufe0fRozwi\u0144 opis\u2b07\ufe0f\n------------------------------------------------------------\n\ud83d\udc40 Uszi po godzinach: https://goo.gl/cdCFKe\n\ud83d\udc40 Hello World_: http://bit.ly/31BEhnv\n------------------------------------------------------------\n\ud83d\udc40 twitter: http://bit.ly/2B6jTPd\n------------------------------------------------------------\n\u2709\ufe0f Ludzie listy pisz\u0105 \n\ud83d\udd8a\ufe0f uszi@protonmail.com\n------------------------------------------------------------\n\ud83d\udc7a niecenzuralne i agresywne komentarze zostan\u0105 usuni\u0119te.  Jak ju\u017c musisz zakl\u0105\u0107 dawaj znaki (&*%@%).\n------------------------------------------------------------\n\ud83d\udcb2 Donate/ Darowizna\nPLN / SMS / Blik: http://bit.ly/2ETKSyN\nBTC: 174EmE88YFtvs6fuM8ZL5yYbik8hcaY6ud\n---------------------------------------------------------------\n\ud83d\uddbcGrafika - wykorzystano elementy ze stron: \ngov.pl / http://bit.ly/2lVWjQr\n---\nDepartment of Defense \nhttps://bit.ly/3grgFcO\n---\nG.Fuller / PA Wire \nhttps://bit.ly/37IAxUP\n---------------------------------------------------------------\n\u2705\u017ar\u00f3d\u0142a:\nhttps://bit.ly/3mPWSpE\nhttps://bit.ly/3mTyQKo\nhttps://bit.ly/3pnVvAp\nhttps://bit.ly/37Ihxpj\nhttps://bit.ly/2LcFQEm\nhttps://bit.ly/39DaRLR\nhttps://bit.ly/2L5cAza\nhttps://bit.ly/3qwT4Mn\nhttps://bit.ly/2IirPUo\nhttps://bit.ly/3a3OcbV\n-------------------------------------------------------------\n\ud83d\udca1 Tagi: #szczepionka #covid19\n--------------------------------------------------------------", "link": "https://www.youtube.com/watch?v=rBCAavaeAqo", "date_published": "2020-12-08 00:00:00+00:00", "persistent": false, "user": null, "language": "en-US"}, {"source": "https://www.youtube.com/feeds/videos.xml?channel_id=UCwSv086EAByBY-Z7y-QR_cQ", "title": "PiS przejmuje pe\u0142n\u0105 kontrol\u0119 nad policj\u0105 i wojskiem!", "description": "\ud83e\udd2a Mi\u0142o, \u017ce tutaj zajrza\u0142e\u015b.  Zapraszam do ogl\u0105dania.\n\n\u2b07\ufe0fRozwi\u0144 opis\u2b07\ufe0f\n------------------------------------------------------------\n\ud83d\udc40 Uszi po godzinach: https://goo.gl/cdCFKe\n\ud83d\udc40 Hello World_: http://bit.ly/31BEhnv\n\ud83d\udc40 Tatusiek: http://bit.ly/3aSCheE\n------------------------------------------------------------\n\ud83d\udc40 twitter: http://bit.ly/2B6jTPd\n------------------------------------------------------------\n\u2709\ufe0f Ludzie listy pisz\u0105 \n\ud83d\udd8a\ufe0f uszi@protonmail.com\n------------------------------------------------------------\n\ud83d\udc7a niecenzuralne i agresywne komentarze zostan\u0105 usuni\u0119te.  Jak ju\u017c musisz zakl\u0105\u0107 dawaj znaki (&*%@%).\n------------------------------------------------------------\n\ud83d\udcb2 Donate/ Darowizna\nPLN / SMS / Blik: http://bit.ly/2ETKSyN\nBTC: 174EmE88YFtvs6fuM8ZL5yYbik8hcaY6ud\n---------------------------------------------------------------\n\u2705\u017ar\u00f3d\u0142a:\nhttps://bit.ly/33QDm4R\nhttps://bit.ly/3mQQL4z\nhttps://bit.ly/37HV6Ay\nhttps://bit.ly/36QqopU\nhttps://bit.ly/37HVcbo\nhttps://bit.ly/3a0syVZ\nhttps://bit.ly/36OAYxB\nhttps://bit.ly/39RxlZx\nhttps://bit.ly/3ouXTnv\n-------------------------------------------------------------\n\ud83d\udca1 Tagi: #policja #Szymczyk #Dobrodziej\n--------------------------------------------------------------", "link": "https://www.youtube.com/watch?v=e8icgY1kV1Q", "date_published": "2020-12-07 00:00:00+00:00", "persistent": false, "user": null, "language": "en-US"}]