[{"source": "https://www.youtube.com/feeds/videos.xml?channel_id=UCBa659QWEk1AI4Tg--mrJ2A", "title": "How Many Languages Are There?", "description": "The answer is, of course, a bit more complicated than you might think. \u2022 \rWritten with Molly Ruhl and Gretchen McCulloch. Gretchen's podcast has an episode all about this: https://lingthusiasm.com/post/154520059101/lingthusiasm-episode-1-speaking-a-single-language\n\nGretchen's book BECAUSE INTERNET, all about the evolution of internet language, is available:\n\ud83c\uddfa\ud83c\uddf8 US: https://amzn.to/30tLpjT\n\ud83c\udde8\ud83c\udde6 CA: https://amzn.to/2JsTYWH\n\ud83c\uddec\ud83c\udde7 UK: https://amzn.to/31K8eRD\n\n(Those are affiliate links that give a commission to me or Gretchen, depending on country!)\n\nGraphics by William Marler: https://wmad.co.uk\nAudio mix by Graham Haerther: https://haerther.net\n\nREFERENCES:\nEberhard, D.M., Simons, G.F., and Fennig, C.D. (eds.). 2020. Ethnologue: Languages of the World. Twenty-third edition. Dallas, Texas: SIL International. http://www.ethnologue.com.\nFran\u00e7ois, A. (2014). Trees, waves and linkages: Models of language diversification. In Evans, B. & Bowern, C. The Routledge Handbook of Historical Linguistics. (pp. 161-189). London: Routledge Ltd - M.U.A.\nHeeringa, W., & Nerbonne, J. (2001). Dialect areas and dialect continua. Language Variation and Change, 13(3), 375-400. doi:10.1017/S0954394501133041\nBurridge, J. (2017). Spatial evolution of human dialects. Physical Review. X, 7(3), 031008.\nLibermann, M. (2003). This is not middle earth. LanguageLog. http://itre.cis.upenn.edu/~myl/languagelog/archives/000214.html\nLabov, W. (1973). Sociolinguistic patterns (Conduct and communication, 4). Philadelphia, PA: University of Pennsylvania Press.\nLaakso, J. (2018). Language borders and cultural encounters: A linguistic view on interdisciplinarity in the research of intercultural contacts. In Palander, M., Riionheimo, H., & Koivisto, V. On the border of language and dialect. (pp. 38-55) Studia Fennica Linguistica\nLupyan, Gary, & Dale, Rick. (2016). Why Are There Different Languages? The Role of Adaptation in Linguistic Diversity. Trends in Cognitive Sciences, 20(9), 649-660.\nBybee, J. L. (2006). From Usage to Grammar: The Mind's Response to Repetition. Language (Baltimore), 82(4), 711-733.\nBucholtz, M. & Hall, K. (2005) Identity and interaction: A sociocultural linguistic approach. Discourse Studies. vol. 7 (4-2): 585-614.\nBucholtz, M. (1999). \u201cWhy be normal?\u201d: Language and identity practices in a community of nerd girls. Language in Society, 28(2), 203-223.\nSteels, L. (2011). Modeling the cultural evolution of language. Physics of Life Reviews, 8(4), 339-356.\nHonkola, T., Ruokolainen, K., Syrj\u00e4nen, K., Leino, U. P., Tammi, I., Wahlberg, N., & Vesakoski, O. (2018). Evolution within a language: environmental differences contribute to divergence of dialect groups. BMC evolutionary biology, 18(1), 132. https://doi.org/10.1186/s12862-018-1238-6\nAustin, P.K. & Sallabank, J. (2011). Cambridge Handbook of Endangered Languages. Cambridge University Press.\nNew York Times / Associated Press (2017). Icelanders Seek to Keep Their Language Alive and Out of \u2018the Latin Bin\u2019\n\nI'm at https://tomscott.com\r\non Twitter at https://twitter.com/tomscott\r\non Facebook at https://facebook.com/tomscott\r\nand on Instagram as tomscottgo", "link": "https://www.youtube.com/watch?v=qYlmFfsyLMo", "date_published": "2020-12-07 00:00:00+00:00", "persistent": false, "user": null, "language": "en-US"}]