[{"source": "http://rss.cnn.com/rss/edition.rss", "title": "Brexit chaos could finally end this week", "description": "After years of confusion and ambiguity, the tumultuous Brexit process could really be in its final week, as several loose threads are tied together in the coming days.", "link": "https://www.cnn.com/2020/12/07/uk/brexit-boris-johnson-von-der-leyen-intl-gbr/index.html", "date_published": "2020-12-07 20:13:58+00:00", "persistent": false, "user": null, "language": "en-US"}, {"source": "http://rss.cnn.com/rss/edition.rss", "title": "The man who found Forrest Fenn's treasure wanted to be anonymous. A lawsuit compelled him to go public", "description": "The treasure hunter who solved Forrest Fenn's famed treasure hunt in the Rocky Mountains has come forward -- though if he'd had his way, he would've stayed anonymous.", "link": "https://www.cnn.com/travel/article/forrest-fenn-treasure-found-identity-revealed-trnd/index.html", "date_published": "2020-12-07 19:58:53+00:00", "persistent": false, "user": null, "language": "en-US"}, {"source": "http://rss.cnn.com/rss/edition.rss", "title": "Opinion: This date will end Trump's unhinged effort to overturn election", "description": "Most years, December 8 is fairly meaningless date \u2014 not a holiday, not an immediately recognizable anniversary of a historical event, but just another day on the calendar. But this year, December 8 marks the federal election \"safe harbor\" date and with it, an effective end to the increasingly madcap, unhinged effort of President Donald Trump, his campaign and his supporters to challenge the results of the 2020 election.", "link": "https://www.cnn.com/2020/12/07/opinions/safe-harbor-day-trump-efforts-over-honig/index.html", "date_published": "2020-12-07 19:47:51+00:00", "persistent": false, "user": null, "language": "en-US"}, {"source": "http://rss.cnn.com/rss/edition.rss", "title": "Trump campaign's legal efforts may be ending, sources say", "description": "There is a sense developing within Donald Trump's legal team and what remains of his campaign staff that their efforts to overturn or delay the results of the election are coming to an end, multiple sources tell CNN, despite what the President has said publicly.", "link": "https://www.cnn.com/2020/12/07/politics/donald-trump-lawsuits-election/index.html", "date_published": "2020-12-07 19:44:33+00:00", "persistent": false, "user": null, "language": "en-US"}, {"source": "http://rss.cnn.com/rss/edition.rss", "title": "Melania Trump cheers new White House tennis pavilion amid ongoing pandemic", "description": "First lady Melania Trump's office announced Monday the finalization of the White House Tennis Pavilion -- a tone deaf accomplishment to trumpet amid the ongoing coronavirus pandemic and as the federal government remains locked on providing further economic relief to millions of suffering Americans.", "link": "https://www.cnn.com/2020/12/07/politics/melania-trump-tennis-pavilion/index.html", "date_published": "2020-12-07 19:40:19+00:00", "persistent": false, "user": null, "language": "en-US"}, {"source": "http://rss.cnn.com/rss/edition.rss", "title": "Georgia reaffirms Biden's victory for 3rd time after recount", "description": "Georgia is set to recertify its presidential election results on Monday, which will again find Joe Biden as the winner following three counts of ballots, Secretary of State Brad Raffensperger said.", "link": "https://www.cnn.com/2020/12/07/politics/georgia-recount-recertification-biden/index.html", "date_published": "2020-12-07 19:22:03+00:00", "persistent": false, "user": null, "language": "en-US"}, {"source": "http://rss.cnn.com/rss/edition.rss", "title": "Aides speculate if Trump will travel to Mar-a-Lago for holidays and never return", "description": "Where President Donald Trump decides to spend the final weeks of his presidency has become a matter of internal speculation as aides wonder whether he'll leave the White House for the holidays -- and never return.", "link": "https://www.cnn.com/2020/12/07/politics/trump-mar-a-lago-christmas-inauguration/index.html", "date_published": "2020-12-07 18:51:33+00:00", "persistent": false, "user": null, "language": "en-US"}, {"source": "http://rss.cnn.com/rss/edition.rss", "title": "NBA star says he has lost 7 family members to Covid-19", "description": "Minnesota Timberwolves star Karl-Anthony Towns is entering his sixth NBA season with a heavy heart.", "link": "https://www.cnn.com/2020/12/07/us/nba-karl-anthony-towns-covid-spt-trnd/index.html", "date_published": "2020-12-07 17:44:04+00:00", "persistent": false, "user": null, "language": "en-US"}, {"source": "http://rss.cnn.com/rss/edition.rss", "title": "The pandemic has led to an enormous spike in pet scams", "description": "Carolyn Barg thought she'd be welcoming two kittens into her home by now.", "link": "https://www.cnn.com/2020/12/07/us/pet-scams-pandemic-trnd/index.html", "date_published": "2020-12-07 17:43:20+00:00", "persistent": false, "user": null, "language": "en-US"}, {"source": "http://rss.cnn.com/rss/edition.rss", "title": "From Bethlehem to Rome, Christmas decorations go up around the world", "description": "CNN's Paula Newton looks at some of the Christmas scenes and decorations going up around the world in a very different holiday season.", "link": "https://www.cnn.com/videos/world/2020/12/07/christmas-decorations-comfort-coronavirus-world-paula-newton-pkg-intl-ldn-vpx.cnn", "date_published": "2020-12-07 17:41:07+00:00", "persistent": false, "user": null, "language": "en-US"}, {"source": "http://rss.cnn.com/rss/edition.rss", "title": "As Iran mulls retaliation for nuclear scientist's death, a riddle remains. What exactly was he working on?", "description": "Crushed flowers in the fresh snow. Pockmarked asphalt, fences flattened apparently by a blast wave, and bullet holes in the curbside. Bar the huge poster of assassinated Iranian nuclear scientist Mohsen Fakhrizadeh that sits above the spot where he was gunned down, few traces remain a week on of the killing that has rocked Iran and the region.", "link": "https://www.cnn.com/2020/12/07/middleeast/iran-nuclear-scientist-retaliation-questions-npw-intl/index.html", "date_published": "2020-12-07 17:32:27+00:00", "persistent": false, "user": null, "language": "en-US"}, {"source": "http://rss.cnn.com/rss/edition.rss", "title": "Eminem makes surprise cameo on 'SNL'", "description": "Eminem surprised \"Saturday Night Live\" viewers with an appearance during Pete Davidson's holiday-inspired version of his 2000 hit song \"Stan.\"", "link": "https://www.cnn.com/videos/media/2020/12/07/snl-pete-davidson-stu-eminem-cameo-orig-bdk.cnn", "date_published": "2020-12-07 17:20:19+00:00", "persistent": false, "user": null, "language": "en-US"}, {"source": "http://rss.cnn.com/rss/edition.rss", "title": "Yes, it's another monolith. And this time it's in Britain", "description": "For those keeping track of the mystery of the monoliths, get your scorecards ready -- another of the curious structures has been spotted, this time on the Isle of Wight, off England's south coast.", "link": "https://www.cnn.com/style/article/monolith-isle-wight-intl-scli-gbr/index.html", "date_published": "2020-12-07 17:16:48+00:00", "persistent": false, "user": null, "language": "en-US"}, {"source": "http://rss.cnn.com/rss/edition.rss", "title": "Man's will left money to 50 cats that live in Russia's Hermitage Museum", "description": "A generous French philanthropist has left a sum of money to some unusual beneficiaries in his will -- a bunch of cats living in the basement of the State Hermitage Museum in Russia.", "link": "https://www.cnn.com/travel/article/french-man-cats-will-intl-scli/index.html", "date_published": "2020-12-07 17:06:06+00:00", "persistent": false, "user": null, "language": "en-US"}, {"source": "http://rss.cnn.com/rss/edition.rss", "title": "Stress during pregnancy may harm unborn baby's brain, studies find", "description": "The stress a woman feels during pregnancy can affect the developing brain of her unborn child, contributing to emotional, behavioral and physical changes that may harm a child's development, studies have found.", "link": "https://www.cnn.com/2020/12/07/health/pregnancy-stress-fetal-impact-study-wellness/index.html", "date_published": "2020-12-07 16:04:01+00:00", "persistent": false, "user": null, "language": "en-US"}, {"source": "http://rss.cnn.com/rss/edition.rss", "title": "The GOP's silence isn't just deafening. It's dangerous", "description": "The silence isn't just deafening. It's dangerous.", "link": "https://www.cnn.com/2020/12/07/politics/donald-trump-joe-biden-2020-election/index.html", "date_published": "2020-12-07 16:03:41+00:00", "persistent": false, "user": null, "language": "en-US"}, {"source": "http://rss.cnn.com/rss/edition.rss", "title": "How Kelly Loeffler backed into admitting Trump lost", "description": "Since coming to the Senate in January, Georgia Kelly Loeffler's has been the single biggest supporter of President Donald Trump's agenda. But even she knows the jig is up when it comes to his ongoing attempts to contest an election that he quite clearly lost.", "link": "https://www.cnn.com/2020/12/07/politics/kelly-loeffler-donald-trump-debate/index.html", "date_published": "2020-12-07 16:00:35+00:00", "persistent": false, "user": null, "language": "en-US"}, {"source": "http://rss.cnn.com/rss/edition.rss", "title": "Video shows overcrowded Christmas market in city hit hard by Covid-19", "description": "A Christmas market in Nottingham, in central England, has \"temporarily\" closed due to overcrowding just one day after it opened to the public. Nottingham is currently under 'Tier 3' coronavirus restrictions -- the toughest measures in place in England.", "link": "https://www.cnn.com/videos/world/2020/12/07/nottingham-england-crowded-christmas-market-coronavirus-covid-19-pandemic-ctw-intl-ldn-vpx.cnn", "date_published": "2020-12-07 16:00:02+00:00", "persistent": false, "user": null, "language": "en-US"}, {"source": "http://rss.cnn.com/rss/edition.rss", "title": "Venezuelans are being asked to vote twice in a week in two conflicting polls", "description": "", "link": "https://www.cnn.com/collections/intl-venezuela-1207/", "date_published": "2020-12-07 15:56:17+00:00", "persistent": false, "user": null, "language": "en-US"}, {"source": "http://rss.cnn.com/rss/edition.rss", "title": "Venezuela's opposition holds a referendum as Maduro celebrates an election victory", "description": "This week, Venezuelans are being asked to go to the polls not once but twice, in two bizarrely conflicting electoral events.", "link": "https://www.cnn.com/2020/12/07/americas/venezuela-elections-referendum-maduro-intl/index.html", "date_published": "2020-12-07 15:46:31+00:00", "persistent": false, "user": null, "language": "en-US"}, {"source": "http://rss.cnn.com/rss/edition.rss", "title": "'Elf' fans can stay in a hotel suite inspired by Buddy the Elf", "description": "When Buddy the Elf said the best way to spread Christmas cheer is singing loud for all to hear, he clearly hadn't seen the holiday hotel room created in his honor.", "link": "https://www.cnn.com/travel/article/buddy-elf-movie-hotel-room/index.html", "date_published": "2020-12-07 15:31:03+00:00", "persistent": false, "user": null, "language": "en-US"}, {"source": "http://rss.cnn.com/rss/edition.rss", "title": "KFC and Lifetime team up for a 'steamy' holiday mini-movie", "description": "We are trying really hard not to make a \"finger licking good\" joke.", "link": "https://www.cnn.com/2020/12/07/entertainment/kfc-lifetime-holiday-movie/index.html", "date_published": "2020-12-07 15:26:36+00:00", "persistent": false, "user": null, "language": "en-US"}, {"source": "http://rss.cnn.com/rss/edition.rss", "title": "A Canadian man drives a stranded American family 1,000 miles to Alaska", "description": "There's nice, and then there's Canadian-nice, which sometimes involves driving a total stranger, her two kids, a pair of elderly dogs and a cat named \"Midnight\" more than a thousand miles through a snowstorm to another country.", "link": "https://www.cnn.com/2020/12/07/us/ranger-rescues-stranded-family-trnd/index.html", "date_published": "2020-12-07 15:08:41+00:00", "persistent": false, "user": null, "language": "en-US"}, {"source": "http://rss.cnn.com/rss/edition.rss", "title": "Selma Blair and Sarah Michelle Gellar reenact that famous 'Cruel Intentions' kiss", "description": "Sarah Michelle Gellar and Selma Blair recreated their famous \"Cruel Intentions\" kiss, pandemic style.", "link": "https://www.cnn.com/2020/12/07/entertainment/selma-blair-sarah-michelle-gellar-kiss-trnd/index.html", "date_published": "2020-12-07 15:02:31+00:00", "persistent": false, "user": null, "language": "en-US"}, {"source": "http://rss.cnn.com/rss/edition.rss", "title": "Last month was the hottest November ever as Europe had its warmest fall on record", "description": "The world just experienced its hottest November on record while Europe had its warmest fall, according to an alarming report from the European Union's Copernicus Climate Change Service.", "link": "https://www.cnn.com/2020/12/07/weather/november-2020-hottest-month-climate-intl/index.html", "date_published": "2020-12-07 14:53:46+00:00", "persistent": false, "user": null, "language": "en-US"}, {"source": "http://rss.cnn.com/rss/edition.rss", "title": "Small space? Tight budget? Try these holiday decorations", "description": "Author Eddie Ross shows how to bring the holiday spirit home this year, with decor under $10 and a DIY touch to those leftover delivery boxes.", "link": "https://www.cnn.com/videos/us/2020/12/06/diy-cheap-christmas-decorations-holiday-yir-orig-jk-mh.cnn", "date_published": "2020-12-07 14:50:27+00:00", "persistent": false, "user": null, "language": "en-US"}, {"source": "http://rss.cnn.com/rss/edition.rss", "title": "Dr. Fauci: US not helpless against coronavirus", "description": "Dr. Anthony Fauci talks with CNN's John Berman about how holiday gatherings have impacted the rate of coronavirus deaths across the country.", "link": "https://www.cnn.com/videos/health/2020/12/07/dr-fauci-holidays-coronavirus-thanksgiving-christmas-newday-vpx.cnn", "date_published": "2020-12-07 14:46:47+00:00", "persistent": false, "user": null, "language": "en-US"}, {"source": "http://rss.cnn.com/rss/edition.rss", "title": "Man fined $3,500 for breaking Taiwan coronavirus quarantine for 8 seconds", "description": "Taiwanese authorities have slapped a $3,500 fine on a man who broke quarantine regulations for just eight seconds.", "link": "https://www.cnn.com/2020/12/07/asia/taiwan-quarantine-fine-scli-intl/index.html", "date_published": "2020-12-07 14:40:55+00:00", "persistent": false, "user": null, "language": "en-US"}, {"source": "http://rss.cnn.com/rss/edition.rss", "title": "Family of gospel singers shares battle with Covid-19", "description": "A gospel-singing family performed at a recording studio for a virtual concert and then five members of the family contracted Covid-19. CNN's Ed Lavandera reports.", "link": "https://www.cnn.com/videos/us/2020/12/07/gospel-singing-family-texas-covid-recovery-pkg-newday-vpx.cnn", "date_published": "2020-12-07 14:21:55+00:00", "persistent": false, "user": null, "language": "en-US"}, {"source": "http://rss.cnn.com/rss/edition.rss", "title": "Ikea is killing off its catalog after 70 years", "description": "Ikea is ending its bible-sized annual catalog after 70 years in publication.", "link": "https://www.cnn.com/2020/12/07/business/ikea-catalog/index.html", "date_published": "2020-12-07 14:18:56+00:00", "persistent": false, "user": null, "language": "en-US"}, {"source": "http://rss.cnn.com/rss/edition.rss", "title": "Dionne Warwick teases Chance the Rapper and The Weeknd on Twitter", "description": "Dionne Warwick had some fun on Twitter this past weekend.", "link": "https://www.cnn.com/2020/12/07/entertainment/dionne-warwick-chance-weeknd-trnd/index.html", "date_published": "2020-12-07 14:02:22+00:00", "persistent": false, "user": null, "language": "en-US"}, {"source": "http://rss.cnn.com/rss/edition.rss", "title": "Pope Francis to visit Iraq in March, Vatican says", "description": "Pope Francis will travel to Iraq in March 2021, the Vatican press office announced on Monday.", "link": "https://www.cnn.com/2020/12/07/europe/pope-francis-iraq-intl/index.html", "date_published": "2020-12-07 13:58:29+00:00", "persistent": false, "user": null, "language": "en-US"}, {"source": "http://rss.cnn.com/rss/edition.rss", "title": "Bob Dylan sells his entire catalog of songs to Universal", "description": "Bob Dylan has sold his entire catalog of songs, which encompasses more than 600 songs over 60 years, in a \"landmark agreement\" with Universal Music Publishing Group.", "link": "https://www.cnn.com/2020/12/07/media/bob-dylan-song-catalog/index.html", "date_published": "2020-12-07 13:47:21+00:00", "persistent": false, "user": null, "language": "en-US"}, {"source": "http://rss.cnn.com/rss/edition.rss", "title": "Trump's Wall Street watchdogs leave a warning for the Biden team", "description": "As they head out the door, Trump-led financial regulators are warning the incoming Biden team that a little-known yet critical corner of Wall Street is broken.", "link": "https://www.cnn.com/2020/12/07/investing/wall-street-biden-trump-regulation-fsoc/index.html", "date_published": "2020-12-07 13:03:42+00:00", "persistent": false, "user": null, "language": "en-US"}, {"source": "http://rss.cnn.com/rss/edition.rss", "title": "UK prepares to give first Covid-19 vaccinations as the world watches", "description": "", "link": "https://www.cnn.com/collections/intl-coronavirus-1207/", "date_published": "2020-12-07 12:43:35+00:00", "persistent": false, "user": null, "language": "en-US"}, {"source": "http://rss.cnn.com/rss/edition.rss", "title": "'Monster Hunter' pulled from cinemas in China after 'racist' scene backlash", "description": "Hollywood fantasy action movie \"Monster Hunter\" has been pulled from theaters in China days after its release, following uproar on social media about a pun in the script that some viewers said was racist.", "link": "https://www.cnn.com/2020/12/07/media/china-monster-hunter-racist-intl-hnk-scli/index.html", "date_published": "2020-12-07 11:24:09+00:00", "persistent": false, "user": null, "language": "en-US"}, {"source": "http://rss.cnn.com/rss/edition.rss", "title": "Ashton Kutcher urges EU to allow tech giants to keep tracking online child abuse", "description": "American actor and activist Ashton Kutcher is urging EU policymakers to grant tech giants like Facebook and Google a reprieve from new privacy rules that would prohibit them from using automatic detection tools to combat child pornography.", "link": "https://www.cnn.com/2020/12/07/tech/europe-privacy-law-child-abuse-intl/index.html", "date_published": "2020-12-07 10:55:50+00:00", "persistent": false, "user": null, "language": "en-US"}, {"source": "http://rss.cnn.com/rss/edition.rss", "title": "Unidentified illness hospitalizes more than 300 people in India", "description": "An unidentified illness has hospitalized more than 300 people in southeastern India, including one who has died, according to local officials investigating the cases.", "link": "https://www.cnn.com/2020/12/07/asia/india-mystery-illness-intl-hnk-scli/index.html", "date_published": "2020-12-07 10:45:47+00:00", "persistent": false, "user": null, "language": "en-US"}, {"source": "http://rss.cnn.com/rss/edition.rss", "title": "Holocaust victims suing Germany and Hungary have their day at the Supreme Court on Monday", "description": "The Supreme Court on Monday will delve into atrocities committed during World War II and hear two cases brought by victims and their family members who are seeking compensation for property they say was stolen from them during the Holocaust.", "link": "https://www.cnn.com/2020/12/07/politics/welfenschatz-supreme-court-holocaust-germany-hungary/index.html", "date_published": "2020-12-07 10:04:01+00:00", "persistent": false, "user": null, "language": "en-US"}, {"source": "http://rss.cnn.com/rss/edition.rss", "title": "Beijing may have built bases in the South China Sea, but that doesn't mean it can defend them, report claims", "description": "Beijing has spent years turning islands and reefs in the South China Sea into military bases and airstrips -- but such territory could be vulnerable to attack and nigh indefensible in the event of war, a new report has warned.", "link": "https://www.cnn.com/2020/12/07/china/south-china-sea-bases-military-intl-hnk/index.html", "date_published": "2020-12-07 07:56:41+00:00", "persistent": false, "user": null, "language": "en-US"}, {"source": "http://rss.cnn.com/rss/edition.rss", "title": "Reporter: Loeffler's answer was 'the definition of a dodge'", "description": "During a debate with Democratic challenger Rev. Raphael Warnock, Sen. Kelly Loeffler (R-GA) was asked about where her loyalties lie: with President Donald Trump or Georgia Gov. Brian Kemp. CNN's Maeve Reston says her answer was \"the definition of a dodge.\"", "link": "https://www.cnn.com/videos/politics/2020/06/14/georgia-senate-debate-kelly-loeffler-kemp-trump-loyalty-reston-sot-tsr-vpx.cnn", "date_published": "2020-12-07 01:43:28+00:00", "persistent": false, "user": null, "language": "en-US"}]