[{"source": "https://www.youtube.com/feeds/videos.xml?channel_id=UCXuqSBlHAE6Xw-yeJA0Tunw", "title": "This BIZARRE Chinese Motherboard has a Graphics Card in it!!", "description": "Check out the Drop x Sennheiser HD 6XX Headphones at https://dro.ps/linustechtips-may-6xx\n\nSign up for Private Internet Access VPN at https://lmg.gg/pialinus1\n\nGetting stuck using integrated graphics on your CPU sucks, but graphics on motherboards sucked a lot worse. Yet they're still making them in China... With a GTX 1050 Ti? What? WHY?\n\nBuy this motherboard: https://geni.us/lZRk\n\nBuy an NVIDIA GTX 1050Ti\nOn Amazon (PAID LINK): https://geni.us/8FJh0\nOn Newegg (PAID LINK): https://geni.us/8ARBS\nOn B&H (PAID LINK): https://geni.us/3HA6P\n\nBuy Intel Core i7-7700K\nOn Amazon (PAID LINK): https://geni.us/stNJu\nOn Newegg (PAID LINK): https://geni.us/cBwpL\nOn B&H (PAID LINK): https://geni.us/AbHFK\n\nBuy CORSAIR AX1500i\nOn Amazon (PAID LINK): https://geni.us/AvTktv\nOn Newegg (PAID LINK): https://geni.us/m1LY\nOn B&H (PAID LINK): https://geni.us/Q7a3V1\n\nBuy a Micro ATX Motherboard:\nOn Amazon (PAID LINK): https://geni.us/mtdAG\nOn Newegg (PAID LINK): https://geni.us/7KBubp\nOn B&H (PAID LINK): https://geni.us/ZyIvizz\n\nBuy Samsung Internal SSD\nOn Amazon (PAID LINK): https://geni.us/b7mRmU\nOn Newegg (PAID LINK): https://geni.us/Pa19f\nOn B&H (PAID LINK): https://geni.us/YBe4\n\nPurchases made through some store links may provide some compensation to Linus Media Group.\n\nDiscuss on the forum: https://linustechtips.com/main/topic/1190179-this-chinese-motherboard-shouldnt-exist/\n\n\nGET MERCH: http://www.LTTStore.com/\nSUPPORT US ON FLOATPLANE: https://www.floatplane.com/  \nLTX EXPO: https://www.ltxexpo.com/   \n\nAFFILIATES & REFERRALS\n---------------------------------------------------\nAffiliates, Sponsors & Referrals: https://lmg.gg/sponsors\nGet Private Internet Access VPN at https://lmg.gg/pialinus2\nGet a Displate Metal Print at https://lmg.gg/displateltt\nSupport a Creator code LINUSMEDIAGROUP on Epic Games Store: https://lmg.gg/kRTpY\nGet a 30-day free trial of Amazon Prime at https://lmg.gg/8KV1v\nOur Gear on Amazon: https://geni.us/lmgamazon\n \nFOLLOW US ELSEWHERE\n---------------------------------------------------  \nTwitter: https://twitter.com/linustech\nFacebook: http://www.facebook.com/LinusTech\nInstagram: https://www.instagram.com/linustech\nTwitch: https://www.twitch.tv/linustech\n\nFOLLOW OUR OTHER CHANNELS\n---------------------------------------------------  \nTechquickie: https://lmg.gg/techquickieyt\nTechLinked: https://lmg.gg/techlinkedyt\nShortCircuit: https://lmg.gg/shortcircuityt\n\nLMG Clips: https://lmg.gg/lmgclipsyt\nChannel Super Fun: https://lmg.gg/channelsuperfunyt\nCarpool Critics: https://lmg.gg/carpoolcriticsyt\n\nMUSIC CREDIT\n---------------------------------------------------  \nTitle: Laszlo - Supernova\nVideo Link: https://www.youtube.com/watch?v=PKfxmFU3lWY\niTunes Download Link: https://itunes.apple.com/us/album/supernova/id936805712\nArtist Link: https://soundcloud.com/laszlomusic\n\nOutro Screen Music Credit: Approaching Nirvana - Sugar High http://www.youtube.com/approachingnirvana\n\nMonitor And Keyboard by vadimmihalkevich / CC BY 4.0 https://lmg.gg/fxHYK \nMechanical RGB Keyboard by BigBrotherECE / CC BY 4.0 https://lmg.gg/Q9yyQ \nMouse Gamer free Model By Oscar Creativo / CC BY 4.0 https://lmg.gg/8upii", "link": "https://www.youtube.com/watch?v=EmTQXtdi1XM", "date_published": "2020-05-06 00:00:00+00:00", "persistent": false, "user": null, "language": "en-US"}, {"source": "https://www.youtube.com/feeds/videos.xml?channel_id=UCXuqSBlHAE6Xw-yeJA0Tunw", "title": "Cancel your 4K Netflix NOW - Nvidia Shield TV Review", "description": "Get a 15-day free trial for unlimited backup at https://backblaze.com/LTT\n\nAdd Honey for FREE and start saving today at https://joinhoney.com/ltt\nThanks, Honey for sponsoring!\n\nThe new NVIDIA Shield TV's shipped with a new feature NVIDIA calls \"AI Upscaling\", promising to make upscaled content look close to the upscaled native resolution... but is it just another AI gimmick? Let's find out.\n\nBuy an NVIDIA Shield TV:\nOn Amazon: https://geni.us/DkZS\nOn Newegg: https://geni.us/kXq2UnD\nOn Newegg (Pro Model): https://geni.us/k8eTW\n\nPurchases made through some store links may provide some compensation to Linus Media Group.\n\nDiscuss on the forum: https://linustechtips.com/main/topic/1189619-cancel-your-4k-netflix-now-nvidia-shield-tv-review/\n\nGET MERCH: http://www.LTTStore.com/\nSUPPORT US ON FLOATPLANE: https://www.floatplane.com/  \nLTX EXPO: https://www.ltxexpo.com/   \n\nAFFILIATES & REFERRALS\n---------------------------------------------------\nAffiliates, Sponsors & Referrals: https://lmg.gg/sponsors\nGet Private Internet Access VPN at https://lmg.gg/pialinus2\nGet a Displate Metal Print at https://lmg.gg/displateltt\nSupport a Creator code LINUSMEDIAGROUP on Epic Games Store: https://lmg.gg/kRTpY\nGet a 30-day free trial of Amazon Prime at https://lmg.gg/8KV1v\nOur Gear on Amazon: https://geni.us/lmgamazon\n \nFOLLOW US ELSEWHERE\n---------------------------------------------------  \nTwitter: https://twitter.com/linustech\nFacebook: http://www.facebook.com/LinusTech\nInstagram: https://www.instagram.com/linustech\nTwitch: https://www.twitch.tv/linustech\n\nFOLLOW OUR OTHER CHANNELS\n---------------------------------------------------  \nTechquickie: https://lmg.gg/techquickieyt\nTechLinked: https://lmg.gg/techlinkedyt\nShortCircuit: https://lmg.gg/shortcircuityt\n\nLMG Clips: https://lmg.gg/lmgclipsyt\nChannel Super Fun: https://lmg.gg/channelsuperfunyt\nCarpool Critics: https://lmg.gg/carpoolcriticsyt\n\nMUSIC CREDIT\n---------------------------------------------------  \nTitle: Laszlo - Supernova\nVideo Link: https://www.youtube.com/watch?v=PKfxmFU3lWY\niTunes Download Link: https://itunes.apple.com/us/album/supernova/id936805712\nArtist Link: https://soundcloud.com/laszlomusic\n\nOutro Screen Music Credit: Approaching Nirvana - Sugar High http://www.youtube.com/approachingnirvana\n\nMonitor And Keyboard by vadimmihalkevich / CC BY 4.0 https://lmg.gg/fxHYK \nMechanical RGB Keyboard by BigBrotherECE / CC BY 4.0 https://lmg.gg/Q9yyQ \nMouse Gamer free Model By Oscar Creativo / CC BY 4.0 https://lmg.gg/8upii", "link": "https://www.youtube.com/watch?v=NYfmxb1OqzE", "date_published": "2020-05-05 00:00:00+00:00", "persistent": false, "user": null, "language": "en-US"}]