[{"source": "https://www.youtube.com/feeds/videos.xml?channel_id=UCw--xPGVVxYzRsWyV1nFqgg", "title": "LET'S DEBATE: Authors are greedy?", "description": "You put forward opinions on the fantasy genre. I give my thoughts back. Let's talk about that. \nMerch: https://teespring.com/stores/fantasy-news-2\nPatreon: https://www.patreon.com/DanielBGreene\nAmazon: https://www.amazon.com/shop/danielgreene\nDiscord Server: https://discord.gg/xUzhVv4\nTwitter: https://twitter.com/DanielBGreene?lang=en\nTwitch: https://www.twitch.tv/fantasynews\nInstagram: https://www.instagram.com/dgreene101/\nGoodReads: https://www.goodreads.com/user/show/82239739-daniel-greene\nSubreddit: https://www.reddit.com/r/danielgreene", "link": "https://www.youtube.com/watch?v=sXU17EehdXE", "date_published": "2020-05-06 00:00:00+00:00", "persistent": false, "user": null, "language": "en-US"}, {"source": "https://www.youtube.com/feeds/videos.xml?channel_id=UCw--xPGVVxYzRsWyV1nFqgg", "title": "A Convo About YA Fantasy w/ The Book Leo!", "description": "The Book Leo: https://www.youtube.com/channel/UCkSMDOtrKr43OGSSmKnx6tQ/videos\nA Convo about young adult fantasy!\nMerch: https://teespring.com/stores/fantasy-news-2\nPatreon: https://www.patreon.com/DanielBGreene\nAmazon: https://www.amazon.com/shop/danielgreene\nDiscord Server: https://discord.gg/xUzhVv4\nTwitter: https://twitter.com/DanielBGreene?lang=en\nTwitch: https://www.twitch.tv/fantasynews\nInstagram: https://www.instagram.com/dgreene101/\nGoodReads: https://www.goodreads.com/user/show/82239739-daniel-greene\nSubreddit: https://www.reddit.com/r/danielgreene", "link": "https://www.youtube.com/watch?v=zTjkDnkSY2o", "date_published": "2020-05-05 00:00:00+00:00", "persistent": false, "user": null, "language": "en-US"}]