[{"source": "https://www.youtube.com/feeds/videos.xml?channel_id=UCl2mFZoRqjw_ELax4Yisf6w", "title": "AVOID vbulletin forum software: it is UNUSABLE, buggy. Even if you pay you will receive no support", "description": "https://tinyurl.com/rossmatrix\nLet's get Right to Repair passed! https://gofund.me/1cba2545\n\ud83d\udd35 We fix Macbooks & offer free estimates. https://rossmanngroup.com\n\ud83d\udd35 Send us your Macbook for repair! http://bit.ly/sendmacbook\n\ud83d\udd35 We'll send you a box with a pre-paid shipping label for your repair! http://bit.ly/sendyourmacbook\n\ud83d\udd35 We offer iPhone data recovery: http://bit.ly/2BDBX4G\n\ud83d\udd35 We offer lab hard drive data recovery: http://bit.ly/labdatarecovery\n\n\ud83d\udc49 LEARN HOW TO DO THIS:\n\u203a In-person classes: https://bit.ly/classrg\n\u203a Beginner's guide: http://bit.ly/2k6uz84\n\u203a Support forum: $29/mo http://bit.ly/boardrepairforum\n\n\ud83d\udc49 Donate & post a message: http://bit.ly/postamessage \n\n\ud83d\udc49 Below we list tools & recording gear we use, repair guides to help you learn, online chip sources, & donation links:\n\n\ud83d\udc49 BlackBerry, Oreo, & Clinton the cat's wish list: https://www.amazon.com/hz/wishlist/ls/2YC1L66N7T5BC?&sort=default\n\n\ud83d\udc49 CHIPS & COMPONENTS:\n\u203a http://bit.ly/2jaAOXM\n\n\ud83d\udc49 Discord: https://tinyurl.com/rossmatrix\n\n\ud83d\udc49 TOOLS USED:\n\n\u2713 Soldering Irons:\n\u203a Louis' Hakko station(no tweezers): http://amzn.to/2cKkMyO \n\u203a Paul's Hakko station(works with tweezers): http://amzn.to/2yMvWNy\n\u203a Micro Soldering Pencil: http://amzn.to/2d5MWUP\n\u203a Hot tweezers: http://amzn.to/2yMvZsZ\n\u203a Atten ST-862D hot air station: http://bit.ly/atten862\n\n\u2713 CHEAP HAKKO ALTERNATIVES:\n\u203a TS100 soldering iron: https://amzn.to/2Gy1Fqz\n\u203a Recommended tips: TS-C4: https://amzn.to/33s3jpW TS-KU https://amzn.to/2QsKT36\n\n\u2713 Preferred Soldering Tips\n\u203a Fine: http://amzn.to/2d5MgPn \n\u203a Flat: https://amzn.to/2JnsDBT \n\u203a GPU wicking: http://amzn.to/2w8chtB\n\u203a Micro soldering tip: http://amzn.to/2qUSFDh\n\n\u2713 Microscopes:\n\u203a Microscope: http://amzn.to/2iLrE16 \n\u203a Barlow lens: http://amzn.to/2yMKdKf\n\u203a LED light: http://amzn.to/2nzfPT2\n\u203a CHEAP alternative microscope: http://amzn.to/2rTlHbj\n\n\u2713 Soldering/Repair Supplies:\n\u203a Solder: http://amzn.to/2cKkxUp\n\u203a Desoldering braid: http://bit.ly/2otflOX\n\u203a Flux: http://bit.ly/amtechflux\n\u203a Solder paste: http://bit.ly/amtechsolderpaste\n\u203a THICK insulated jumper wire: https://amzn.to/2rvtD0A\n\u203a THIN insulated jumper wire: https://amzn.to/2I47DQY\n\u203a Kapton tape: http://amzn.to/2yN0xuq\n\u203a Tweezers: http://amzn.to/2d5NBpi\n\u203a Blades: http://amzn.to/2ByWnvF\n\u203a Freeze Spray: http://amzn.to/2BySozw\n\u203a Conformal coating: http://bit.ly/greencoate\n\u203a Conformal coating curing pen: http://bit.ly/uvpen\n\n\u2713 Diagnostic tools:\n\u203a USB amp meter: http://bit.ly/2B2Lu5W\n\u203a USB-C amp meter: http://bit.ly/usbcamp\n\u203a On-Screen multimeter: http://amzn.to/2jtgY9K \n\u203a Multimeter Probes: http://bit.ly/fineprobes\n\u203a CHEAP multimeter: http://amzn.to/2zjkg8U\n\u203a Bench PSU: CSI3005P http://bit.ly/benchsupply\n\u203a Phoneboard: https://phoneboard.co\n\u203a Boardview software: https://pldaniels.com/flexbv/\n\n\u2713 Ultrasonic Cleaning:\n\u203a ALL MACBOOKS & CELLPHONES: Crest P1200H-45: https://amzn.to/2ITSQdw\n\u203a PRE-TOUCHBAR MACBOOKS & CELLPHONES: Crest P500H-45: https://amzn.to/2Qrnhf8\n\u203a CELLPHONES ONLY: Crest P230H-45: https://amzn.to/2QsckKG\n\u203a Branson EC cleaning fluid: http://amzn.to/2cKlBrp\n\n\u2713 Desk supplies:\n\u203a Desk: http://amzn.to/2yMShdZ\n\u203a Chair: https://amzn.to/2LB8bUB\n\u203a Fume Extractor: http://amzn.to/2d5MGoD\n\u203a Work mat: http://amzn.to/2yMtlTR\n\u203a Outlets: http://amzn.to/2yNsZwo\n\u203a Gloves: http://amzn.to/2iUfumS\n\u203a Durable lightning cable: http://amzn.to/2yNHzUt\n\u203a Fine tipped snippers: http://amzn.to/2HGt4XB\n\n\u2713 Screwdrivers: \n\u203a iPhone bottom screw: http://amzn.to/2yNwX8p\n\u203a Macbook bottom screw: http://amzn.to/2AKMdVb\n\u203a Torx T3: http://amzn.to/2zjtxxH\n\u203a Torx T5 http://amzn.to/2BLNDn4\n\u203a Torx T6 http://amzn.to/2B0XIfA\n\u203a Torx T8 http://amzn.to/2CpWp68\n\u203a Phillips #0: http://amzn.to/2AJaHhM\n\u203a Phillips #000: http://amzn.to/2yNqsCl\n\n\n\n\u2713 RECORDING EQUIPMENT:\n\u203a Work cam: https://amzn.to/2QjHnt0\n\u203a Overhead cam: http://amzn.to/2eAH0oT\n\u203a Work mic: https://amzn.to/2WGIhzw\n\u203a Home mic: https://amzn.to/2xfampC\n\u203a Microscope camera: http://amzn.to/2icVQoG - mine is DISCONTINUED, closest one I can find. \n\u203a HDMI capture: http://amzn.to/2iyGcle\n\n\ud83d\udc49 Affiliate:\n\u203a Buying on eBay? Support us while you shop! https://www.rossmanngroup.com/ebay\n\u203a Rossmann Repair Group Inc is a participant in the Amazon Services LLC Associates Program, an affiliate advertising program designed to provide a means for sites to earn advertising fees by advertising and linking to amazon.com\n\n\ud83d\udc49 Leave a tip for us via cryptocurrency if we've helped you out:\n\u203a Credit card: http://bit.ly/postamessage\n\u203a Bitcoin: 1EaEv8DBeFfg6fE6BimEmvEFbYLkhpcvhj\n\u203a Bitcoin Cash: qzwtptwa8h0wjjawr5fsm0ku8kf40amgqgm6lx4jxh\n\u203a Dash: XwQpZuvMvU44JT7C7Uh6xHvkSadzJw9fMN\n\u203a Dogecoin: DKetsoCvwa2hF29ssgUA4Wz4hxT4kj3KLU\n\u203a Ethereum: 0x6f6870feb48f08388ee345cf0261e2f03d2fa310\n\u203a Ethereum classic: 0x671bfd61ba87edf6365c97cea33d66ba73645510\n\u203a Litecoin: LWnbTTAjojZQt68ihFJFgQq3cYHUsTcyd7\n\u203a Verge: DFumZ5sMhi3JktLQpsTVtV9xUt3zKDrcZV\n\u203a Zcash: t1Ko3FkphQYoQroQc8k2DVk4WKMAbmNR8PH\n\u203a Zcoin: a8QdvArHmdRYe1MjiqtP6jDNe6Z4JgnRKZ", "link": "https://www.youtube.com/watch?v=zMnavb--lM4", "date_published": "2020-05-06 00:00:00+00:00", "persistent": false, "user": null, "language": "en-US"}, {"source": "https://www.youtube.com/feeds/videos.xml?channel_id=UCl2mFZoRqjw_ELax4Yisf6w", "title": "Macbook board develops hole through it, Apple calls it liquid damage. \ud83d\ude02", "description": "https://tinyurl.com/rossmatrix\nLet's get Right to Repair passed! https://gofund.me/1cba2545\n\ud83d\udd35 We fix Macbooks & offer free estimates. https://rossmanngroup.com\n\ud83d\udd35 Send us your Macbook for repair! http://bit.ly/sendmacbook\n\ud83d\udd35 We'll send you a box with a pre-paid shipping label for your repair! http://bit.ly/sendyourmacbook\n\ud83d\udd35 We offer iPhone data recovery: http://bit.ly/2BDBX4G\n\ud83d\udd35 We offer lab hard drive data recovery: http://bit.ly/labdatarecovery\n\n\ud83d\udc49 LEARN HOW TO DO THIS:\n\u203a In-person classes: https://bit.ly/classrg\n\u203a Beginner's guide: http://bit.ly/2k6uz84\n\u203a Support forum: $29/mo http://bit.ly/boardrepairforum\n\n\ud83d\udc49 Donate & post a message: http://bit.ly/postamessage \n\n\ud83d\udc49 Below we list tools & recording gear we use, repair guides to help you learn, online chip sources, & donation links:\n\n\ud83d\udc49 BlackBerry, Oreo, & Clinton the cat's wish list: https://www.amazon.com/hz/wishlist/ls/2YC1L66N7T5BC?&sort=default\n\n\ud83d\udc49 CHIPS & COMPONENTS:\n\u203a http://bit.ly/2jaAOXM\n\n\ud83d\udc49 Discord: https://tinyurl.com/rossmatrix\n\n\ud83d\udc49 TOOLS USED:\n\n\u2713 Soldering Irons:\n\u203a Louis' Hakko station(no tweezers): http://amzn.to/2cKkMyO \n\u203a Paul's Hakko station(works with tweezers): http://amzn.to/2yMvWNy\n\u203a Micro Soldering Pencil: http://amzn.to/2d5MWUP\n\u203a Hot tweezers: http://amzn.to/2yMvZsZ\n\u203a Atten ST-862D hot air station: http://bit.ly/atten862\n\n\u2713 CHEAP HAKKO ALTERNATIVES:\n\u203a TS100 soldering iron: https://amzn.to/2Gy1Fqz\n\u203a Recommended tips: TS-C4: https://amzn.to/33s3jpW TS-KU https://amzn.to/2QsKT36\n\n\u2713 Preferred Soldering Tips\n\u203a Fine: http://amzn.to/2d5MgPn \n\u203a Flat: https://amzn.to/2JnsDBT \n\u203a GPU wicking: http://amzn.to/2w8chtB\n\u203a Micro soldering tip: http://amzn.to/2qUSFDh\n\n\u2713 Microscopes:\n\u203a Microscope: http://amzn.to/2iLrE16 \n\u203a Barlow lens: http://amzn.to/2yMKdKf\n\u203a LED light: http://amzn.to/2nzfPT2\n\u203a CHEAP alternative microscope: http://amzn.to/2rTlHbj\n\n\u2713 Soldering/Repair Supplies:\n\u203a Solder: http://amzn.to/2cKkxUp\n\u203a Desoldering braid: http://bit.ly/2otflOX\n\u203a Flux: http://bit.ly/amtechflux\n\u203a Solder paste: http://bit.ly/amtechsolderpaste\n\u203a THICK insulated jumper wire: https://amzn.to/2rvtD0A\n\u203a THIN insulated jumper wire: https://amzn.to/2I47DQY\n\u203a Kapton tape: http://amzn.to/2yN0xuq\n\u203a Tweezers: http://amzn.to/2d5NBpi\n\u203a Blades: http://amzn.to/2ByWnvF\n\u203a Freeze Spray: http://amzn.to/2BySozw\n\u203a Conformal coating: http://bit.ly/greencoate\n\u203a Conformal coating curing pen: http://bit.ly/uvpen\n\n\u2713 Diagnostic tools:\n\u203a USB amp meter: http://bit.ly/2B2Lu5W\n\u203a USB-C amp meter: http://bit.ly/usbcamp\n\u203a On-Screen multimeter: http://amzn.to/2jtgY9K \n\u203a Multimeter Probes: http://bit.ly/fineprobes\n\u203a CHEAP multimeter: http://amzn.to/2zjkg8U\n\u203a Bench PSU: CSI3005P http://bit.ly/benchsupply\n\u203a Phoneboard: https://phoneboard.co\n\u203a Boardview software: https://pldaniels.com/flexbv/\n\n\u2713 Ultrasonic Cleaning:\n\u203a ALL MACBOOKS & CELLPHONES: Crest P1200H-45: https://amzn.to/2ITSQdw\n\u203a PRE-TOUCHBAR MACBOOKS & CELLPHONES: Crest P500H-45: https://amzn.to/2Qrnhf8\n\u203a CELLPHONES ONLY: Crest P230H-45: https://amzn.to/2QsckKG\n\u203a Branson EC cleaning fluid: http://amzn.to/2cKlBrp\n\n\u2713 Desk supplies:\n\u203a Desk: http://amzn.to/2yMShdZ\n\u203a Chair: https://amzn.to/2LB8bUB\n\u203a Fume Extractor: http://amzn.to/2d5MGoD\n\u203a Work mat: http://amzn.to/2yMtlTR\n\u203a Outlets: http://amzn.to/2yNsZwo\n\u203a Gloves: http://amzn.to/2iUfumS\n\u203a Durable lightning cable: http://amzn.to/2yNHzUt\n\u203a Fine tipped snippers: http://amzn.to/2HGt4XB\n\n\u2713 Screwdrivers: \n\u203a iPhone bottom screw: http://amzn.to/2yNwX8p\n\u203a Macbook bottom screw: http://amzn.to/2AKMdVb\n\u203a Torx T3: http://amzn.to/2zjtxxH\n\u203a Torx T5 http://amzn.to/2BLNDn4\n\u203a Torx T6 http://amzn.to/2B0XIfA\n\u203a Torx T8 http://amzn.to/2CpWp68\n\u203a Phillips #0: http://amzn.to/2AJaHhM\n\u203a Phillips #000: http://amzn.to/2yNqsCl\n\n\n\n\u2713 RECORDING EQUIPMENT:\n\u203a Work cam: https://amzn.to/2QjHnt0\n\u203a Overhead cam: http://amzn.to/2eAH0oT\n\u203a Work mic: https://amzn.to/2WGIhzw\n\u203a Home mic: https://amzn.to/2xfampC\n\u203a Microscope camera: http://amzn.to/2icVQoG - mine is DISCONTINUED, closest one I can find. \n\u203a HDMI capture: http://amzn.to/2iyGcle\n\n\ud83d\udc49 Affiliate:\n\u203a Buying on eBay? Support us while you shop! https://www.rossmanngroup.com/ebay\n\u203a Rossmann Repair Group Inc is a participant in the Amazon Services LLC Associates Program, an affiliate advertising program designed to provide a means for sites to earn advertising fees by advertising and linking to amazon.com\n\n\ud83d\udc49 Leave a tip for us via cryptocurrency if we've helped you out:\n\u203a Credit card: http://bit.ly/postamessage\n\u203a Bitcoin: 1EaEv8DBeFfg6fE6BimEmvEFbYLkhpcvhj\n\u203a Bitcoin Cash: qzwtptwa8h0wjjawr5fsm0ku8kf40amgqgm6lx4jxh\n\u203a Dash: XwQpZuvMvU44JT7C7Uh6xHvkSadzJw9fMN\n\u203a Dogecoin: DKetsoCvwa2hF29ssgUA4Wz4hxT4kj3KLU\n\u203a Ethereum: 0x6f6870feb48f08388ee345cf0261e2f03d2fa310\n\u203a Ethereum classic: 0x671bfd61ba87edf6365c97cea33d66ba73645510\n\u203a Litecoin: LWnbTTAjojZQt68ihFJFgQq3cYHUsTcyd7\n\u203a Verge: DFumZ5sMhi3JktLQpsTVtV9xUt3zKDrcZV\n\u203a Zcash: t1Ko3FkphQYoQroQc8k2DVk4WKMAbmNR8PH\n\u203a Zcoin: a8QdvArHmdRYe1MjiqtP6jDNe6Z4JgnRKZ", "link": "https://www.youtube.com/watch?v=dvat2Ljix9Y", "date_published": "2020-05-06 00:00:00+00:00", "persistent": false, "user": null, "language": "en-US"}, {"source": "https://www.youtube.com/feeds/videos.xml?channel_id=UCl2mFZoRqjw_ELax4Yisf6w", "title": "bikerescue.nyc finds creative way to avoid rent and offer superior service through pandemic", "description": "https://tinyurl.com/rossmatrix\nLet's get Right to Repair passed! https://gofund.me/1cba2545\nhttps://www.bikerescue.nyc/\nduring the last economic recession, instead of pay rent on an expensive location, I did house calls when I brought everything I needed to fix devices to my customer. This guy is doing that 20 times better and more professionally! Check it out oh, and thanks for fixing my bike. only fifty bucks for the house call", "link": "https://www.youtube.com/watch?v=NsRRQEKkNMw", "date_published": "2020-05-06 00:00:00+00:00", "persistent": false, "user": null, "language": "en-US"}, {"source": "https://www.youtube.com/feeds/videos.xml?channel_id=UCl2mFZoRqjw_ELax4Yisf6w", "title": "The great comeback", "description": "https://tinyurl.com/rossmatrix\nLet's get Right to Repair passed! https://gofund.me/1cba2545\n\ud83d\udd35 We fix Macbooks & offer free estimates. https://rossmanngroup.com\n\ud83d\udd35 Send us your Macbook for repair! http://bit.ly/sendmacbook\n\ud83d\udd35 We'll send you a box with a pre-paid shipping label for your repair! http://bit.ly/sendyourmacbook\n\ud83d\udd35 We offer iPhone data recovery: http://bit.ly/2BDBX4G\n\ud83d\udd35 We offer lab hard drive data recovery: http://bit.ly/labdatarecovery\n\n\ud83d\udc49 LEARN HOW TO DO THIS:\n\u203a In-person classes: https://bit.ly/classrg\n\u203a Beginner's guide: http://bit.ly/2k6uz84\n\u203a Support forum: $29/mo http://bit.ly/boardrepairforum\n\n\ud83d\udc49 Donate & post a message: http://bit.ly/postamessage \n\n\ud83d\udc49 Below we list tools & recording gear we use, repair guides to help you learn, online chip sources, & donation links:\n\n\ud83d\udc49 BlackBerry, Oreo, & Clinton the cat's wish list: https://www.amazon.com/hz/wishlist/ls/2YC1L66N7T5BC?&sort=default\n\n\ud83d\udc49 CHIPS & COMPONENTS:\n\u203a http://bit.ly/2jaAOXM\n\n\ud83d\udc49 Discord: https://tinyurl.com/rossmatrix\n\n\ud83d\udc49 TOOLS USED:\n\n\u2713 Soldering Irons:\n\u203a Louis' Hakko station(no tweezers): http://amzn.to/2cKkMyO \n\u203a Paul's Hakko station(works with tweezers): http://amzn.to/2yMvWNy\n\u203a Micro Soldering Pencil: http://amzn.to/2d5MWUP\n\u203a Hot tweezers: http://amzn.to/2yMvZsZ\n\u203a Atten ST-862D hot air station: http://bit.ly/atten862\n\n\u2713 CHEAP HAKKO ALTERNATIVES:\n\u203a TS100 soldering iron: https://amzn.to/2Gy1Fqz\n\u203a Recommended tips: TS-C4: https://amzn.to/33s3jpW TS-KU https://amzn.to/2QsKT36\n\n\u2713 Preferred Soldering Tips\n\u203a Fine: http://amzn.to/2d5MgPn \n\u203a Flat: https://amzn.to/2JnsDBT \n\u203a GPU wicking: http://amzn.to/2w8chtB\n\u203a Micro soldering tip: http://amzn.to/2qUSFDh\n\n\u2713 Microscopes:\n\u203a Microscope: http://amzn.to/2iLrE16 \n\u203a Barlow lens: http://amzn.to/2yMKdKf\n\u203a LED light: http://amzn.to/2nzfPT2\n\u203a CHEAP alternative microscope: http://amzn.to/2rTlHbj\n\n\u2713 Soldering/Repair Supplies:\n\u203a Solder: http://amzn.to/2cKkxUp\n\u203a Desoldering braid: http://bit.ly/2otflOX\n\u203a Flux: http://bit.ly/amtechflux\n\u203a Solder paste: http://bit.ly/amtechsolderpaste\n\u203a THICK insulated jumper wire: https://amzn.to/2rvtD0A\n\u203a THIN insulated jumper wire: https://amzn.to/2I47DQY\n\u203a Kapton tape: http://amzn.to/2yN0xuq\n\u203a Tweezers: http://amzn.to/2d5NBpi\n\u203a Blades: http://amzn.to/2ByWnvF\n\u203a Freeze Spray: http://amzn.to/2BySozw\n\u203a Conformal coating: http://bit.ly/greencoate\n\u203a Conformal coating curing pen: http://bit.ly/uvpen\n\n\u2713 Diagnostic tools:\n\u203a USB amp meter: http://bit.ly/2B2Lu5W\n\u203a USB-C amp meter: http://bit.ly/usbcamp\n\u203a On-Screen multimeter: http://amzn.to/2jtgY9K \n\u203a Multimeter Probes: http://bit.ly/fineprobes\n\u203a CHEAP multimeter: http://amzn.to/2zjkg8U\n\u203a Bench PSU: CSI3005P http://bit.ly/benchsupply\n\u203a Phoneboard: https://phoneboard.co\n\u203a Boardview software: https://pldaniels.com/flexbv/\n\n\u2713 Ultrasonic Cleaning:\n\u203a ALL MACBOOKS & CELLPHONES: Crest P1200H-45: https://amzn.to/2ITSQdw\n\u203a PRE-TOUCHBAR MACBOOKS & CELLPHONES: Crest P500H-45: https://amzn.to/2Qrnhf8\n\u203a CELLPHONES ONLY: Crest P230H-45: https://amzn.to/2QsckKG\n\u203a Branson EC cleaning fluid: http://amzn.to/2cKlBrp\n\n\u2713 Desk supplies:\n\u203a Desk: http://amzn.to/2yMShdZ\n\u203a Chair: https://amzn.to/2LB8bUB\n\u203a Fume Extractor: http://amzn.to/2d5MGoD\n\u203a Work mat: http://amzn.to/2yMtlTR\n\u203a Outlets: http://amzn.to/2yNsZwo\n\u203a Gloves: http://amzn.to/2iUfumS\n\u203a Durable lightning cable: http://amzn.to/2yNHzUt\n\u203a Fine tipped snippers: http://amzn.to/2HGt4XB\n\n\u2713 Screwdrivers: \n\u203a iPhone bottom screw: http://amzn.to/2yNwX8p\n\u203a Macbook bottom screw: http://amzn.to/2AKMdVb\n\u203a Torx T3: http://amzn.to/2zjtxxH\n\u203a Torx T5 http://amzn.to/2BLNDn4\n\u203a Torx T6 http://amzn.to/2B0XIfA\n\u203a Torx T8 http://amzn.to/2CpWp68\n\u203a Phillips #0: http://amzn.to/2AJaHhM\n\u203a Phillips #000: http://amzn.to/2yNqsCl\n\n\n\n\u2713 RECORDING EQUIPMENT:\n\u203a Work cam: https://amzn.to/2QjHnt0\n\u203a Overhead cam: http://amzn.to/2eAH0oT\n\u203a Work mic: https://amzn.to/2WGIhzw\n\u203a Home mic: https://amzn.to/2xfampC\n\u203a Microscope camera: http://amzn.to/2icVQoG - mine is DISCONTINUED, closest one I can find. \n\u203a HDMI capture: http://amzn.to/2iyGcle\n\n\ud83d\udc49 Affiliate:\n\u203a Buying on eBay? Support us while you shop! https://www.rossmanngroup.com/ebay\n\u203a Rossmann Repair Group Inc is a participant in the Amazon Services LLC Associates Program, an affiliate advertising program designed to provide a means for sites to earn advertising fees by advertising and linking to amazon.com\n\n\ud83d\udc49 Leave a tip for us via cryptocurrency if we've helped you out:\n\u203a Credit card: http://bit.ly/postamessage\n\u203a Bitcoin: 1EaEv8DBeFfg6fE6BimEmvEFbYLkhpcvhj\n\u203a Bitcoin Cash: qzwtptwa8h0wjjawr5fsm0ku8kf40amgqgm6lx4jxh\n\u203a Dash: XwQpZuvMvU44JT7C7Uh6xHvkSadzJw9fMN\n\u203a Dogecoin: DKetsoCvwa2hF29ssgUA4Wz4hxT4kj3KLU\n\u203a Ethereum: 0x6f6870feb48f08388ee345cf0261e2f03d2fa310\n\u203a Ethereum classic: 0x671bfd61ba87edf6365c97cea33d66ba73645510\n\u203a Litecoin: LWnbTTAjojZQt68ihFJFgQq3cYHUsTcyd7\n\u203a Verge: DFumZ5sMhi3JktLQpsTVtV9xUt3zKDrcZV\n\u203a Zcash: t1Ko3FkphQYoQroQc8k2DVk4WKMAbmNR8PH\n\u203a Zcoin: a8QdvArHmdRYe1MjiqtP6jDNe6Z4JgnRKZ", "link": "https://www.youtube.com/watch?v=saemAXKF1uk", "date_published": "2020-05-05 00:00:00+00:00", "persistent": false, "user": null, "language": "en-US"}]