[{"source": "https://www.youtube.com/feeds/videos.xml?channel_id=UCNvzD7Z-g64bPXxGzaQaa4g", "title": "10 Best GOD MODES in Video Games", "description": "'God Mode' in games can be so much fun. Here are some fun examples of games where, with the simple flip of the god switch, you can do whatever you want.\nSubscribe for more: https://www.youtube.com/gameranxTV?sub_confirmation=1", "link": "https://www.youtube.com/watch?v=GREqoK_EZXY", "date_published": "2020-05-06 00:00:00+00:00", "persistent": false, "user": null, "language": "en-US"}, {"source": "https://www.youtube.com/feeds/videos.xml?channel_id=UCNvzD7Z-g64bPXxGzaQaa4g", "title": "Mortal Kombat 11 Aftermath: Things The Trailer DOESN'T Tell You", "description": "Mortal Kombat 11 is getting new story content and fighters. Let's break it all down real quick!\nSubscribe for more: https://www.youtube.com/gameranxTV?sub_confirmation=1", "link": "https://www.youtube.com/watch?v=m6tw7MoaGcw", "date_published": "2020-05-06 00:00:00+00:00", "persistent": false, "user": null, "language": "en-US"}, {"source": "https://www.youtube.com/feeds/videos.xml?channel_id=UCNvzD7Z-g64bPXxGzaQaa4g", "title": "10 Games Where You PLAY AS THE ZOMBIE", "description": "Everyone loves a good zombie video game. Here are favorite games where you actually PLAY as a zombie (and sometimes a skeleton-zombie).\nSubscribe for more: https://www.youtube.com/gameranxTV?sub_confirmation=1", "link": "https://www.youtube.com/watch?v=Z0Qs6IxP3S8", "date_published": "2020-05-05 00:00:00+00:00", "persistent": false, "user": null, "language": "en-US"}]