[{"source": "https://www.youtube.com/feeds/videos.xml?channel_id=UChnxLLvzviaR5NeKOevB8iQ", "title": "Why I Like the Roland MC-707", "description": "The Roland MC-707 is an 8 channel groovebox packed with features. Here's a video going over its basic functions and why I think it's fun. We'll cover drum kits, the synthesizer engine, effects,  sequencing, and my favorite: sampling and slicing.\n\nCheck prices on the MC-707: https://amzn.to/2SaqoJh\n------------------------------------\nPatreon: http://bit.ly/rmrpatreon\nBandcamp: http://bit.ly/2Kq617o\nSoundcloud: http://bit.ly/2NOH9Is\nSpotify: https://spoti.fi/2N40SoX\nGoogle Play: http://bit.ly/33M9aG5\niTunes: https://apple.co/2pqh3SK\nAmazon Music: https://amzn.to/2O9q1fe\nT-Shirts: http://bit.ly/rmrshirts\nTwitter: http://bit.ly/rmrtwitters\nWebsite: http://bit.ly/rmrmedia", "link": "https://www.youtube.com/watch?v=Bkh88gZW5kI", "date_published": "2020-05-05 00:00:00+00:00", "persistent": false, "user": null, "language": "en-US"}]