[{"source": "http://rss.cnn.com/rss/edition.rss", "title": "Keilar calls out GOP hypocrisy over Biden aide swearing", "description": "CNN's Brianna Keilar rolls the tape on Republicans' hypocrisy over comments made by Jen O'Malley Dillon, President-elect Joe Biden's campaign manager and incoming White House deputy chief of staff, where she used profanity to refer to congressional Republicans.", "link": "https://www.cnn.com/videos/politics/2020/12/18/jen-o-malley-dillon-biden-republicans-comments-keilar-roll-the-tape-sot-vpx-nr.cnn", "date_published": "2020-12-18 21:45:48+00:00", "persistent": false, "user": null, "language": "en-US"}, {"source": "http://rss.cnn.com/rss/edition.rss", "title": "Tension rises between Pentagon and Biden transition team over meetings", "description": "President-elect Joe Biden's transition team said Friday that they did not agree to a two-week break in critical transfer-of-power discussions with Pentagon officials, despite an assertion from the acting Defense Secretary that both sides had agreed to take such a \"holiday pause.\"", "link": "https://www.cnn.com/2020/12/18/politics/pentagon-dod-transition-briefings/index.html", "date_published": "2020-12-18 20:43:49+00:00", "persistent": false, "user": null, "language": "en-US"}, {"source": "http://rss.cnn.com/rss/edition.rss", "title": "The restaurant apocalypse is here", "description": "American restaurants are dying and Covid is killing them. More than 110,000 US restaurants have closed during the pandemic -- and more are likely to shut, with winter limiting outdoor options, cases surging and states imposing new restrictions.", "link": "https://www.cnn.com/2020/12/18/politics/what-matters-end-of-restaurants/index.html", "date_published": "2020-12-18 19:56:29+00:00", "persistent": false, "user": null, "language": "en-US"}, {"source": "http://rss.cnn.com/rss/edition.rss", "title": "The pandemic shut down her chateau. Then she became a YouTube star", "description": "\"The Chateau Diaries,\" the unlikely YouTube quarantine hit, has made a star of Stephanie Jarvis and her friends and family. Find out how they've lived in a French chateau during the pandemic.", "link": "https://www.cnn.com/travel/article/french-chateau-owner-pandemic-living/index.html", "date_published": "2020-12-18 19:53:54+00:00", "persistent": false, "user": null, "language": "en-US"}, {"source": "http://rss.cnn.com/rss/edition.rss", "title": "No-deal Brexit looms as truck drivers queue for hours at port", "description": "As the possibility of no Brexit deal continues to loom, UK firms are stockpiling and putting pressure on already pandemic-pressed ports. CNN's Anna Stewart meets some of the truck drivers waiting hours in line as well as a company taking a different approach.", "link": "https://www.cnn.com/videos/business/2020/12/18/brexit-dover-trade-deal-anna-stewart-pkg-intl-ldn-vpx.cnn", "date_published": "2020-12-18 19:39:50+00:00", "persistent": false, "user": null, "language": "en-US"}, {"source": "http://rss.cnn.com/rss/edition.rss", "title": "With evictions ban expiring soon, new housing crisis could threaten minorities most", "description": "A federal ban on evictions expires at the end of the year, and it's sparking fears of a housing crisis that could disproportionately send people of color out of their homes.", "link": "https://www.cnn.com/2020/12/18/us/minorities-evictions-coronavirus/index.html", "date_published": "2020-12-18 19:27:44+00:00", "persistent": false, "user": null, "language": "en-US"}, {"source": "http://rss.cnn.com/rss/edition.rss", "title": "A homeless man sentenced to life in prison for a $20 marijuana sale is freed after 12 years", "description": "In 2008, Fate Winslow was approached by a plain-clothed undercover police officer in Shreveport, Louisiana, looking for some marijuana.", "link": "https://www.cnn.com/2020/12/18/us/fate-winslow-louisiana-release-trnd/index.html", "date_published": "2020-12-18 19:24:45+00:00", "persistent": false, "user": null, "language": "en-US"}, {"source": "http://rss.cnn.com/rss/edition.rss", "title": "Rescued Nigerian schoolboys brought back to families in state capital", "description": "Horrific tales of beatings and endurance emerged on Friday as more than 300 boys rescued from captivity in northwestern Nigeria were brought back to their waiting families in the state capital, ending a week-long ordeal.", "link": "https://www.cnn.com/2020/12/18/africa/rescued-nigerian-schoolboys-state-government-intl/index.html", "date_published": "2020-12-18 18:44:14+00:00", "persistent": false, "user": null, "language": "en-US"}, {"source": "http://rss.cnn.com/rss/edition.rss", "title": "Cops discover an illegal winery operating out of an Alabama town's sewage plant", "description": "Authorities say they've busted a large illegal winery operating out of a wastewater treatment plant in a small Alabama town.", "link": "https://www.cnn.com/2020/12/18/us/alabama-illegal-winery-trnd/index.html", "date_published": "2020-12-18 18:20:20+00:00", "persistent": false, "user": null, "language": "en-US"}, {"source": "http://rss.cnn.com/rss/edition.rss", "title": "Man drops iPhone from plane while it's filming", "description": "An iPhone falls from a plane with the video rolling and survives to tell the tale. CNN's Jeanne Moos reports.", "link": "https://www.cnn.com/videos/business/2020/12/18/iphone-plane-fall-moos-pkg-vpx.cnn", "date_published": "2020-12-18 18:19:50+00:00", "persistent": false, "user": null, "language": "en-US"}, {"source": "http://rss.cnn.com/rss/edition.rss", "title": "Here's why McDonald's restaurants are putting cameras in their dumpsters", "description": "Jason Gates spends a lot of his time thinking about trash, and how we can generate less of it.", "link": "https://www.cnn.com/2020/12/18/tech/compology-artificial-intelligence/index.html", "date_published": "2020-12-18 17:36:40+00:00", "persistent": false, "user": null, "language": "en-US"}, {"source": "http://rss.cnn.com/rss/edition.rss", "title": "US bans China's top chipmaker from using American technology", "description": "China's top chipmaker was already having a rough week. Now its problems are getting much worse.", "link": "https://www.cnn.com/2020/12/18/tech/smic-us-sanctions-intl-hnk/index.html", "date_published": "2020-12-18 17:14:34+00:00", "persistent": false, "user": null, "language": "en-US"}, {"source": "http://rss.cnn.com/rss/edition.rss", "title": "'Billie Eilish: The World's A Little Blurry' trailer released by Apple", "description": "Apple TV+ has released a trailer for its much-anticipated documentary about the American singer and songwriter Billie Eilish.", "link": "https://www.cnn.com/2020/12/18/entertainment/billie-eilish-apple-scli-intl/index.html", "date_published": "2020-12-18 16:46:10+00:00", "persistent": false, "user": null, "language": "en-US"}, {"source": "http://rss.cnn.com/rss/edition.rss", "title": "Venezuela is quietly quitting socialism", "description": "Shantytowns surround Caracas, Venezuela's capital, like the walls of a bowl. Little houses pile on each other on the steep hills, some reachable only by vertiginous staircases.", "link": "https://www.cnn.com/2020/12/18/americas/venezuela-death-of-socialism-intl/index.html", "date_published": "2020-12-18 16:41:18+00:00", "persistent": false, "user": null, "language": "en-US"}, {"source": "http://rss.cnn.com/rss/edition.rss", "title": "Supreme Court throws out challenge to Trump's plan to exclude undocumented immigrants from census count", "description": "The Supreme Court on Friday threw out a challenge to President Donald Trump's bid to exclude undocumented immigrants from being counted when seats in Congress are divvied up between the states next year.", "link": "https://www.cnn.com/2020/12/18/politics/supreme-court-census-undocumented-immigrants/index.html", "date_published": "2020-12-18 16:23:22+00:00", "persistent": false, "user": null, "language": "en-US"}, {"source": "http://rss.cnn.com/rss/edition.rss", "title": "Dr. Gupta gets his Covid-19 vaccine. This feels significant", "description": "CNN's Dr. Sanjay Gupta takes us behind the scenes with him as he gets the coronavirus vaccine at Grady Memorial Hospital in Atlanta, Georgia.", "link": "https://www.cnn.com/videos/health/2020/12/18/dr-sanjay-gupta-receives-coronavirus-vaccine-newday-vpx.cnn", "date_published": "2020-12-18 16:07:48+00:00", "persistent": false, "user": null, "language": "en-US"}, {"source": "http://rss.cnn.com/rss/edition.rss", "title": "Barack Obama lists his favorite books of 2020", "description": "In a year that saw many traditions upended, former President Barack Obama is keeping up with one annual custom: sharing his favorite books of the year.", "link": "https://www.cnn.com/2020/12/18/politics/obama-favorite-books-2020-trnd/index.html", "date_published": "2020-12-18 16:04:52+00:00", "persistent": false, "user": null, "language": "en-US"}, {"source": "http://rss.cnn.com/rss/edition.rss", "title": "Tucker Carlson claims vaccine campaign 'feels false, because it is'", "description": "Fox News' Tucker Carlson defied scientific consensus to sow doubt about Covid-19 vaccine efforts. In large clinical trials, the vaccine has been determined safe and effective.", "link": "https://www.cnn.com/videos/business/2020/12/18/tucker-carlson-vaccine-false-jba-lon-orig.cnn", "date_published": "2020-12-18 15:20:25+00:00", "persistent": false, "user": null, "language": "en-US"}, {"source": "http://rss.cnn.com/rss/edition.rss", "title": "Chadwick Boseman's final 'Ma Rainey's Black Bottom' role could put him in select Oscar company", "description": "\"Ma Rainey's Black Bottom\" premieres on Netflix on Dec. 18, representing Chadwick Boseman's final role, in an adaptation of the August Wilson play. The emotional outpouring that surrounded Boseman's untimely death from cancer has fueled speculation about whether he will join a select club: Those who have received posthumous Academy Awards.", "link": "https://www.cnn.com/2020/12/18/entertainment/chadwick-boseman-posthumous-oscars/index.html", "date_published": "2020-12-18 14:31:32+00:00", "persistent": false, "user": null, "language": "en-US"}, {"source": "http://rss.cnn.com/rss/edition.rss", "title": "Alibaba 'dismayed' by reports its software was used to identify Uyghurs", "description": "Alibaba says that it has stopped trying to identify faces by ethnicity after the company was accused this week of creating a facial recognition system meant to detect Uyghurs.", "link": "https://www.cnn.com/2020/12/18/tech/alibaba-cloud-ipvm-uyghurs-intl-hnk/index.html", "date_published": "2020-12-18 14:09:19+00:00", "persistent": false, "user": null, "language": "en-US"}, {"source": "http://rss.cnn.com/rss/edition.rss", "title": "The world's most famous works -- created with everyday household items", "description": "Earlier this year, the Covid-19 pandemic brought life as we knew it to a halt. Much of the world retreated to a solitary life at home. Working remotely, we, at the Getty Museum, asked ourselves how art could be a tonic for people through these uncertain times. Our community asked for fun distraction, and education, too -- thus the art challenge was born. The prompt? Pick a favorite artwork, find three objects in your house, re-create the work with those items, and share with us online.", "link": "https://www.cnn.com/style/article/getty-museum-challenge-art/index.html", "date_published": "2020-12-18 13:19:40+00:00", "persistent": false, "user": null, "language": "en-US"}, {"source": "http://rss.cnn.com/rss/edition.rss", "title": "UK spy agency challenges 'wise men and women' to solve Christmas card puzzle", "description": "The UK's largest spy agency GCHQ has sent out its annual Christmas card complete with a brainteaser.", "link": "https://www.cnn.com/2020/12/18/uk/gchq-christmas-card-puzzle-scli-intl-gbr/index.html", "date_published": "2020-12-18 13:17:38+00:00", "persistent": false, "user": null, "language": "en-US"}, {"source": "http://rss.cnn.com/rss/edition.rss", "title": "Regulators turned on Big Tech this week. Now for the good news", "description": "It's been a tough week for Big Tech. But there's finally some good news for social media companies.", "link": "https://www.cnn.com/2020/12/18/investing/premarket-stocks-trading/index.html", "date_published": "2020-12-18 12:56:51+00:00", "persistent": false, "user": null, "language": "en-US"}, {"source": "http://rss.cnn.com/rss/edition.rss", "title": "Wayne Rooney's son Kai signs for Manchester United's academy", "description": "Football talent clearly runs in the genes of the Rooney family.", "link": "https://www.cnn.com/2020/12/18/football/wayne-rooney-son-kai-signs-manchester-united-spt-intl/index.html", "date_published": "2020-12-18 12:45:25+00:00", "persistent": false, "user": null, "language": "en-US"}, {"source": "http://rss.cnn.com/rss/edition.rss", "title": "Exclusive: A $5 billion foundation literally founded on oil money is saying goodbye to fossil fuels", "description": "The Rockefeller Foundation, a 107-year-old philanthropy built by oil tycoon John D. Rockefeller, is breaking up with fossil fuels in an effort to save the planet.", "link": "https://www.cnn.com/2020/12/18/investing/rockefeller-foundation-divest-fossil-fuels-oil/index.html", "date_published": "2020-12-18 12:10:15+00:00", "persistent": false, "user": null, "language": "en-US"}, {"source": "http://rss.cnn.com/rss/edition.rss", "title": "The Rockefeller Foundation -- founded on oil money -- is dropping fossil fuels", "description": "The Rockefeller Foundation was founded over 100 years ago using money largely made from Standard Oil. In an exclusive interview with CNN Business' Matt Egan, the foundation's current president Dr. Rajiv Shah explains why it's now dropping all fossil fuel assets.", "link": "https://www.cnn.com/videos/business/2020/12/17/rockefeller-foundation-rajiv-shah-fossil-fuels-orig.cnn-business", "date_published": "2020-12-18 12:00:24+00:00", "persistent": false, "user": null, "language": "en-US"}, {"source": "http://rss.cnn.com/rss/edition.rss", "title": "'We should be less afraid to be afraid,' says historic El Capitan climber", "description": "As she pulled herself over the summit of El Capitan, Emily Harrington knew she had made history.", "link": "https://www.cnn.com/2020/12/18/sport/emily-harrington-el-capitan-climb-record-cmd-spt-intl/index.html", "date_published": "2020-12-18 11:49:26+00:00", "persistent": false, "user": null, "language": "en-US"}, {"source": "http://rss.cnn.com/rss/edition.rss", "title": "US cybersecurity agency warns suspected Russian hacking campaign broader than previously believed", "description": "An alarming new alert issued by the Department of Homeland Security's cyber arm Thursday revealed that Russian hackers suspected of a massive, ongoing intrusion campaign into government agencies, private companies and critical infrastructure entities used a variety of unidentified tactics and not just a single compromised software program.", "link": "https://www.cnn.com/2020/12/17/politics/us-government-hack-extends-beyond-solarwinds/index.html", "date_published": "2020-12-18 11:04:33+00:00", "persistent": false, "user": null, "language": "en-US"}, {"source": "http://rss.cnn.com/rss/edition.rss", "title": "Eight nuns died of Covid-19 at a Wisconsin facility within a week", "description": "Within a week, eight nuns living in the Notre Dame of Elm Grove in Wisconsin died from Covid-19, all of whom, in their own ways, were mentors in the community.", "link": "https://www.cnn.com/2020/12/18/us/school-sisters-of-notre-dame-covid-wisconsin/index.html", "date_published": "2020-12-18 11:03:05+00:00", "persistent": false, "user": null, "language": "en-US"}, {"source": "http://rss.cnn.com/rss/edition.rss", "title": "344 kidnapped Nigerian boys freed, says state official", "description": "Hundreds of schoolboys who were abducted last week in northwestern Nigeria have been freed, according to a state official.", "link": "https://www.cnn.com/2020/12/17/africa/nigerian-schoolboys-released-intl/index.html", "date_published": "2020-12-18 10:53:29+00:00", "persistent": false, "user": null, "language": "en-US"}, {"source": "http://rss.cnn.com/rss/edition.rss", "title": "This startup wants to be the Spotify of Africa", "description": "African music has exploded onto the world stage in recent years, but its streaming platforms lag behind.", "link": "https://www.cnn.com/2020/12/18/business/mdundo-spotify-of-africa-spc-intl/index.html", "date_published": "2020-12-18 10:38:12+00:00", "persistent": false, "user": null, "language": "en-US"}, {"source": "http://rss.cnn.com/rss/edition.rss", "title": "How Europe will vaccinate 448 million people?", "description": "In the name of \"science and solidarity,\" the European Commission has secured over 2 billion doses of coronavirus vaccines for the bloc since June.", "link": "https://www.cnn.com/2020/12/18/europe/europe-covid-vaccine-rollout-intl/index.html", "date_published": "2020-12-18 10:34:47+00:00", "persistent": false, "user": null, "language": "en-US"}, {"source": "http://rss.cnn.com/rss/edition.rss", "title": "Trump fights for a job that he's not doing as coronavirus rages", "description": "\u2022 Pence will receive coronavirus vaccine Friday morning\n\u2022 CNN INVESTIGATES: Officials slam DeSantis' leadership in crisis\n\u2022 Ex-adviser reveals story behind infamous op-ed", "link": "https://www.cnn.com/2020/12/18/politics/donald-trump-absent-covid-stimulus-vaccine/index.html", "date_published": "2020-12-18 10:24:56+00:00", "persistent": false, "user": null, "language": "en-US"}, {"source": "http://rss.cnn.com/rss/edition.rss", "title": "Tiger Woods warms up with his son Charlie, 11, and the similarities are striking", "description": "He may only be 11, but Tiger Woods' son Charlie is clearly a chip off the old block when it comes to golf.", "link": "https://www.cnn.com/2020/12/18/golf/tiger-woods-swing-son-pga-spt-intl/index.html", "date_published": "2020-12-18 09:48:29+00:00", "persistent": false, "user": null, "language": "en-US"}, {"source": "http://rss.cnn.com/rss/edition.rss", "title": "Europe fights skepticism ahead of vaccine rollout", "description": "As the European Union prepares to roll out Covid-19 vaccine, leaders are now facing a fresh challenge: convincing people to get vaccinated. CNN's Melissa Bells reports on how European countries are tackling some of the of the strongest vaccine skepticism in the world.", "link": "https://www.cnn.com/videos/world/2020/12/18/europe-anti-vax-skepticism-france-spain-italy-bell-pkg-intl-hnk-vpx.cnn", "date_published": "2020-12-18 09:45:43+00:00", "persistent": false, "user": null, "language": "en-US"}, {"source": "http://rss.cnn.com/rss/edition.rss", "title": "1,000 people stuck overnight in Japan traffic jam stretching 9 miles long", "description": "More than 1,000 people in Japan spent Thursday night stuck on a highway in their cars, waiting out a traffic jam with little food or water during a heavy snowstorm.", "link": "https://www.cnn.com/2020/12/18/asia/japan-traffic-jam-intl-hnk-scli/index.html", "date_published": "2020-12-18 09:43:06+00:00", "persistent": false, "user": null, "language": "en-US"}, {"source": "http://rss.cnn.com/rss/edition.rss", "title": "How these 'sinks' regulate the climate", "description": "Carbon sinks are vast ecosystems that absorb CO2. They regulate the climate and stop global warming. As they are exploited, many are releasing their carbon stores.", "link": "https://www.cnn.com/videos/world/2020/12/17/carbon-sinks-explained-c2e-intl-lon-orig.cnn", "date_published": "2020-12-18 09:31:24+00:00", "persistent": false, "user": null, "language": "en-US"}, {"source": "http://rss.cnn.com/rss/edition.rss", "title": "Chris Christie: I let my guard down for 4 days and that put me in ICU", "description": "Speaking to CNN's Chris Cuomo, former New Jersey Governor Chris Christie opens up about how he got infected with Covid-19 at the White House.", "link": "https://www.cnn.com/videos/politics/2020/12/18/former-gov-chris-christie-cpt-mask-sot-vpx.cnn", "date_published": "2020-12-18 05:56:51+00:00", "persistent": false, "user": null, "language": "en-US"}, {"source": "http://rss.cnn.com/rss/edition.rss", "title": "This 'crazy beast' was a weird early mammal that lived among dinosaurs", "description": "Researchers have uncovered the fossil of an early mammal named the \"crazy beast\" that lived 66 million years ago alongside dinosaurs and giant crocodiles on Madagascar, and it's unlike any mammal ever known, living or extinct.", "link": "https://www.cnn.com/2020/12/18/world/crazy-beast-fossil-mammal-scn-trnd/index.html", "date_published": "2020-12-18 05:50:15+00:00", "persistent": false, "user": null, "language": "en-US"}, {"source": "http://rss.cnn.com/rss/edition.rss", "title": "Opinion: Cybersecurity attack is another Trump mess Biden will have to clean up", "description": "President Donald Trump is leaving Joe Biden with a mess. With just weeks to go before the President-elect enters office, Trump administration officials revealed several federal agencies, including the State Department, the Department of Homeland Security, along with parts of the Pentagon, have been compromised in what could be one of the largest cyberattacks in US history.", "link": "https://www.cnn.com/2020/12/18/opinions/cyberattack-trump-russia-biden-vinograd/index.html", "date_published": "2020-12-18 05:29:25+00:00", "persistent": false, "user": null, "language": "en-US"}, {"source": "http://rss.cnn.com/rss/edition.rss", "title": "Cyclone Yasa rips through Fiji, killing at least 2 people and destroying homes", "description": "Hurricane force winds and torrential rain brought by Cyclone Yasa have destroyed scores of houses and flattened crops in Fiji's northern regions, aid agencies said on Friday.", "link": "https://www.cnn.com/2020/12/17/weather/cyclone-yasa-damage-intl-hnk/index.html", "date_published": "2020-12-18 03:30:51+00:00", "persistent": false, "user": null, "language": "en-US"}, {"source": "http://rss.cnn.com/rss/edition.rss", "title": "Key differences between two Covid vaccines", "description": "\u2022 Your Covid vaccine questions, answered", "link": "https://www.cnn.com/2020/12/17/health/moderna-vaccine-what-we-know/index.html", "date_published": "2020-12-18 03:06:15+00:00", "persistent": false, "user": null, "language": "en-US"}, {"source": "http://rss.cnn.com/rss/edition.rss", "title": "Top Trump ally Chris Christie says it's time to accept Biden won the election", "description": "Former New Jersey Gov. Chris Christie, a staunch ally of President Donald Trump, said Thursday evening it's time to accept that Joe Biden won the 2020 election as the President continues to push baseless conspiracy theories that his second term is being stolen.", "link": "https://www.cnn.com/2020/12/17/politics/chris-christie-us-election-cnntv/index.html", "date_published": "2020-12-18 03:04:46+00:00", "persistent": false, "user": null, "language": "en-US"}, {"source": "http://rss.cnn.com/rss/edition.rss", "title": "Trump ally has a message after election loss", "description": "Former New Jersey Governor Chris Christie talks to CNN's Chris Cuomo about the election and how President Donald Trump and some Republicans have refused to concede.", "link": "https://www.cnn.com/videos/politics/2020/12/17/former-gov-chris-christie-cpt-trump-election-sot-vpx.cnn", "date_published": "2020-12-18 02:53:04+00:00", "persistent": false, "user": null, "language": "en-US"}, {"source": "http://rss.cnn.com/rss/edition.rss", "title": "The heart-wrenching hand dealt to Hong Kong's democracy activists", "description": "In the dark small hours, two recurring nightmares terrorize the sleep of Eddie Chu. In the first, he is lost overseas and cannot get home to Hong Kong. In the second, the former lawmaker is day tripping with his nine-year-old daughter.", "link": "https://www.cnn.com/2020/12/17/asia/hong-kong-exiles-and-inmates-dst-hnk-intl/index.html", "date_published": "2020-12-18 02:46:35+00:00", "persistent": false, "user": null, "language": "en-US"}, {"source": "http://rss.cnn.com/rss/edition.rss", "title": "Microsoft identifies more than 40 organizations targeted in massive cyber breach", "description": "Microsoft has identified more than 40 of its customers around the world that had problematic versions of a third-party IT management program installed and that were specifically targeted by the suspected Russian hacking campaign disclosed this week, the company said in a blog post Thursday.", "link": "https://www.cnn.com/2020/12/17/politics/microsoft-hack-organizations/index.html", "date_published": "2020-12-18 02:11:24+00:00", "persistent": false, "user": null, "language": "en-US"}, {"source": "http://rss.cnn.com/rss/edition.rss", "title": "Trump remains silent as massive cyber hack poses 'grave risk' to government", "description": "", "link": "https://www.cnn.com/collections/intl-cyber-attack-us/", "date_published": "2020-12-18 01:59:11+00:00", "persistent": false, "user": null, "language": "en-US"}, {"source": "http://rss.cnn.com/rss/edition.rss", "title": "NASA wants to build a lunar base by 2030. Could 3D printing with moon dust be the answer?", "description": "The last time a person stepped foot on the moon was 1972. Now, the moon is back on NASA's space agenda. This time around the agency isn't just visiting -- it's planning to stay.", "link": "https://www.cnn.com/style/article/3d-print-lunar-base-moon-dust-spc-intl/index.html", "date_published": "2020-12-18 01:58:53+00:00", "persistent": false, "user": null, "language": "en-US"}, {"source": "http://rss.cnn.com/rss/edition.rss", "title": "The true and unadulterated history of the drop bear, Australia's most deadly -- and most fake -- predator", "description": "Ask almost any Australian about a drop bear, and they'll likely recount a close encounter with this carnivorous, fanged cousin of the Australian koala.", "link": "https://www.cnn.com/travel/article/australia-drop-bears-history-intl-hnk/index.html", "date_published": "2020-12-18 01:18:41+00:00", "persistent": false, "user": null, "language": "en-US"}, {"source": "http://rss.cnn.com/rss/edition.rss", "title": "Deb Haaland makes history as Biden's pick to run US Interior Department", "description": "President-elect Joe Biden's selection of Rep. Deb Haaland to lead the Interior Department marked a historic victory for an alliance of progressives and Indigenous leaders who campaigned relentlessly to elevate one of their own to a powerful federal seat that oversees natural resources, public lands and Indian affairs.", "link": "https://www.cnn.com/2020/12/17/politics/deb-haaland-makes-history/index.html", "date_published": "2020-12-18 00:56:13+00:00", "persistent": false, "user": null, "language": "en-US"}, {"source": "http://rss.cnn.com/rss/edition.rss", "title": "French modeling agent arrested in Jeffrey Epstein investigation", "description": "A French modeling agent has been arrested in Paris as part of an investigation by the city's prosecutor's office connected to accused sex-trafficker Jeffrey Epstein.", "link": "https://www.cnn.com/2020/12/17/europe/france-jean-luc-brunel-intl/index.html", "date_published": "2020-12-18 00:35:17+00:00", "persistent": false, "user": null, "language": "en-US"}]