[{"source": "http://feeds.bbci.co.uk/news/rss.xml", "title": "My Money: 'I'm a 33-weeks' pregnant doctor'", "description": "Helen Edwards, an NHS doctor from the West Midlands in the UK takes us through her week's spending.", "link": "https://www.bbc.co.uk/news/business-55261119", "date_published": "2020-12-18 22:04:12+00:00", "persistent": false, "user": null, "language": "en-US"}, {"source": "http://feeds.bbci.co.uk/news/rss.xml", "title": "US judge says parents owe son over trashed porn collection", "description": "The 42-year-old sued his parents, saying they threw away an \"irreplaceable\" collection worth $25,000.", "link": "https://www.bbc.co.uk/news/world-us-canada-55370919", "date_published": "2020-12-18 21:35:35+00:00", "persistent": false, "user": null, "language": "en-US"}, {"source": "http://feeds.bbci.co.uk/news/rss.xml", "title": "Covid patient urges people not to visit family at Christmas", "description": "From his hospital bed, 60-year-old Chris Lea says \"it is not worth losing an aunt, uncle or grandparent\".", "link": "https://www.bbc.co.uk/news/uk-england-beds-bucks-herts-55370823", "date_published": "2020-12-18 20:15:30+00:00", "persistent": false, "user": null, "language": "en-US"}, {"source": "http://feeds.bbci.co.uk/news/rss.xml", "title": "Quiz of the Year, part two: What went on during lockdown?", "description": "How well do you remember the news of the past 12 months?", "link": "https://www.bbc.co.uk/news/world-55210592", "date_published": "2020-12-18 19:54:58+00:00", "persistent": false, "user": null, "language": "en-US"}, {"source": "http://feeds.bbci.co.uk/news/rss.xml", "title": "Brexit trade deal: What are the sticking points?", "description": "The negotiating teams have been working \"day and night\" - what are the remaining issues still to be agreed?", "link": "https://www.bbc.co.uk/news/52937766", "date_published": "2020-12-18 17:11:23+00:00", "persistent": false, "user": null, "language": "en-US"}, {"source": "http://feeds.bbci.co.uk/news/rss.xml", "title": "Callum Smith v Saul 'Canelo' Alvarez: An underdog champion fights a seasoned risk-taker", "description": "Britain's Callum Smith is the world champion many have written off when he faces Mexico's Saul 'Canelo' Alvarez on Saturday.", "link": "https://www.bbc.co.uk/sport/boxing/55352900", "date_published": "2020-12-18 16:28:51+00:00", "persistent": false, "user": null, "language": "en-US"}, {"source": "http://feeds.bbci.co.uk/news/rss.xml", "title": "Covid: Boris Johnson 'hoping to avoid' national lockdown", "description": "But the PM admits Covid cases are increasing \"very much\", as Northern Ireland announces tough new lockdown.", "link": "https://www.bbc.co.uk/news/uk-55358968", "date_published": "2020-12-18 12:58:00+00:00", "persistent": false, "user": null, "language": "en-US"}, {"source": "http://feeds.bbci.co.uk/news/rss.xml", "title": "School staff 'broken' by England's late Covid test plan", "description": "Last minute plans for mass testing in England's secondary schools to be run by teachers anger staff.", "link": "https://www.bbc.co.uk/news/education-55354564", "date_published": "2020-12-18 12:57:52+00:00", "persistent": false, "user": null, "language": "en-US"}, {"source": "http://feeds.bbci.co.uk/news/rss.xml", "title": "'Just a few hours' left to agree Brexit trade deal, says Michel Barnier", "description": "Michel Barnier says it is now \"the moment of truth\", while Boris Johnson warns of \"difficult\" talks.", "link": "https://www.bbc.co.uk/news/uk-politics-55358963", "date_published": "2020-12-18 12:55:20+00:00", "persistent": false, "user": null, "language": "en-US"}, {"source": "http://feeds.bbci.co.uk/news/rss.xml", "title": "'It's not about advantages, it's about player welfare' - Klopp on latest rejection of five subs", "description": "Liverpool manager Jurgen Klopp is critical of Premier League clubs for voting against the use of five substitutes for a third time.", "link": "https://www.bbc.co.uk/sport/football/55365095", "date_published": "2020-12-18 12:52:52+00:00", "persistent": false, "user": null, "language": "en-US"}, {"source": "http://feeds.bbci.co.uk/news/rss.xml", "title": "Coronavirus infections on the rise again", "description": "Office for National Statistics figures suggest one in every 95 people in England has the virus.", "link": "https://www.bbc.co.uk/news/health-55365294", "date_published": "2020-12-18 12:46:35+00:00", "persistent": false, "user": null, "language": "en-US"}, {"source": "http://feeds.bbci.co.uk/news/rss.xml", "title": "Greater Manchester Police failings: Andy Burnham 'should resign'", "description": "Andy Burnham is facing a call to stand down as Greater Manchester Police is put in special measures.", "link": "https://www.bbc.co.uk/news/uk-england-manchester-55361452", "date_published": "2020-12-18 12:44:45+00:00", "persistent": false, "user": null, "language": "en-US"}, {"source": "http://feeds.bbci.co.uk/news/rss.xml", "title": "Australia collapse as India open up lead in first Test", "description": "India take the upper hand as 15 wickets fall on day two of a fast-moving first Test against Australia in Adelaide.", "link": "https://www.bbc.co.uk/sport/cricket/55361830", "date_published": "2020-12-18 12:41:27+00:00", "persistent": false, "user": null, "language": "en-US"}, {"source": "http://feeds.bbci.co.uk/news/rss.xml", "title": "Hampshire 'toxic' police unit officers guilty of gross misconduct", "description": "Investigators secretly recorded \"offensive\" conversations between members of the unit.", "link": "https://www.bbc.co.uk/news/uk-england-hampshire-55346154", "date_published": "2020-12-18 12:40:03+00:00", "persistent": false, "user": null, "language": "en-US"}, {"source": "http://feeds.bbci.co.uk/news/rss.xml", "title": "Sports Personality of the Year: Jordan Henderson on dedication needed to win title", "description": "Sports Personality of the Year contender Jordan Henderson pays tribute to his team-mates and manager Jurgen Klopp after Liverpool won their first top-flight title in 30 years.", "link": "https://www.bbc.co.uk/sport/av/sports-personality/55305733", "date_published": "2020-12-18 12:08:27+00:00", "persistent": false, "user": null, "language": "en-US"}, {"source": "http://feeds.bbci.co.uk/news/rss.xml", "title": "Arteta wants 'time' - but will Arsenal give it to him?", "description": "After an impressive start at Arsenal, Mikel Arteta's reign appears to have stalled. So can he fix things and will he be given time?", "link": "https://www.bbc.co.uk/sport/football/55325050", "date_published": "2020-12-18 11:56:34+00:00", "persistent": false, "user": null, "language": "en-US"}, {"source": "http://feeds.bbci.co.uk/news/rss.xml", "title": "Pre-Christmas lockdown restrictions hit retail sales", "description": "Sales fell by 3.8% last month, bringing to an end a six-month streak of rising trade.", "link": "https://www.bbc.co.uk/news/business-55360258", "date_published": "2020-12-18 11:16:31+00:00", "persistent": false, "user": null, "language": "en-US"}, {"source": "http://feeds.bbci.co.uk/news/rss.xml", "title": "World Cup-winning captain Daley-Mclean retires from England duty", "description": "England's 2014 Rugby World Cup-winning captain Katy Daley-Mclean decides to retire from international rugby to spend more time with her family.", "link": "https://www.bbc.co.uk/sport/rugby-union/55362627", "date_published": "2020-12-18 11:00:05+00:00", "persistent": false, "user": null, "language": "en-US"}, {"source": "http://feeds.bbci.co.uk/news/rss.xml", "title": "Nigeria school attack: Was it really Boko Haram?", "description": "Militant activity is spreading across northern Nigeria with other groups expressing allegiance to Boko Haram", "link": "https://www.bbc.co.uk/news/world-africa-55317021", "date_published": "2020-12-18 10:53:38+00:00", "persistent": false, "user": null, "language": "en-US"}, {"source": "http://feeds.bbci.co.uk/news/rss.xml", "title": "Japan: Snow traps 1,000 drivers in frozen traffic jam", "description": "Heavy snow has left drivers stranded on a highway in Japan, some of them since Wednesday night.", "link": "https://www.bbc.co.uk/news/world-asia-55359771", "date_published": "2020-12-18 07:01:19+00:00", "persistent": false, "user": null, "language": "en-US"}, {"source": "http://feeds.bbci.co.uk/news/rss.xml", "title": "The Papers: 'Bleakest midwinter' as Covid tiers extended", "description": "The extension of tier three Covid rules to more parts of England is the focus for many of Friday's front pages.", "link": "https://www.bbc.co.uk/news/blogs-the-papers-55358352", "date_published": "2020-12-18 05:51:33+00:00", "persistent": false, "user": null, "language": "en-US"}, {"source": "http://feeds.bbci.co.uk/news/rss.xml", "title": "'I became a full-time dad for my wife's career'", "description": "Take-up of shared parental leave has been slow, but some men are putting their wives' careers first.", "link": "https://www.bbc.co.uk/news/business-55265817", "date_published": "2020-12-18 02:29:43+00:00", "persistent": false, "user": null, "language": "en-US"}, {"source": "http://feeds.bbci.co.uk/news/rss.xml", "title": "Chef 'comes of age' to win Masterchef: The Professionals title", "description": "The winner of this year's Masterchef: The Professionals series says \"it is the best feeling ever\".", "link": "https://www.bbc.co.uk/news/uk-england-essex-55359028", "date_published": "2020-12-18 02:27:59+00:00", "persistent": false, "user": null, "language": "en-US"}, {"source": "http://feeds.bbci.co.uk/news/rss.xml", "title": "The angry pop song calling out China's domestic violence problem", "description": "Xiao Juan is the first pop song in China to openly discuss the sensitive topic of domestic violence.", "link": "https://www.bbc.co.uk/news/world-asia-china-55312878", "date_published": "2020-12-18 01:09:19+00:00", "persistent": false, "user": null, "language": "en-US"}, {"source": "http://feeds.bbci.co.uk/news/rss.xml", "title": "Coronavirus and Christmas: Relief for family trapped in city of eternal lockdown", "description": "A family look forward to being reunited at Christmas, after being separated for 10 months.", "link": "https://www.bbc.co.uk/news/uk-england-leicestershire-55236320", "date_published": "2020-12-18 01:05:09+00:00", "persistent": false, "user": null, "language": "en-US"}, {"source": "http://feeds.bbci.co.uk/news/rss.xml", "title": "Covid: How schools managed to save the Christmas nativity", "description": "Schools have found new ways of celebrating the festive period during the coronavirus pandemic.", "link": "https://www.bbc.co.uk/news/uk-55334379", "date_published": "2020-12-18 01:01:24+00:00", "persistent": false, "user": null, "language": "en-US"}, {"source": "http://feeds.bbci.co.uk/news/rss.xml", "title": "Burnley's Pastor Mick - from dangerous drug dealer to lifesaver", "description": "Pastor Mick - who helps the poor on streets of Burnley - was once a violent dealer, covering up painful childhood memories.", "link": "https://www.bbc.co.uk/news/stories-55273677", "date_published": "2020-12-18 00:58:39+00:00", "persistent": false, "user": null, "language": "en-US"}, {"source": "http://feeds.bbci.co.uk/news/rss.xml", "title": "Celebrating Hanukkah and tackling anti-Semitism", "description": "Young Jews have marked the festival by posting videos honouring traditions and fighting anti-Semitism.", "link": "https://www.bbc.co.uk/news/world-55354081", "date_published": "2020-12-18 00:15:12+00:00", "persistent": false, "user": null, "language": "en-US"}, {"source": "http://feeds.bbci.co.uk/news/rss.xml", "title": "Quiz of the Year, part one: Can you even remember January?", "description": "How well do you remember the news of the past 12 months?", "link": "https://www.bbc.co.uk/news/world-55057717", "date_published": "2020-12-18 00:11:48+00:00", "persistent": false, "user": null, "language": "en-US"}, {"source": "http://feeds.bbci.co.uk/news/rss.xml", "title": "Creating animal food from a greenhouse gas", "description": "Animal feed is often transported thousands of miles so scientists are looking at new production methods.", "link": "https://www.bbc.co.uk/news/business-55014403", "date_published": "2020-12-18 00:10:36+00:00", "persistent": false, "user": null, "language": "en-US"}, {"source": "http://feeds.bbci.co.uk/news/rss.xml", "title": "US couple find 100-year-old whisky bottles hidden in walls of home", "description": "In 1920, the US banned alcohol but bootleggers went to extraordinary lengths to hide the illicit goods.", "link": "https://www.bbc.co.uk/news/world-us-canada-55323840", "date_published": "2020-12-18 00:09:01+00:00", "persistent": false, "user": null, "language": "en-US"}, {"source": "http://feeds.bbci.co.uk/news/rss.xml", "title": "Coronavirus: Swiss count cost of surge in deaths", "description": "Swiss leaders decide on Friday whether to impose tougher measures, as deaths reach 100 a day.", "link": "https://www.bbc.co.uk/news/world-europe-55350118", "date_published": "2020-12-18 00:07:19+00:00", "persistent": false, "user": null, "language": "en-US"}, {"source": "http://feeds.bbci.co.uk/news/rss.xml", "title": "Covid-19: Is rule-breaking causing the surge?", "description": "Ros Atkins from BBC's Outside Source asks if it's people or policies behind the rising infection rates.", "link": "https://www.bbc.co.uk/news/world-europe-55356700", "date_published": "2020-12-18 00:05:50+00:00", "persistent": false, "user": null, "language": "en-US"}]