[{"source": "https://www.youtube.com/feeds/videos.xml?channel_id=UCme4ZOv65uzGADXuvtHkSvA", "title": "CNN [#212] Czy \u017cyjesz wed\u0142ug woli Bo\u017cej?", "description": "\u200b@Langustanapalmie #cnn #dobrewiadomo\u015bci\n\nIV Niedziela Adwentu, Rok B\n\n1. czytanie (2 Sm 7, 1-5. 8b-12. 14a. 16)\n\nGdy kr\u00f3l Dawid zamieszka\u0142 w swoim domu, a Pan poskromi\u0142 doko\u0142a wszystkich jego wrog\u00f3w, rzek\u0142 kr\u00f3l do proroka Natana: \u00abSp\u00f3jrz, ja mieszkam w pa\u0142acu cedrowym, a Arka Bo\u017ca mieszka w namiocie\u00bb. Natan powiedzia\u0142 do kr\u00f3la: \u00abUczy\u0144 wszystko, co zamierzasz w sercu, gdy\u017c Pan jest z tob\u0105\u00bb. Lecz tej samej nocy Pan skierowa\u0142 do Natana nast\u0119puj\u0105ce s\u0142owa: \u00abId\u017a i powiedz mojemu s\u0142udze, Dawidowi: To m\u00f3wi Pan: \u201eCzy ty zbudujesz Mi dom na mieszkanie? Zabra\u0142em ci\u0119 z pastwiska spo\u015br\u00f3d owiec, aby\u015b by\u0142 w\u0142adc\u0105 nad ludem moim, nad Izraelem. I by\u0142em z tob\u0105 wsz\u0119dzie, dok\u0105d si\u0119 uda\u0142e\u015b, wytraci\u0142em przed tob\u0105 wszystkich twoich nieprzyjaci\u00f3\u0142.\nDam ci s\u0142aw\u0119 najwi\u0119kszych ludzi na ziemi. Wyznacz\u0119 miejsce mojemu ludowi, Izraelowi, i osadz\u0119 go tam, i b\u0119dzie mieszka\u0142 na swoim miejscu, a nie poruszy si\u0119 wi\u0119cej i ludzie nikczemni nie b\u0119d\u0105 go ju\u017c uciska\u0107 jak dawniej. Od czasu, kiedy ustanowi\u0142em s\u0119dzi\u00f3w nad ludem moim izraelskim, obdarzy\u0142em ci\u0119 pokojem ze wszystkimi wrogami. Tobie te\u017c Pan zapowiedzia\u0142, \u017ce sam Pan dom ci zbuduje.\nKiedy wype\u0142ni\u0105 si\u0119 twoje dni i spoczniesz obok swych przodk\u00f3w, wtedy wzbudz\u0119 po tobie potomka twojego, kt\u00f3ry wyjdzie z twoich wn\u0119trzno\u015bci, i utwierdz\u0119 jego kr\u00f3lestwo. Ja b\u0119d\u0119 mu ojcem, a on b\u0119dzie Mi synem. Przede Mn\u0105 dom tw\u00f3j i twoje kr\u00f3lestwo b\u0119dzie trwa\u0107 na wieki. Tw\u00f3j tron b\u0119dzie utwierdzony na wieki\u201d\u00bb.\n\n2. czytanie (Rz 16, 25-27)\n\nBracia: Temu, kt\u00f3ry ma moc utwierdzi\u0107 was zgodnie z Ewangeli\u0105 i moim g\u0142oszeniem Jezusa Chrystusa, zgodnie z objawion\u0105 tajemnic\u0105, dla dawnych wiek\u00f3w ukryt\u0105, teraz jednak ujawnion\u0105, a przez pisma prorockie na rozkaz odwiecznego Boga wszystkim narodom obwieszczon\u0105, dla sk\u0142onienia ich do pos\u0142usze\u0144stwa wierze, Bogu, kt\u00f3ry jedynie jest m\u0105dry, przez Jezusa Chrystusa, niech b\u0119dzie chwa\u0142a na wieki wiek\u00f3w! Amen.\n\nEwangelia (\u0141k 1, 26-38)\n\nB\u00f3g pos\u0142a\u0142 anio\u0142a Gabriela do miasta w Galilei, zwanego Nazaret, do dziewicy po\u015blubionej m\u0119\u017cowi imieniem J\u00f3zef, z rodu Dawida; a dziewicy by\u0142o na imi\u0119 Maryja.\nWszed\u0142szy do Niej, Anio\u0142 rzek\u0142: \u00abB\u0105d\u017a pozdrowiona, \u0142aski pe\u0142na, Pan z Tob\u0105, b\u0142ogos\u0142awiona jeste\u015b mi\u0119dzy niewiastami \u00bb. Ona zmiesza\u0142a si\u0119 na te s\u0142owa i rozwa\u017ca\u0142a, co by mia\u0142o znaczy\u0107 to pozdrowienie. Lecz anio\u0142 rzek\u0142 do Niej: \u00abNie b\u00f3j si\u0119, Maryjo, znalaz\u0142a\u015b bowiem \u0142ask\u0119 u Boga. Oto poczniesz i porodzisz Syna, kt\u00f3remu nadasz imi\u0119 Jezus. B\u0119dzie on wielki i zostanie nazwany Synem Najwy\u017cszego, a Pan B\u00f3g da Mu tron Jego praojca, Dawida. B\u0119dzie panowa\u0142 nad domem Jakuba na wieki, a Jego panowaniu nie b\u0119dzie ko\u0144ca\u00bb.\nNa to Maryja rzek\u0142a do anio\u0142a: \u00abJak\u017ce si\u0119 to stanie, skoro nie znam m\u0119\u017ca?\u00bb\nAnio\u0142 Jej odpowiedzia\u0142: \u00abDuch \u015awi\u0119ty zst\u0105pi na Ciebie i moc Najwy\u017cszego okryje Ci\u0119 cieniem. Dlatego te\u017c \u015awi\u0119te, kt\u00f3re si\u0119 narodzi, b\u0119dzie nazwane Synem Bo\u017cym. a oto r\u00f3wnie\u017c krewna Twoja, El\u017cbieta, pocz\u0119\u0142a w swej staro\u015bci syna i jest ju\u017c w sz\u00f3stym miesi\u0105cu ta, kt\u00f3r\u0105 miano za niep\u0142odn\u0105. Dla Boga bowiem nie ma nic niemo\u017cliwego\u00bb.\nNa to rzek\u0142a Maryja: \u00abOto ja s\u0142u\u017cebnica Pa\u0144ska, niech mi si\u0119 stanie wed\u0142ug s\u0142owa twego\u00bb.\nWtedy odszed\u0142 od Niej Anio\u0142.\n________________________________________\n\nAby nas wesprze\u0107 kliknij tu \n\u2192 https://patronite.pl/langustanapalmie\n\u2192 http://bit.ly/Subskrybuj_Languste\n\n\u2661 Historie pot\u0142uczone\nAnchor \u2192 https://anchor.fm/langusta-na-palmie\nSpreaker \u2192 https://www.spreaker.com/show/historie-potluczone\nSpotify \u2192 https://spoti.fi/2NVIRHb\nApple \u2192 https://apple.co/2ZIPQZv\nGoogle Podcasts \u2192 https://bit.ly/2OlBWH\n\n\u2661  Pismo \u015awi\u0119te: \nAnchor \u2192 https://anchor.fm/langusta-na-palmie\nSpreaker \u2192 https://www.spreaker.com/show/przeczytaj-pismo-swiete-z-langusta\nSpotify \u2192  https://spoti.fi/34nZwLr\nApple \u2192  https://apple.co/33zdwCV\nGoogle Podcasts \u2192 https://bit.ly/3nmaZUc\n\nZapraszamy na nowy portal :\n\u2192 http://www.dominikanie.pl\nPolecamy subskrypcje portalu na YT\n\u2192 https://www.youtube.com/c/Dominikanieplportal  \nMo\u017cna nas r\u00f3wnie\u017c znale\u017a\u0107 na Facebooku: \n\u2192 https://www.facebook.com/dominikanie\n\nWi\u0119cej nagra\u0144 o. Adama znajdziesz na: \n\u2192 http://www.langustanapalmie.pl\nMo\u017cna nas r\u00f3wnie\u017c znale\u017a\u0107 na Facebooku: \n\u2192 https://www.facebook.com/LangustaNaPalmie\nTwitterze: \n\u2192 https://twitter.com/LangustaPalmowa\nInstagramie: \n\u2192 https://www.instagram.com/langustanapalmie/\n\nZapraszamy.", "link": "https://www.youtube.com/watch?v=iOgsGlFZfMg", "date_published": "2020-12-19 00:00:00+00:00", "persistent": false, "user": null, "language": "pl-PL"}, {"source": "https://www.youtube.com/feeds/videos.xml?channel_id=UCme4ZOv65uzGADXuvtHkSvA", "title": "Ewangelia Mateusza ||  Rozdzia\u0142 21", "description": "Przeczytajmy razem ca\u0142e Pismo \u015awi\u0119te! \n \nUWAGA WYZWANIE i to \u017cyciodajne!\nCodziennie razem czytamy 1 rozdzia\u0142 \u017cyciodajnego S\u0141OWA BOGA. \nDo\u0142\u0105cz do nas! Razem przeczytamy ca\u0142e Pismo \u015awi\u0119te!\n\nWykorzystano Najnowszy przek\u0142ad Pisma \u015awi\u0119tego z komentarzem opracowany przez Zesp\u00f3\u0142 Biblist\u00f3w Polskich z inicjatywy Towarzystwa \u015awi\u0119tego Paw\u0142a (Edycja \u015awi\u0119tego Paw\u0142a). Pierwszy przek\u0142ad w trzecim tysi\u0105cleciu.\n\n________________________________________\n\nAby nas wesprze\u0107 kliknij tu \n\u2192 https://patronite.pl/langustanapalmie\n\u2192 http://bit.ly/Subskrybuj_Languste\n\n\u2661 Historie pot\u0142uczone\nAnchor \u2192 https://anchor.fm/langusta-na-palmie\nSpreaker \u2192 https://www.spreaker.com/show/historie-potluczone\nSpotify \u2192 https://spoti.fi/2NVIRHb\nApple \u2192 https://apple.co/2ZIPQZv\nGoogle Podcasts \u2192 https://bit.ly/2OlBWH\n\n\u2661  Pismo \u015awi\u0119te: \nAnchor \u2192 https://anchor.fm/langusta-na-palmie\nSpreaker \u2192 https://www.spreaker.com/show/przeczytaj-pismo-swiete-z-langusta\nSpotify \u2192  https://spoti.fi/34nZwLr\nApple \u2192  https://apple.co/33zdwCV\nGoogle Podcasts \u2192 https://bit.ly/3nmaZUc\n\nZapraszamy na nowy portal :\n\u2192 http://www.dominikanie.pl\nPolecamy subskrypcje portalu na YT\n\u2192 https://www.youtube.com/c/Dominikanieplportal  \nMo\u017cna nas r\u00f3wnie\u017c znale\u017a\u0107 na Facebooku: \n\u2192 https://www.facebook.com/dominikanie\n\nWi\u0119cej nagra\u0144 o. Adama znajdziesz na: \n\u2192 http://www.langustanapalmie.pl\nMo\u017cna nas r\u00f3wnie\u017c znale\u017a\u0107 na Facebooku: \n\u2192 https://www.facebook.com/LangustaNaPalmie\nTwitterze: \n\u2192 https://twitter.com/LangustaPalmowa\nInstagramie: \n\u2192 https://www.instagram.com/langustanapalmie/\n\nZapraszamy.", "link": "https://www.youtube.com/watch?v=na2aPnpTB4I", "date_published": "2020-12-19 00:00:00+00:00", "persistent": false, "user": null, "language": "pl-PL"}, {"source": "https://www.youtube.com/feeds/videos.xml?channel_id=UCme4ZOv65uzGADXuvtHkSvA", "title": "Roraty [#18] W ogniu", "description": "#Roraty2020 #Adwent #Przyjd\u017aPanieJezu\n\nZamiast WSTAWAK\u00d3W - Roraty na ca\u0142y ADWENT 2020, czyli trzy i p\u00f3\u0142 tygodnia z Jezusem przygl\u0105daj\u0105cym si\u0119 Ojcu.\n\nZapraszamy by w\u0142\u0105czy\u0107 si\u0119 w Adwentow\u0105 Akcj\u0119 Charytatywn\u0105 Fundacji Malak.\n\n\"TROSKA\u201d Adwentowa Akcja Charytatywna rzecz dzieci cierpi\u0105cych na zaburzenia psychiczne. Do Wigilii b\u0119dziemy zbiera\u0107 darowizny na remont i wyposa\u017cenie sal pacjent\u00f3w w Mazowieckim Centrum Neuropsychiatrii. \n\n\u201cTROSKA\u201d to akcja pe\u0142na czu\u0142o\u015bci i delikatno\u015bci, a przede wszystkim zatroskania.\n \nWszystkie informacje na temat zbi\u00f3rki b\u0119d\u0105 zamieszczane tutaj:\nhttps://charytatywnie.fundacjamalak.pl/ \n\nnr konta do wp\u0142at tradycyjnych. \n\n42 2490 0005 0000 4600 1184 3564 PLN\nIBAN: PL 42 2490 0005 0000 4600 1184 3564 \nBIC/SWIFT: ALBPPLPW\n________________________________________\n\nAby nas wesprze\u0107 kliknij tu \n\u2192 https://patronite.pl/langustanapalmie\n\u2192 http://bit.ly/Subskrybuj_Languste\n\n\u2661 Historie pot\u0142uczone\nAnchor \u2192 https://anchor.fm/langusta-na-palmie\nSpreaker \u2192 https://www.spreaker.com/show/historie-potluczone\nSpotify \u2192 https://spoti.fi/2NVIRHb\nApple \u2192 https://apple.co/2ZIPQZv\nGoogle Podcasts \u2192 https://bit.ly/2OlBWH\n\n\u2661  Pismo \u015awi\u0119te: \nAnchor \u2192 https://anchor.fm/langusta-na-palmie\nSpreaker \u2192 https://www.spreaker.com/show/przeczytaj-pismo-swiete-z-langusta\nSpotify \u2192  https://spoti.fi/34nZwLr\nApple \u2192  https://apple.co/33zdwCV\nGoogle Podcasts \u2192 https://bit.ly/3nmaZUc\n\nZapraszamy na nowy portal :\n\u2192 http://www.dominikanie.pl\nPolecamy subskrypcje portalu na YT\n\u2192 https://www.youtube.com/c/Dominikanieplportal  \nMo\u017cna nas r\u00f3wnie\u017c znale\u017a\u0107 na Facebooku: \n\u2192 https://www.facebook.com/dominikanie\n\nWi\u0119cej nagra\u0144 o. Adama znajdziesz na: \n\u2192 http://www.langustanapalmie.pl\nMo\u017cna nas r\u00f3wnie\u017c znale\u017a\u0107 na Facebooku: \n\u2192 https://www.facebook.com/LangustaNaPalmie\nTwitterze: \n\u2192 https://twitter.com/LangustaPalmowa\nInstagramie: \n\u2192 https://www.instagram.com/langustanapalmie/\n\nZapraszamy.", "link": "https://www.youtube.com/watch?v=MHZUoZsTWxA", "date_published": "2020-12-19 00:00:00+00:00", "persistent": false, "user": null, "language": "pl-PL"}, {"source": "https://www.youtube.com/feeds/videos.xml?channel_id=UCme4ZOv65uzGADXuvtHkSvA", "title": "Ewangelia Mateusza ||  Rozdzia\u0142 20", "description": "Przeczytajmy razem ca\u0142e Pismo \u015awi\u0119te! \n \nUWAGA WYZWANIE i to \u017cyciodajne!\nCodziennie razem czytamy 1 rozdzia\u0142 \u017cyciodajnego S\u0141OWA BOGA. \nDo\u0142\u0105cz do nas! Razem przeczytamy ca\u0142e Pismo \u015awi\u0119te!\n\nWykorzystano Najnowszy przek\u0142ad Pisma \u015awi\u0119tego z komentarzem opracowany przez Zesp\u00f3\u0142 Biblist\u00f3w Polskich z inicjatywy Towarzystwa \u015awi\u0119tego Paw\u0142a (Edycja \u015awi\u0119tego Paw\u0142a). Pierwszy przek\u0142ad w trzecim tysi\u0105cleciu.\n\n________________________________________\n\nAby nas wesprze\u0107 kliknij tu \n\u2192 https://patronite.pl/langustanapalmie\n\u2192 http://bit.ly/Subskrybuj_Languste\n\n\u2661 Historie pot\u0142uczone\nAnchor \u2192 https://anchor.fm/langusta-na-palmie\nSpreaker \u2192 https://www.spreaker.com/show/historie-potluczone\nSpotify \u2192 https://spoti.fi/2NVIRHb\nApple \u2192 https://apple.co/2ZIPQZv\nGoogle Podcasts \u2192 https://bit.ly/2OlBWH\n\n\u2661  Pismo \u015awi\u0119te: \nAnchor \u2192 https://anchor.fm/langusta-na-palmie\nSpreaker \u2192 https://www.spreaker.com/show/przeczytaj-pismo-swiete-z-langusta\nSpotify \u2192  https://spoti.fi/34nZwLr\nApple \u2192  https://apple.co/33zdwCV\nGoogle Podcasts \u2192 https://bit.ly/3nmaZUc\n\nZapraszamy na nowy portal :\n\u2192 http://www.dominikanie.pl\nPolecamy subskrypcje portalu na YT\n\u2192 https://www.youtube.com/c/Dominikanieplportal  \nMo\u017cna nas r\u00f3wnie\u017c znale\u017a\u0107 na Facebooku: \n\u2192 https://www.facebook.com/dominikanie\n\nWi\u0119cej nagra\u0144 o. Adama znajdziesz na: \n\u2192 http://www.langustanapalmie.pl\nMo\u017cna nas r\u00f3wnie\u017c znale\u017a\u0107 na Facebooku: \n\u2192 https://www.facebook.com/LangustaNaPalmie\nTwitterze: \n\u2192 https://twitter.com/LangustaPalmowa\nInstagramie: \n\u2192 https://www.instagram.com/langustanapalmie/\n\nZapraszamy.", "link": "https://www.youtube.com/watch?v=dPtr59CAK0M", "date_published": "2020-12-18 00:00:00+00:00", "persistent": false, "user": null, "language": "pl-PL"}, {"source": "https://www.youtube.com/feeds/videos.xml?channel_id=UCme4ZOv65uzGADXuvtHkSvA", "title": "Pompejanka na \u017cywo [18.12.2020] Tajemnice bolesne", "description": "@langustanapalmie\n________________________________________\n\nAby nas wesprze\u0107 kliknij tu \n\u2192 https://patronite.pl/langustanapalmie\n\u2192 http://bit.ly/Subskrybuj_Languste\n\n\u2661 Historie pot\u0142uczone\nAnchor \u2192 https://anchor.fm/langusta-na-palmie\nSpreaker \u2192 https://www.spreaker.com/show/historie-potluczone\nSpotify \u2192 https://spoti.fi/2NVIRHb\nApple \u2192 https://apple.co/2ZIPQZv\nGoogle Podcasts \u2192 https://bit.ly/2OlBWH\n\n\u2661  Pismo \u015awi\u0119te: \nAnchor \u2192 https://anchor.fm/langusta-na-palmie\nSpreaker \u2192 https://www.spreaker.com/show/przeczytaj-pismo-swiete-z-langusta\nSpotify \u2192  https://spoti.fi/34nZwLr\nApple \u2192  https://apple.co/33zdwCV\nGoogle Podcasts \u2192 https://bit.ly/3nmaZUc\n\nZapraszamy na nowy portal :\n\u2192 http://www.dominikanie.pl\nPolecamy subskrypcje portalu na YT\n\u2192 https://www.youtube.com/c/Dominikanieplportal  \nMo\u017cna nas r\u00f3wnie\u017c znale\u017a\u0107 na Facebooku: \n\u2192 https://www.facebook.com/dominikanie\n\nWi\u0119cej nagra\u0144 o. Adama znajdziesz na: \n\u2192 http://www.langustanapalmie.pl\nMo\u017cna nas r\u00f3wnie\u017c znale\u017a\u0107 na Facebooku: \n\u2192 https://www.facebook.com/LangustaNaPalmie\nTwitterze: \n\u2192 https://twitter.com/LangustaPalmowa\nInstagramie: \n\u2192 https://www.instagram.com/langustanapalmie/\n\nZapraszamy.", "link": "https://www.youtube.com/watch?v=6vVeCXbEQwQ", "date_published": "2020-12-18 00:00:00+00:00", "persistent": false, "user": null, "language": "pl-PL"}, {"source": "https://www.youtube.com/feeds/videos.xml?channel_id=UCme4ZOv65uzGADXuvtHkSvA", "title": "Roraty [#17] T\u0142ocznia", "description": "#Roraty2020 #Adwent #Przyjd\u017aPanieJezu\n\nZamiast WSTAWAK\u00d3W - Roraty na ca\u0142y ADWENT 2020, czyli trzy i p\u00f3\u0142 tygodnia z Jezusem przygl\u0105daj\u0105cym si\u0119 Ojcu.\n\nZapraszamy by w\u0142\u0105czy\u0107 si\u0119 w Adwentow\u0105 Akcj\u0119 Charytatywn\u0105 Fundacji Malak.\n\n\"TROSKA\u201d Adwentowa Akcja Charytatywna rzecz dzieci cierpi\u0105cych na zaburzenia psychiczne. Do Wigilii b\u0119dziemy zbiera\u0107 darowizny na remont i wyposa\u017cenie sal pacjent\u00f3w w Mazowieckim Centrum Neuropsychiatrii. \n\n\u201cTROSKA\u201d to akcja pe\u0142na czu\u0142o\u015bci i delikatno\u015bci, a przede wszystkim zatroskania.\n \nWszystkie informacje na temat zbi\u00f3rki b\u0119d\u0105 zamieszczane tutaj:\nhttps://charytatywnie.fundacjamalak.pl/ \n\nnr konta do wp\u0142at tradycyjnych. \n\n42 2490 0005 0000 4600 1184 3564 PLN\nIBAN: PL 42 2490 0005 0000 4600 1184 3564 \nBIC/SWIFT: ALBPPLPW\n________________________________________\n\nAby nas wesprze\u0107 kliknij tu \n\u2192 https://patronite.pl/langustanapalmie\n\u2192 http://bit.ly/Subskrybuj_Languste\n\n\u2661 Historie pot\u0142uczone\nAnchor \u2192 https://anchor.fm/langusta-na-palmie\nSpreaker \u2192 https://www.spreaker.com/show/historie-potluczone\nSpotify \u2192 https://spoti.fi/2NVIRHb\nApple \u2192 https://apple.co/2ZIPQZv\nGoogle Podcasts \u2192 https://bit.ly/2OlBWH\n\n\u2661  Pismo \u015awi\u0119te: \nAnchor \u2192 https://anchor.fm/langusta-na-palmie\nSpreaker \u2192 https://www.spreaker.com/show/przeczytaj-pismo-swiete-z-langusta\nSpotify \u2192  https://spoti.fi/34nZwLr\nApple \u2192  https://apple.co/33zdwCV\nGoogle Podcasts \u2192 https://bit.ly/3nmaZUc\n\nZapraszamy na nowy portal :\n\u2192 http://www.dominikanie.pl\nPolecamy subskrypcje portalu na YT\n\u2192 https://www.youtube.com/c/Dominikanieplportal  \nMo\u017cna nas r\u00f3wnie\u017c znale\u017a\u0107 na Facebooku: \n\u2192 https://www.facebook.com/dominikanie\n\nWi\u0119cej nagra\u0144 o. Adama znajdziesz na: \n\u2192 http://www.langustanapalmie.pl\nMo\u017cna nas r\u00f3wnie\u017c znale\u017a\u0107 na Facebooku: \n\u2192 https://www.facebook.com/LangustaNaPalmie\nTwitterze: \n\u2192 https://twitter.com/LangustaPalmowa\nInstagramie: \n\u2192 https://www.instagram.com/langustanapalmie/\n\nZapraszamy.", "link": "https://www.youtube.com/watch?v=rZ4PJUUPMHI", "date_published": "2020-12-18 00:00:00+00:00", "persistent": false, "user": null, "language": "pl-PL"}]