[{"source": "https://www.youtube.com/feeds/videos.xml?channel_id=UCNvzD7Z-g64bPXxGzaQaa4g", "title": "Cyberpunk 2077: Dumb Yet Hilarious Glitches", "description": "Cyberpunk 2077 is filled with hilarious glitches, bugs, and weird graphics problems. You sent us some clips and we reacted. \nSubscribe for more: https://www.youtube.com/gameranxTV?sub_confirmation=1", "link": "https://www.youtube.com/watch?v=mB6XyErBswg", "date_published": "2020-12-19 00:00:00+00:00", "persistent": false, "user": null, "language": "en-US"}, {"source": "https://www.youtube.com/feeds/videos.xml?channel_id=UCNvzD7Z-g64bPXxGzaQaa4g", "title": "SONY REMOVES CYBERPUNK 2077 FROM PSN STORE, LEFT 4 DEAD SUCCESSOR RISES, & MORE", "description": "Sponsored by ExpressVPN. Go to https://expressvpn.com/gameranx and find out how you can get 3 months of ExpressVPN free!\n\nCyberpunk 2077 refund issues ramp up, Nintendo shows off upcoming indies, and more in a week full of gaming news.\n\nSubscribe for more: https://www.youtube.com/gameranxTV?su...\n\nVOTE FOR GAMERANX GAME OF THE YEAR HERE: https://bit.ly/34tukeB\n\n\n ~~~~STORIES~~~~\n\n\nCyberpunk \nhttps://www.gamesindustry.biz/articles/2020-12-18-sony-pulls-cyberpunk-2077-from-playstation-store\nUPDATE:\nhttps://www.engadget.com/cyberpunk-2077-cd-projekt-red-return-policy-201145944.html\n\nBack 4 Blood\nhttps://www.windowscentral.com/back-4-blood-closed-alpha-goes-live-week-registration-still-open\n\n\nNintendo Direct indie showcase\nhttps://youtu.be/GzXyEEQ6L2I\n\nHilarious Cyberpunk edit\nhttps://www.reddit.com/r/cyberpunkgame/comments/kf57gq/cyberpunk_2077_launch_glitches_trailer_a/?ref=share&ref_source=embed&utm_content=title&utm_medium=post_embed&utm_name=95b7f3f040cf47a086ad8620021f55d3&utm_source=embedly&utm_term=kf57gq\n\nReading list\nhttps://www.google.com/amp/s/www.polygon.com/platform/amp/2020/11/19/21572072/best-video-game-books-gifts\n\nLeague of Legends MMO\nhttps://www.pcgamer.com/riot-is-working-on-a-league-of-legends-mmo/\n\n\nVOTE FOR GAMERANX GAME OF THE YEAR HERE: https://bit.ly/34tukeB", "link": "https://www.youtube.com/watch?v=ondXmqLyLlk", "date_published": "2020-12-19 00:00:00+00:00", "persistent": false, "user": null, "language": "en-US"}]