[{"source": "https://www.youtube.com/feeds/videos.xml?channel_id=UCNvzD7Z-g64bPXxGzaQaa4g", "title": "Is Bethesda Taking Too Long With Elder Scrolls 6?", "description": "The Elder Scrolls 6 has been announced, but with no confirmed release date all we've been able to do is speculate about gameplay and in-game location. Is Bethesda taking too long? Let's dive in.\nSubscribe for more: https://www.youtube.com/gameranxTV?sub_confirmation=1\n\nSources:\nhttps://www.dsogaming.com/news/dont-expect-any-news-for-the-elder-scrolls-6-or-starfield-in-2020/\nhttps://www.denofgeek.com/games/the-elder-scrolls-6-how-long-is-it/\nhttps://bethesda.net/en/article/4IwKWIj174Cb2QNTTtBAEb/todd-howard-on-joining-xbox\nhttps://www.pcgamer.com/skyrim-grandma-shirley-curry-will-be-in-the-elder-scrolls-6/\nhttps://www.reddit.com/r/TESVI/comments/jcecc3/microsoft_has_seemingly_made_a_deal_with_an/\nhttps://www.reddit.com/r/TESVI/comments/gnqywb/in_case_anyone_needed_any_more_confirmation_that/ \nhttps://kotaku.com/xbox-boss-phil-spencer-on-series-x-launch-halo-infinit-1845392984", "link": "https://www.youtube.com/watch?v=ZnpruoKzyiM", "date_published": "2020-10-26 00:00:00+00:00", "persistent": false, "user": null, "language": "en-US"}, {"source": "https://www.youtube.com/feeds/videos.xml?channel_id=UCNvzD7Z-g64bPXxGzaQaa4g", "title": "10 CRAZY Things PS4 Owners Have Done", "description": "PlayStation fans have done some CRAZY things surrounding their PS4s and their fandom. Here are the weirdest examples.\nSubscribe for more: https://www.youtube.com/gameranxTV?sub_confirmation=1\n\n#10\nhttps://www.dailymail.co.uk/news/article-4940290/Gamer-sets-PS4-TV-play-McDonalds.html\n+\nhttps://twitter.com/coyotetrips/status/1218197418707210243\n\n#9\nhttps://www.gamesradar.com/teen-buys-ps4-for-dollar9-by-disguising-it-as-fruit-gets-arrested-after-trying-it-again/\n\n#8\nhttps://soranews24.com/2014/02/24/we-try-to-get-the-first-ps4-sold-in-japan-and-so-does-this-guy-dressed-like-a-move-controller/\n\n#7\nhttps://kotaku.com/garbage-man-finds-working-ps4-in-the-trash-1818567831\n\n#6\nhttps://www.dailymail.co.uk/news/article-6882559/Man-tells-mothers-murder-trial-raised-alarm-console-finding-father-lying-dead.html\n\n#5\nhttps://www.playstationlifestyle.net/2018/05/21/psn-user-banned-for-claiming-his-dad-works-for-sony/\n\n#4\nhttps://kotaku.com/teenager-sentenced-to-40-years-in-prison-for-killing-ma-1782499393\n\n#3  \nhttps://www.instagram.com/end_of_line_designs/\n\n#2\nhttps://www.vg247.com/2020/02/01/guy-turns-treadmill-ps4-controller-plays-death-stranding/\n+\nhttps://www.youtube.com/watch?v=jR_HbXOajEc&feature=emb_title&ab_channel=CyclicoderJ\n\n#1\nhttps://imgur.com/r/playstation/LmVDP\nhttps://www.reddit.com/r/playstation/comments/619lnc/my_ps4_pro_cooling_mod/\n+\nhttps://www.youtube.com/watch?v=yxdE14j1PNE&feature=emb_title&ab_channel=FanlessGuy\n\n\n\nBONUS\nhttps://hackaday.com/2015/02/05/add-extra-storage-to-your-ps4-with-retro-flair/", "link": "https://www.youtube.com/watch?v=ORfsgOtGOfo", "date_published": "2020-10-25 00:00:00+00:00", "persistent": false, "user": null, "language": "en-US"}, {"source": "https://www.youtube.com/feeds/videos.xml?channel_id=UCNvzD7Z-g64bPXxGzaQaa4g", "title": "Top 10 NEW Games of November 2020", "description": "November 2020 is filled with tons of games to pay attention to thanks to the upcoming launch of PS5 /Xbox Series X and beyond. Here's a roundup of the big ones.\nSubscribe for more: https://www.youtube.com/gameranxTV?sub_confirmation=1\n\n\n\n#10 Destruction AllStars \n\nPlatform: PS5\n\nRelease date: November 12, 2020\n\n\n\n#9 Godfall \n\nPlatform: PC, PS5\n\nRelease date: November 12, 2020\n\n\n\n#8 Sackboy: A Big Adventure \n\nPlatform: PS5, PS4\n\nRelease date: November 12, 2020\n\n\n\n#7 Dirt 5\n\nXSX November 10 \n\nPS4, XBOX ONE, PC November 6, 2020\n\nPS5 November 12, 2020\n\n\n\n#6 Demon's Souls \n\nPlatform:  PS5\n\nRelease date: November 12, 2020\n\n\n\n#5 Yakuza: Like a Dragon  \n\nPlatform: November 10, 2020 PS4\n\nPC XBOX ONE XSX November 10, 2020\n\n\n\n#4 Assassin's Creed Valhalla \n\nPlatform: PC, XSX, PS4, XBOX ONE, Stadia November 10\n\nPS5 November 12, 2020\n\n\n\n#3 Marvel's Spider-Man PS5 Miles Morales \n\nPlatform: PS5, PS4\n\nRelease date: November 12, 2020\n\n\n\n#2 Call of Duty: Black Ops Cold War \n\nPlatform: PC, PS5, XSX, PS4, XBOX ONE \n\nRelease date: November 13, 2020\n\n\n\n#1 Cyberpunk 2077 \n\nPlatform: PC, PS4, XBOX ONE, Stadia\n\n\nRelease date: November 19, 2020\n\n\n\n\n\nBONUS\n\nThe Pathless \n\nPlatform: PC, PS5, PS4 \n\nRelease date: November 12, 2020\n\n\n\nNeed for Speed: Hot Pursuit Remastered \n\nPlatform : PC, PS4, XBOX ONE\n\nRelease date : November 6, 2020\n\nSwitch 13 November 2020", "link": "https://www.youtube.com/watch?v=YmijwlCRMws", "date_published": "2020-10-25 00:00:00+00:00", "persistent": false, "user": null, "language": "en-US"}]