[{"source": "https://www.youtube.com/feeds/videos.xml?channel_id=UCw--xPGVVxYzRsWyV1nFqgg", "title": "Lord Of The Rings 2020 Recast!", "description": "Casting the lord of the ring movies with actors currently working in hollywood today that might fit the part. This was WAAYYYY harder than I thought it would be. Why is it so hard to cast hobbits?! Anyway, enjoy a 2020 recasting of the lord of the rings! \nMerch: https://teespring.com/stores/fantasy-news-2\nPatreon: https://www.patreon.com/DanielBGreene\nDiscord Server: https://discord.gg/xUzhVv4\nTwitter: https://twitter.com/DanielBGreene?lang=en\nTwitch: https://www.twitch.tv/fantasynews\nInstagram: https://www.instagram.com/dgreene101/\nSubreddit: https://www.reddit.com/r/danielgreene\nPodcast: https://afictionalconversation.podbean.com/", "link": "https://www.youtube.com/watch?v=IA9JZqvyFNw", "date_published": "2020-10-25 00:00:00+00:00", "persistent": false, "user": null, "language": "en-US"}]