[{"source": "https://www.youtube.com/feeds/videos.xml?channel_id=UCBa659QWEk1AI4Tg--mrJ2A", "title": "My unlicensed hovercraft bar is technically legal", "description": "If you want to sell alcohol in England, you need a license. But the Licensing Act 2003 has some unusual exceptions. \u2022 Thanks to Marc and the team from the Axceler-8 Hovercraft Centre: http://hovercraftcentre.co.uk/ \u2022 Behind the scenes: https://www.youtube.com/watch?v=UQXqkBiqRCI\n\nLicensing Act 2003: https://www.legislation.gov.uk/ukpga/2003/17/contents\n\nFilmed safely: https://www.tomscott.com/safe/\n\nCamera: Matt Gray https://mattg.co.uk\nLogistics and original idea: Jonty Wareing https://twitter.com/jonty\nThanks to: Rob Hiseman\nEditor: Michelle Martin https://twitter.com/mrsmmartin\nAudio mix: Graham Haerther\n\nI'm at https://tomscott.com\non Twitter at https://twitter.com/tomscott\non Facebook at https://facebook.com/tomscott\nand on Instagram as tomscottgo", "link": "https://www.youtube.com/watch?v=ZLF7yife8YE", "date_published": "2020-10-26 00:00:00+00:00", "persistent": false, "user": null, "language": "en-US"}]