[{"source": "https://www.youtube.com/feeds/videos.xml?channel_id=UCyl5V3-J_Bsy3x-EBCJwepg", "title": "Babylon Bee Writers Read Hilarious Hate Mail", "description": "Every week, we read delicious hate mail from our haters. This one calls us out for partaking in \u201cdestructive activities.\u201d\n\nSee the full show here:\nhttps://www.youtube.com/watch?v=IVv0u5QprUE&t=770s\n\nIf you want to become a subscriber and be able to see more hate mail reads go to this link\nhttps://babylonbee.com/plans\n\nSubscribe to the Babylon Bee to help us continue to read hate mail in mildly offensive accents\n\nHit the Bell to get your daily dose of fake news that you can trust.", "link": "https://www.youtube.com/watch?v=eClufDCikB4", "date_published": "2020-10-26 00:00:00+00:00", "persistent": false, "user": null, "language": "en-US"}, {"source": "https://www.youtube.com/feeds/videos.xml?channel_id=UCyl5V3-J_Bsy3x-EBCJwepg", "title": "Jordan Peterson Returns To Find Americans Worshiping Golden Statue Of Karl Marx", "description": "Dr. Jordan Peterson emerged this week and was dismayed to find millions of Americans worshipping at the altar of a golden Karl Marx statue. Overtaken with righteous anger, he smashed his stone tablets containing 12 Rules for Life into tiny pieces.\n\nSubscribe to the Babylon Bee to help us continue to read hate mail in mildly offensive accents.\n\nHit the Bell to get your daily dose of fake news that you can trust.", "link": "https://www.youtube.com/watch?v=GSr4dJPvSRE", "date_published": "2020-10-26 00:00:00+00:00", "persistent": false, "user": null, "language": "en-US"}]