[{"source": "https://www.youtube.com/feeds/videos.xml?channel_id=UC3I2GFN_F8WudD_2jUZbojA", "title": "DakhaBrakha - Full Performance (Live on KEXP)", "description": "http://KEXP.ORG presents DakhaBrakha performing live at the Triple Door. Recorded October 15, 2019.\n\nSongs:\nKhyma\nI've Boarded The Wrong Plane (Rembetika)\nPlyve choven\nLado\n\nHost: Darek Mazzone\nAudio Engineer: Curt Nelson\nCameras: Jim Beckmann, Alaia D'Alessandro, Scott Holpainen, Kendall Rock & Justin Wilmore\nEditor: Jim Beckmann\n\nhttp://kexp.org\nhttp://www.dakhabrakha.com.ua", "link": "https://www.youtube.com/watch?v=kuAaIe1QDSc", "date_published": "2020-02-19 00:00:00+00:00", "persistent": false, "user": null, "language": "en-US"}, {"source": "https://www.youtube.com/feeds/videos.xml?channel_id=UC3I2GFN_F8WudD_2jUZbojA", "title": "DakhaBrakha - I've Boarded The Wrong Plane (Rembetika) (Live on KEXP)", "description": "http://KEXP.ORG presents DakhaBrakha performing \"I've Boarded The Wrong Plane (Rembetika)\" live at the Triple Door. Recorded October 15, 2019.\n\nHost: Darek Mazzone\nAudio Engineer: Curt Nelson\nCameras: Jim Beckmann, Alaia D'Alessandro, Scott Holpainen, Kendall Rock & Justin Wilmore\nEditor: Jim Beckmann\n\nhttp://kexp.org\nhttp://www.dakhabrakha.com.ua", "link": "https://www.youtube.com/watch?v=N0cp--Hhkws", "date_published": "2020-02-19 00:00:00+00:00", "persistent": false, "user": null, "language": "en-US"}, {"source": "https://www.youtube.com/feeds/videos.xml?channel_id=UC3I2GFN_F8WudD_2jUZbojA", "title": "DakhaBrakha - Khyma (Live on KEXP)", "description": "http://KEXP.ORG presents DakhaBrakha performing \"Khyma\" live at the Triple Door. Recorded October 15, 2019.\n\nHost: Darek Mazzone\nAudio Engineer: Curt Nelson\nCameras: Jim Beckmann, Alaia D'Alessandro, Scott Holpainen, Kendall Rock & Justin Wilmore\nEditor: Jim Beckmann\n\nhttp://kexp.org\nhttp://www.dakhabrakha.com.ua", "link": "https://www.youtube.com/watch?v=H7cpHodEp1k", "date_published": "2020-02-19 00:00:00+00:00", "persistent": false, "user": null, "language": "en-US"}, {"source": "https://www.youtube.com/feeds/videos.xml?channel_id=UC3I2GFN_F8WudD_2jUZbojA", "title": "DakhaBrakha - Lado (Live on KEXP)", "description": "http://KEXP.ORG presents DakhaBrakha performing \"Lado\" live at the Triple Door. Recorded October 15, 2019.\n\nHost: Darek Mazzone\nAudio Engineer: Curt Nelson\nCameras: Jim Beckmann, Alaia D'Alessandro, Scott Holpainen, Kendall Rock & Justin Wilmore\nEditor: Jim Beckmann\n\nhttp://kexp.org\nhttp://www.dakhabrakha.com.ua", "link": "https://www.youtube.com/watch?v=2zYCBhokaDk", "date_published": "2020-02-19 00:00:00+00:00", "persistent": false, "user": null, "language": "en-US"}, {"source": "https://www.youtube.com/feeds/videos.xml?channel_id=UC3I2GFN_F8WudD_2jUZbojA", "title": "DakhaBrakha - Plyve choven (Live on KEXP)", "description": "http://KEXP.ORG presents DakhaBrakha performing \"Plyve choven\" live at the Triple Door. Recorded October 15, 2019.\n\nHost: Darek Mazzone\nAudio Engineer: Curt Nelson\nCameras: Jim Beckmann, Alaia D'Alessandro, Scott Holpainen, Kendall Rock & Justin Wilmore\nEditor: Jim Beckmann\n\nhttp://kexp.org\nhttp://www.dakhabrakha.com.ua", "link": "https://www.youtube.com/watch?v=J2vBp2mRnDk", "date_published": "2020-02-19 00:00:00+00:00", "persistent": false, "user": null, "language": "en-US"}]