[{"source": "https://www.youtube.com/feeds/videos.xml?channel_id=UCZYTClx2T1of7BRZ86-8fow", "title": "What Animal Dominates Earth?", "description": "There is a group of animals with more species than any other group, but Earth has such an astonishing variety of life that figuring out which group dominates is tricky.\n\nHosted by: Stefan Chin\n\nSciShow has a spinoff podcast! It's called SciShow Tangents. Check it out at http://www.scishowtangents.org\n----------\nSupport SciShow by becoming a patron on Patreon: https://www.patreon.com/scishow\n----------\nHuge thanks go to the following Patreon supporters for helping us keep SciShow free for everyone forever:\n\nKevin Bealer, KatieMarie Magnone, D.A. Noe, Charles Southerland, Eric Jensen, Christopher R Boucher, Alex Hackman, Matt Curls, Adam Brainard, Scott Satovsky Jr, Sam Buck, Avi Yashchin, Ron Kakar, Chris Peters, Kevin Carpentier, Patrick D. Ashmore, Piya Shedden, Sam Lutfi, charles george, Greg \n----------\nLooking for SciShow elsewhere on the internet?\nFacebook: http://www.facebook.com/scishow\nTwitter: http://www.twitter.com/scishow\nTumblr: http://scishow.tumblr.com\nInstagram: http://instagram.com/thescishow\n----------\nSources:\nhttps://evolution.berkeley.edu/evolibrary/article/side_O_0/beetles_01\nhttps://www.researchgate.net/publication/247604513_Practical_Approaches_to_the_Estimation_of_the_Extent_of_Biodiversity_in_Speciose_Groups [PDF]\nhttp://theconversation.com/how-many-species-on-earth-why-thats-a-simple-question-but-hard-to-answer-114909\nhttp://people.uncw.edu/rotenbergj/Class%20Documents/430/Tropical%20Forests_Their%20Richness%20in%20Coleoptera%20and%20Other%20Arthropod%20Species.pdf\nhttps://bmcecol.biomedcentral.com/articles/10.1186/s12898-018-0176-x\nhttps://www.theatlantic.com/science/archive/2018/04/parasitic-wasps-dominate-the-animal-kingdom/557348/\nhttps://bdj.pensoft.net/articles.php?id=21715\nhttps://www.biotaxa.org/Zootaxa/article/view/zootaxa.4402.1.3\nhttps://www.researchgate.net/publication/262866222_The_Neglect_of_Parasitic_Hymenoptera_in_Insect_Conservation_Strategies_The_British_Fauna_as_a_Prime_Example [PDF]\nhttps://www.cambridge.org/core/services/aop-cambridge-core/content/view/004030BB0D4456C23BBF5A886F826DAD/S0031182014000791a.pdf/evolution_of_parasitism_in_nematoda.pdf [PDF]\nhttps://digitalcommons.unl.edu/cgi/viewcontent.cgi?article=1086&context=parasitologyfacpubs [PDF]\nhttps://www.cell.com/trends/parasitology/pdf/S1471-4922(17)30044-2.pdf [PDF]\nhttps://www.ncbi.nlm.nih.gov/pmc/articles/PMC2556407/\nhttps://www.researchgate.net/publication/324039525_Comprehensive_inventory_of_true_flies_Diptera_at_a_tropical_site [PDF]\nhttps://www.researchgate.net/publication/280927917_Biodiversity_of_Diptera\n----------\nImages:\nhttps://commons.wikimedia.org/wiki/File:Charles_Darwin%27s_beetle_box_-_1.jpg\nhttps://www.scienceimage.csiro.au/image/2818", "link": "https://www.youtube.com/watch?v=v7kE6hFUOjE", "date_published": "2020-02-20 00:00:00+00:00", "persistent": false, "user": null, "language": "en-US"}, {"source": "https://www.youtube.com/feeds/videos.xml?channel_id=UCZYTClx2T1of7BRZ86-8fow", "title": "What is Taxonomy and Why is it So Complicated?", "description": "The classification of animal groups is essential to the the development of modern biology\u2014but it's extremely complicated. Trying to shoehorn the messy, complicated web of interrelationships that is biology into neat boxes has resulted in a pretty messy tree of life that we'll *try* to break down for you in this episode of SciShow! \n\nHosted by: Olivia Gordon\n\nSciShow has a spinoff podcast! It's called SciShow Tangents. Check it out at http://www.scishowtangents.org\n----------\nSupport SciShow by becoming a patron on Patreon: https://www.patreon.com/scishow\n----------\nHuge thanks go to the following Patreon supporters for helping us keep SciShow free for everyone forever:\n\nKevin Bealer, KatieMarie Magnone, D.A. Noe, Charles Southerland, Eric Jensen, Christopher R Boucher, Alex Hackman, Matt Curls, Adam Brainard, Scott Satovsky Jr, Sam Buck, Avi Yashchin, Ron Kakar, Chris Peters, Kevin Carpentier, Patrick D. Ashmore, Piya Shedden, Sam Lutfi, charles george, Greg \n----------\nLooking for SciShow elsewhere on the internet?\nFacebook: http://www.facebook.com/scishow\nTwitter: http://www.twitter.com/scishow\nTumblr: http://scishow.tumblr.com\nInstagram: http://instagram.com/thescishow\n----------\nSources:\n\nhttps://ucmp.berkeley.edu/glossary/gloss1/phyly.html\nIrie et al 2018 https://zoologicalletters.biomedcentral.com/articles/10.1186/s40851-018-0114-y\nKomarek and Beutel 2007 https://www.researchgate.net/publication/229077116_Problems_in_taxonomy_and_suggestions_for_a_standardized_description_of_new_insect_taxa\nSatoh et al 2014 https://www.ncbi.nlm.nih.gov/pmc/articles/PMC4211455/\nPadial et al 2010 https://frontiersinzoology.biomedcentral.com/articles/10.1186/1742-9994-7-16\nde Queiroz 2012 http://hydrodictyon.eeb.uconn.edu/eebedia/images/5/55/2012DeQueiroz.pdf\nhttps://www.royalsociety.org.nz/assets/Uploads/Report-National-Taxonomic-Collections-in-New-Zealand-2015.pdf\nhttps://www.cbd.int/gti/importance.shtml\nhttps://academic.oup.com/bioscience/article/61/12/942/390232\nhttps://phys.org/news/2017-08-biodiversity-earth.html\nhttps://www.cell.com/current-biology/fulltext/S0960-9822(16)30303-7?_returnURL=https%3A%2F%2Flinkinghub.elsevier.com%2Fretrieve%2Fpii%2FS0960982216303037%3Fshowall%3Dtrue\nhttps://www.britannica.com/animal/turtle-reptile/Origin-and-evolution\nhttps://www.britannica.com/animal/dinosaur\nhttps://www.biotaxa.org/Zootaxa/article/view/zootaxa.3025.1.5\nhttps://science.sciencemag.org/content/346/6215/1254449\n\nImages:\n\nhttps://en.wikipedia.org/wiki/File:Linnaeus_-_Regnum_Animale_(1735).png\nhttps://en.wikipedia.org/wiki/File:Lamarck_1815_diagram_of_animal_evolution.png\nhttps://en.wikipedia.org/wiki/File:Spindle_diagram.jpg\nhttps://nautiluslive.org/video/2019/09/04/translucent-deepstaria-jelly-whorls-resident-isopod\nhttps://commons.wikimedia.org/w/index.php?title=File%3ARhyssa_persuasoria_-_2014-08-28.webm\nhttps://en.wikipedia.org/wiki/File:Linn%C3%A9-Praeludia_Sponsaliorum_Plantarum.jpg", "link": "https://www.youtube.com/watch?v=TJKAPiEndCI", "date_published": "2020-02-19 00:00:00+00:00", "persistent": false, "user": null, "language": "en-US"}]