[{"source": "https://www.youtube.com/feeds/videos.xml?channel_id=UC4QZ_LsYcvcq7qOsOhpAX4A", "title": "India is Planning to Dominate Smartphone Manufacturing", "description": "The first 200 people to click my link https://brilliant.org/COLDFUSION/ will get 20% off their annual Premium subscription!\n\n--- About ColdFusion ---\nColdFusion is an Australian based online media company independently run by Dagogo Altraide since 2009. Topics cover anything in science, technology, history and business in a calm and relaxed environment. \n\nColdFusion Merch:\nINTERNATIONAL: https://store.coldfusioncollective.com/\nAUSTRALIA: https://shop.coldfusioncollective.com/\n\nIf you enjoy my content, please consider subscribing!\nI'm also on Patreon: https://www.patreon.com/ColdFusion_TV\nBitcoin address: 13SjyCXPB9o3iN4LitYQ2wYKeqYTShPub8\n\n--- New Thinking Book written by Dagogo Altraide ---\nThis book was rated the 9th best technology history book by book authority.\nIn the book you\u2019ll learn the stories of those who invented the things we use everyday and how it all fits together to form our modern world.\nGet the book on Amazon: http://bit.ly/NewThinkingbook\nGet the book on Google Play: http://bit.ly/NewThinkingGooglePlay\nhttps://newthinkingbook.squarespace.com/about/\n\n--- ColdFusion Social Media ---\n\u00bb Twitter | @ColdFusion_TV\n\u00bb Instagram | coldfusiontv\n\u00bb Facebook | https://www.facebook.com/ColdFusionTV\n\nSources:\n https://www.bloomberg.com/news/articles/2020-10-06/iphone-makers-win-nod-for-143-billion-india-manufacturing-plan\n\nhttps://www.bloomberg.com/news/articles/2020-06-02/india-plans-6-6-billion-in-incentives-to-woo-smartphone-makers\n\nhttps://edition.cnn.com/2020/10/07/tech/india-smartphone-apple-intl-hnk/index.html\n\nhttps://marker.medium.com/will-apple-ever-choose-india-over-china-2ea5a4fad886\n\nhttps://www.indiatoday.in/technology/news/story/iphone-12-will-be-made-in-india-as-apple-supplier-hires-10-000-local-employees-for-production-1712777-2020-08-19\n\nhttps://9to5mac.com/2020/07/02/iphone-assembly-in-india/\n\nhttps://www.statista.com/statistics/253649/iphone-revenue-as-share-of-apples-total-revenue/#:~:text=The%20iPhone's%20share%20of%20the,with%20new%20releases%20and%20updates.\n\nhttps://www.ndtv.com/business/apple-iphone-makers-may-be-gainers-in-6-6-billion-india-plan-to-bring-manufacturing-to-india-report-2294920\n\n\n\u00bb Music I produce | http://burnwater.bandcamp.com or \n\u00bb http://www.soundcloud.com/burnwater\n\u00bb https://www.patreon.com/ColdFusion_TV\n\u00bb Collection of music used in videos: https://www.youtube.com/watch?v=YOrJJKW31OA\n\nProducer: Dagogo Altraide", "link": "https://www.youtube.com/watch?v=IQSOkB-oaNI", "date_published": "2020-10-23 00:00:00+00:00", "persistent": false, "user": null, "language": "en-US"}]