[{"source": "https://www.youtube.com/feeds/videos.xml?channel_id=UCZYTClx2T1of7BRZ86-8fow", "title": "The First Room Temperature Superconductor! (Still No Hoverboards) | SciShow News", "description": "Hot off the presses, this week has been cool! Researchers have discovered the first room-temperature superconductor, and another group has created a type of paint that actually stays cooler than the environment around it!\n\nHosted by: Hank Green\n\nSciShow has a spinoff podcast! It's called SciShow Tangents. Check it out at http://www.scishowtangents.org\n----------\nSupport SciShow by becoming a patron on Patreon: https://www.patreon.com/scishow\n----------\nHuge thanks go to the following Patreon supporters for helping us keep SciShow free for everyone forever:\n\nBd_Tmprd, Harrison Mills, Jeffrey Mckishen, James Knight, Christoph Schwanke, Jacob, Matt Curls, Sam Buck, Christopher R Boucher, Eric Jensen, Lehel Kovacs, Adam Brainard, Greg, Ash, Sam Lutfi, Piya Shedden, KatieMarie Magnone, Scott Satovsky Jr, Charles Southerland, charles george, Alex Hackman, Chris Peters, Kevin Bealer\n----------\nLooking for SciShow elsewhere on the internet?\nFacebook: http://www.facebook.com/scishow\nTwitter: http://www.twitter.com/scishow\nTumblr: http://scishow.tumblr.com\nInstagram: http://instagram.com/thescishow\n----------\nSources:\nhttps://doi.org/10.1038/s41586-020-2801-z \nhttps://doi.org/10.1016/j.xcrp.2020.100221\n\nImages:\nhttps://www.storyblocks.com/video/stock/new-york-city-18-08-2017-times-square-commercial-billboard-screens-timelapse-4k-bright-flashy-ads-buildings-consumerism-bubzldk9qjn0zkz9o\nhttps://doi.org/10.1016/j.xcrp.2020.100221", "link": "https://www.youtube.com/watch?v=1j7bMsFogJE", "date_published": "2020-10-23 00:00:00+00:00", "persistent": false, "user": null, "language": "en-US"}, {"source": "https://www.youtube.com/feeds/videos.xml?channel_id=UCZYTClx2T1of7BRZ86-8fow", "title": "Alice Hamilton: The Doctor Who Made Work Safer | Great Minds", "description": "During the period of rapid industrialization at the turn of the 20th century, factory jobs were incredibly unsafe. That is, until Dr. Alice Hamilton basically became an investigative reporter to figure out how factories were poisoning workers with lead! Oh, and some of her other research popularized mask-wearing as a way to reduce the spread of disease - a practice that is extremely relevant in the time of COVID-19.\n\nHosted by: Stefan Chin\n\nSciShow has a spinoff podcast! It's called SciShow Tangents. Check it out at http://www.scishowtangents.org\n----------\nSupport SciShow by becoming a patron on Patreon: https://www.patreon.com/scishow\n----------\nHuge thanks go to the following Patreon supporters for helping us keep SciShow free for everyone forever:\n\nBd_Tmprd, Harrison Mills, Jeffrey Mckishen, James Knight, Christoph Schwanke, Jacob, Matt Curls, Sam Buck, Christopher R Boucher, Eric Jensen, Lehel Kovacs, Adam Brainard, Greg, Ash, Sam Lutfi, Piya Shedden, KatieMarie Magnone, Scott Satovsky Jr, Charles Southerland, charles george, Alex Hackman, Chris Peters, Kevin Bealer\n----------\nLooking for SciShow elsewhere on the internet?\nFacebook: http://www.facebook.com/scishow\nTwitter: http://www.twitter.com/scishow\nTumblr: http://scishow.tumblr.com\nInstagram: http://instagram.com/thescishow\n----------\nSources:\nhttps://www.acs.org/content/acs/en/education/whatischemistry/landmarks/alicehamilton.html\nhttps://www.osha.gov/aboutosha/40-years/trianglefactoryfire\nhttps://www.sciencehistory.org/historical-profile/alice-hamilton\nhttps://academic.oup.com/occmed/article/68/4/224/5001592\nhttps://jamanetwork.com/journals/jama/article-abstract/465640\nhttps://academic.oup.com/brain/article/126/1/5/299373\nhttps://academic.oup.com/occmed/article/68/4/224/5001592, https://www.ncbi.nlm.nih.gov/books/NBK532993/\nhttps://www.pbs.org/newshour/health/celebrating-life-alice-hamilton-founding-mother-occupational-medicine\nhttps://www.osha.gov/laws-regs/oshact/completeoshact\nhttps://www.cdc.gov/niosh/programs.html\n\nImage Sources:\nhttps://commons.wikimedia.org/wiki/File:BASF_Werk_Ludwigshafen_1881.JPG\nhttps://commons.wikimedia.org/wiki/File:Ford_assembly_line_-_1913.jpg\nhttps://commons.wikimedia.org/wiki/File:Barrow_Steelworks.jpg\nhttps://commons.wikimedia.org/wiki/File:Hardware_merchandising_January-June_1898_(1898)_(14582725360).jpg\nhttps://commons.wikimedia.org/wiki/File:Alice_Hamilton.jpg\nhttps://commons.wikimedia.org/wiki/File:Alice_Hamilton1.jpg\nhttps://commons.wikimedia.org/wiki/File:Alice_Hamilton_in_an_anatomy_class.jpg\nhttps://commons.wikimedia.org/wiki/File:Dr._Alice_Hamilton.jpg\nhttps://commons.wikimedia.org/wiki/File:The_Hull_House,_Chicago_(front).tif\nhttps://commons.wikimedia.org/wiki/File:Children_standing_in_a_line_on_a_retaining_wall_on_the_grounds_of_Hull_House.jpg\nhttps://commons.wikimedia.org/wiki/File:An_Italian_Home_Near_Hull_House,_1910_LACMA_AC1992.255.1.jpg\nhttps://commons.wikimedia.org/wiki/File:1918_Spanish_Flu.png\nhttps://www.flickr.com/photos/internetarchivebookimages/14782599835/in/photostream/\nhttps://commons.wikimedia.org/wiki/File:People_San_Francisco_Spanish_Flu_1918.webp\nhttps://commons.wikimedia.org/wiki/File:BASA-237K-1-361-22-From_the_Western_theatre_of_War._Storage_camp_for_the_Pumps_and_Lead-Pipes_used_in_supplying_Drinking_Water_at_the_Front..jpg\nhttps://quod.lib.umich.edu/b/bhl/x-hs6237/HS6237?auth=world;lasttype=boolean;lastview=reslist;resnum=8472;size=50;sort=bhl_it;start=8451;subview=detail;view=entry;rgn1=ic_all;q1=bhl", "link": "https://www.youtube.com/watch?v=2XY12HZ_-L4", "date_published": "2020-10-22 00:00:00+00:00", "persistent": false, "user": null, "language": "en-US"}]