[{"source": "https://www.youtube.com/feeds/videos.xml?channel_id=UC2_KC8lshtCyiLApy27raYw", "title": "Scooby Doo 2002: The Best Film Ever Made", "description": "\u201cI awoke in a cold sweat. I had that dream again. The one with the van, the unrelenting dog. A twisted fiend, unholy in nature. He spoke to me, albeit muffled through the dense shrieks of his crew. I should have guessed their motive well before I entered that decrepit town of Coolsville.\nThe easiest way to solve a mystery is to incite it\u2019s creation\u201d - Scooby Doo, 2002\n\ntwitter:\nhttps://twitter.com/KnowledgeHubTy\n\nSoundcloud:\nhttps://soundcloud.com/user-503704039\n\nPatreon:\nhttps://www.patreon.com/theknowledgehub\n\nSecond Channel:\nhttps://www.youtube.com/channel/UC-KL04Ra6E1Du0pFawN4pWg\n\nSpotify:\nhttps://open.spotify.com/artist/3STpelEilrthF8UxsQTaaw?si=52TH_ZKTQhaKhfnK1Jomfg\n\nMy rss website:\nwww.borfed.com\n\nAdditional Clip Sources:\nsboss", "link": "https://www.youtube.com/watch?v=5wa7QxegSFE", "date_published": "2020-10-22 00:00:00+00:00", "persistent": false, "user": null, "language": "en-US"}]