[{"source": "https://www.youtube.com/feeds/videos.xml?channel_id=UCw--xPGVVxYzRsWyV1nFqgg", "title": "SCIFI UNIVERSE TIER LIST", "description": "My tier list for a buncha sci-fi universes. What do you want from me? It's a list. its got universes. ENJOY!\nThe Tier List: https://tierlists.com/create/scifi-universes-bruh\n\nMerch: https://teespring.com/stores/fantasy-news-2\nPatreon: https://www.patreon.com/DanielBGreene\nDiscord Server: https://discord.gg/xUzhVv4\nTwitter: https://twitter.com/DanielBGreene?lang=en\nTwitch: https://www.twitch.tv/fantasynews\nInstagram: https://www.instagram.com/dgreene101/\nSubreddit: https://www.reddit.com/r/danielgreene\nPodcast: https://afictionalconversation.podbean.com/", "link": "https://www.youtube.com/watch?v=9RfXwCgkhUc", "date_published": "2020-10-23 00:00:00+00:00", "persistent": false, "user": null, "language": "en-US"}, {"source": "https://www.youtube.com/feeds/videos.xml?channel_id=UCw--xPGVVxYzRsWyV1nFqgg", "title": "The Invisible Life Of Addie Larue - REVIEW", "description": "My review of Victoria Schwab's The Invisible Life of Addie Larue! \nMerch: https://teespring.com/stores/fantasy-news-2\nPatreon: https://www.patreon.com/DanielBGreene\nDiscord Server: https://discord.gg/xUzhVv4\nTwitter: https://twitter.com/DanielBGreene?lang=en\nTwitch: https://www.twitch.tv/fantasynews\nInstagram: https://www.instagram.com/dgreene101/\nSubreddit: https://www.reddit.com/r/danielgreene\nPodcast: https://afictionalconversation.podbean.com/", "link": "https://www.youtube.com/watch?v=3R5qH5Z_RqE", "date_published": "2020-10-22 00:00:00+00:00", "persistent": false, "user": null, "language": "en-US"}]