[{"source": "https://www.youtube.com/feeds/videos.xml?channel_id=UCAKcSON6PSG_JkTbXh2WdIg", "title": "Sharon Jones and the Dap-Kings - three performances (2008; 2010)", "description": "This Friday, Oct. 23, Sharon Jones and the Dap-Kings will release \"Just Dropped In (To See What Condition My Rendition Was In),\" new album of previously unheard material. During her life, Sharon Jones was a friend of The Current; she visited our studio, performed at Rock the Garden, and cultivated legions of loyal fans among The Current's audience. Here are three performances by the great Sharon Jones and her awesome band, the Dap-Kings.\n\nSONGS PERFORMED\n0:00 \"Let Them Knock\" (2008)\n4:33 \"100 Days, 100 Nights\" (2008)\n8:18 \"Got To Be the Way It Is\" (Rock the Garden 2010)\n\nPERSONNEL\nSharon Jones - vocals\nHomer Steinweiss - drums\nBinky Griptite - guitars\nJoseph M. Crispiano - guitars\nBosco Mann - bass, guitars, orchestral chimes, organ, tambourine, vibraphone\nNeal Sugarman - tenor saxophone, piano\nCochemea Gastelum - baritone saxophone\nDave Guy - trumpet, bass\nFernando \"Boogaloo\" Velez - tambourine, congas\n\nCREDITS\nVideo & Photo: Bo Hakala\nAudio: Michael DeMark\nProduction: Derrick Stevens\n\nFIND MORE:\n2008 studio session:\nhttps://www.thecurrent.org/feature/2008/08/22/sharon-jones-and-the-dap-kings\n2010 Rock the Garden set: https://www.thecurrent.org/feature/2010/06/19/rock-the-garden-2010\n\nSubscribe to our channel:\nhttp://www.youtube.com/user/893TheCurrent?sub_confirmation=1\nLike/Follow:\nhttps://www.facebook.com/TheCurrent/\nhttps://twitter.com/TheCurrent\nhttps://www.instagram.com/thecurrent/\n\n#sharonjones #dapkings #daptonerecords", "link": "https://www.youtube.com/watch?v=pcQMX6NiPWM", "date_published": "2020-10-23 00:00:00+00:00", "persistent": false, "user": null, "language": "en-US"}, {"source": "https://www.youtube.com/feeds/videos.xml?channel_id=UCAKcSON6PSG_JkTbXh2WdIg", "title": "Big Thief - three performances in The Current studio (2017; 2019)", "description": "This Friday, Oct. 23, Adrienne Lenker releases a solo project, \"songs\" and \"instrumentals,\" on 4AD Records. The releases are two distinct collections, both written and recorded in April after Big Thief\u2019s March tour was abruptly cut short due to coronavirus. Lenker settled into a cabin in Massachusetts and recorded the music using an acoustic guitar and a completely analog setup. Lenker's band, Big Thief, have visited The Current studio on a couple of occasions; here are three performances from those sessions.\n\nSONGS PERFORMED\n0:00 \"Mythological Beauty\" (2017)\n4:00 \"Not\" (2019)\n8:23 \"Shoulders\" (2019)\n\nPERSONNEL\nAdrienne Lenker \u2013 guitar and vocals\nBuck Meek \u2013 guitar\nMax Oleartchik \u2013 bass\nJames Krivchenia \u2013 percussion\nMat Davidson (of tourmates Twain) \u2013 piano (2017 guest performer)\n\nCREDITS\nVideo & Photo: Emmet Kowler; Nate Ryan; Mary Mathis\nAudio: Michael DeMark and Matt Lentz (2017)\nProduction: Anna Weggel; Derrick Stevens\n\nFIND MORE:\n2017 studio session: https://www.thecurrent.org/feature/2017/07/05/big-thief-perform-in-the-currents-studios\n2019 studio session: https://www.thecurrent.org/feature/2019/10/21/big-thief-in-studio-two-hands\n\nSubscribe to our channel:\nhttp://www.youtube.com/user/893TheCurrent?sub_confirmation=1\nLike/Follow:\nhttps://www.facebook.com/TheCurrent/\nhttps://twitter.com/TheCurrent\nhttps://www.instagram.com/thecurrent/\n\n#bigthief #adriennelenker #bigthiefmusic", "link": "https://www.youtube.com/watch?v=AGElLaJ-aRQ", "date_published": "2020-10-22 00:00:00+00:00", "persistent": false, "user": null, "language": "en-US"}, {"source": "https://www.youtube.com/feeds/videos.xml?channel_id=UCAKcSON6PSG_JkTbXh2WdIg", "title": "Spencer Tweedy, Lawrence Azerrad, and Daniel Topete on their book \"Mirror Sound\"", "description": "\"Mirror Sound\" is a new book from writer Spencer Tweedy, designer Lawrence Azerrad, and photographer Daniel Topete. The book, subtitled \"A Look Into the People and Processes Behind Self-Recorded Music,\" features the personal studio spaces of artists including Sharon Van Etten, Sadie Dupuis, Mike Eagle, Melina Duterte (Jay Som), Emitt Rhodes, Suzanne Ciani, Laetitia Tamko (Vagabon), Ty Segall, and tUnE-yArDs.\n\nAll three of the book's co-creators hopped on Zoom with The Current's Jay Gabler to share their insights, their favorite moments making the book - and their wish list of recording spaces to visit next.\n\nSubscribe to our channel:\nhttp://www.youtube.com/user/893TheCurrent?sub_confirmation=1\nLike/Follow:\nhttps://www.facebook.com/TheCurrent/\nhttps://twitter.com/TheCurrent\nhttps://www.instagram.com/thecurrent/", "link": "https://www.youtube.com/watch?v=lnVMfS6QrBE", "date_published": "2020-10-22 00:00:00+00:00", "persistent": false, "user": null, "language": "en-US"}]