[{"source": "https://www.youtube.com/feeds/videos.xml?channel_id=UC7v3-2K1N84V67IF-WTRG-Q", "title": "The Gentlemen - Movie Review", "description": "Go to https://buyraycon.com/jahns for 15% off your order. Brought to you by Raycon!\n\nGuy Richie brings us what could be a return to form for him. Here's my review for THE GENTLEMEN!\n\n#TheGentlemen", "link": "https://www.youtube.com/watch?v=qjVcZ5PRChI", "date_published": "2020-01-23 00:00:00+00:00", "persistent": false, "user": null, "language": "en-US"}]