[{"source": "https://www.youtube.com/feeds/videos.xml?channel_id=UCswH8ovgUp5Bdg-0_JTYFNw", "title": "How I Pray & Meditate | Russell Brand", "description": "We're on Day 11 of the free course - 1 day left to take a look!\nCheck it out here: https://www.onecommune.com/a/20323/cGftrerE \n\nSubscribe to my channel here: http://tinyurl.com/opragcg\n(make sure to hit the BELL icon to be notified of new videos!)\n\nListen to my Under The Skin podcast here: \nhttp://luminary.link/russell\n\nGet my book \"Recovery\" here: https://amzn.to/2R7c810\nGet my book \"Mentors\" here (and as an audiobook!): https://amzn.to/2t0Zu9U\n\nInstagram: http://instagram.com/russellbrand/\nTwitter: http://twitter.com/rustyrockets", "link": "https://www.youtube.com/watch?v=WoYG9vJ7CPY", "date_published": "2020-01-23 00:00:00+00:00", "persistent": false, "user": null, "language": "en-US"}, {"source": "https://www.youtube.com/feeds/videos.xml?channel_id=UCswH8ovgUp5Bdg-0_JTYFNw", "title": "Why Are These 3 Places BANNED From The Surveillance State?", "description": "A clip from my upcoming Under The Skin podcast with science communicator Ziya Tong. Ziya is author of The Reality Bubble: Blind Spots, Hidden Truths, and the Dangerous Illusions that Shape Our World. You can listen to the full podcast this Saturday 25th Jan only on Luminary - get the app here: http://luminary.link/russell\n\nCome see me live on my Recovery Live tour in Australia, New Zealand and Canada - check the dates and get tickets here: https://www.russellbrand.com/live/\n\nSubscribe to my channel here: http://tinyurl.com/opragcg\n(make sure to hit the BELL icon to be notified of new videos!)\n\nListen to my Under The Skin podcast here: \nhttp://luminary.link/russell\n\nGet my book \"Recovery\" here: https://amzn.to/2R7c810\nGet my book \"Mentors\" here (and as an audiobook!): https://amzn.to/2t0Zu9U\n\nInstagram: http://instagram.com/russellbrand/\nTwitter: http://twitter.com/rustyrockets\n\nProduced by Jenny May Finn (Instagram: @jennymayfinn)", "link": "https://www.youtube.com/watch?v=Cvr94hqG34c", "date_published": "2020-01-22 00:00:00+00:00", "persistent": false, "user": null, "language": "en-US"}]