[{"source": "https://www.youtube.com/feeds/videos.xml?channel_id=UCwSv086EAByBY-Z7y-QR_cQ", "title": "Prawdziwe powody blokady budowy fabryki Tesli pod Berlinem", "description": "\ud83e\udd2a Mi\u0142o, \u017ce tutaj zajrza\u0142e\u015b.  Zapraszam do ogl\u0105dania.\n\n\u2b07\ufe0fRozwi\u0144 opis\u2b07\ufe0f\n-------------------------------------------------------------\n\ud83d\udc40 Mroczne Podcasty: https://goo.gl/cdCFKe\n\ud83d\udc40 Hello World_: http://bit.ly/31BEhnv\n\ud83d\udc40 Tatusiek: http://bit.ly/3aSCheE\n-------------------------------------------------------------\n\ud83d\udc40 twitter: http://bit.ly/2B6jTPd\n-------------------------------------------------------------\n\u2709\ufe0f Ludzie listy pisz\u0105 \n\ud83d\udd8a\ufe0f uszi@protonmail.com\n-------------------------------------------------------------\n\ud83d\udc7a niecenzuralne i agresywne komentarze zostan\u0105 usuni\u0119te.  Jak ju\u017c musisz zakl\u0105\u0107 dawaj znaki (&*%@%).\n-------------------------------------------------------------\n\ud83d\udcb2 wsparcie\n\ud83d\udcb0 http://bit.ly/2ETKSyN\n-------------------------------------------------------------\n\u2705\u017ar\u00f3d\u0142a:\nLink 1:                   http://bit.ly/37Lw6GF\nLink 2:                   http://bit.ly/32goVVJ\nLink 3:                   http://bit.ly/2SHc2B0\nLink 4:                   http://bit.ly/2wzhhdp\nLink 5:                   http://bit.ly/2wzhiOv\nLink 6:                   https://s.nikkei.com/2SGWhKh\nLink 7:                   https://dailym.ai/2Pb9SHF\nLink 8:                   http://bit.ly/38KY7Q2\nLink 9:                   http://bit.ly/38FWHWS\n-------------------------------------------------------------\n\ud83d\uddbcGrafika: \ntesla.com - http://bit.ly/32dhTBc\n-------------------------------------------------------------\n\ud83d\udca1 Tagi: #tesla #ekologia\n-------------------------------------------------------------", "link": "https://www.youtube.com/watch?v=8sd-mYQPWBs", "date_published": "2020-02-21 00:00:00+00:00", "persistent": false, "user": null, "language": "en-US"}]