[{"source": "https://www.youtube.com/feeds/videos.xml?channel_id=UCXuqSBlHAE6Xw-yeJA0Tunw", "title": "I WAS RIGHT!! - WAN Show Feb 21, 2020", "description": "For your unrestricted 30 days free trial, go to https://www.freshbooks.com/WAN and enter in \u201cThe WAN Show\u201d in the how you heard about us section.\n\nSave 15% today with offer code LTT on Displate at https://lmg.gg/displatewan\n\nSign up for Private Internet Access VPN at https://lmg.gg/piawan\n\nBuy an LTT shirt, hoodie, hat, and even our own water bottle at https://lmg.gg/wanlttstore\n\nLTX2020, Save the Date - August 8+9, 2020 - https://www.ltxexpo.com/\n\nCheck out Carpool Critics, our new movie podcast: http://carpoolcritics.libsyn.com/\n\nPodcast Download: http://traffic.libsyn.com/linustechtips/I_WAS_RIGHT_-_WAN_Show_Feb_21_2020.mp3\n\nTimestamps: (Courtesy of Loshan T)\n\n0:20: Luke gives an overview of today's WAN show\n1:25 Intro\n1:56: Linus on YouTube's Premier VoD system\n4:58: 1st topic - Nissan Switch a cars-as-a-service subscription scheme\n11:03: More info on Nissan vehicle subscription scheme.\n12:00 - 13:50: \"I will never drink off-brand cola\" & \"I have never experienced the urge to pee that suddenly and that badly [...] in my life\"\n15:20 Story on how Linus purchase's a minivan.\n24:20: back to the first topic yet again...\n28:25:  Sponsors\n36:33: 2nd topic - Swiss halts their rollout of 5G over health concerns\n38:42: discussion on insomnia over 5g health concerns & anxiety being caused by RF \n42:35: TCL slide-out display phone images leaked\n43:21: Luke wants Linus to 'enhance' the leaked images, and they analyse the photos in great detail!\n45:58 HTC Project Proton\n47:39: Linus reads a 'funny' superchat.\n48:44: PCI Express 6.0\n51:00: Superchat donations\n52:51: LTX Expo info + confirmed creators roster.\n58:51: \"WAIT! WAIT!\": LTT Minecraft server reveal!!!", "link": "https://www.youtube.com/watch?v=7Wm7sEn8Mc8", "date_published": "2020-02-21 00:00:00+00:00", "persistent": false, "user": null, "language": "en-US"}, {"source": "https://www.youtube.com/feeds/videos.xml?channel_id=UCXuqSBlHAE6Xw-yeJA0Tunw", "title": "Unboxing 3 PETABYTES of storage!!", "description": "Monitor and manage your PC in real-time with Pulseway! Create your free account today at https://geni.us/cbwBy\n\nSmartDeploy: Modern endpoint management for IT. Get your exclusive free offer at https://lmg.gg/E7pvL\n\nThanks 45Drives for continuing to support our crazy server projects!!! Show them some love at https://www.45drives.com/ and https://twitter.com/45Drives\n\nWhat's better than one petabyte of storage?...\n\nBuy Seagate Exos on Amazon (PAID LINK): https://geni.us/ZaXumr\n\nPurchases made through some store links may provide some compensation to Linus Media Group.\n\nDiscuss on the forum: https://linustechtips.com/main/topic/1157544-unboxing-3-petabytes-of-storage/\n\nOur Affiliates, Referral Programs, and Sponsors: https://lmg.gg/sponsors'\nGet Private Internet Access VPN at https://lmg.gg/pialinus2\nGet a Displate Metal Print at https://lmg.gg/displateltt\nGet a 30-day free trial of Amazon Prime at https://lmg.gg/8KV1v\n\nLinus Tech Tips merchandise at http://www.LTTStore.com/ \nOur Test Benches on Amazon: https://www.amazon.com/shop/linustechtips \nOur production gear: http://geni.us/cvOS\nCome see us at LTX 2020: https://www.ltxexpo.com/\n\nTwitter - https://twitter.com/linustech\nFacebook - http://www.facebook.com/LinusTech\nInstagram - https://www.instagram.com/linustech\nTwitch - https://www.twitch.tv/linustech \n\nIntro Screen Music Credit:\nTitle: Laszlo - Supernova\nVideo Link: https://www.youtube.com/watch?v=PKfxmFU3lWY\niTunes Download Link: https://itunes.apple.com/us/album/supernova/id936805712\nArtist Link: https://soundcloud.com/laszlomusic\n\nOutro Screen Music Credit: Approaching Nirvana - Sugar High http://www.youtube.com/approachingnirvana", "link": "https://www.youtube.com/watch?v=EtZXMj_gUjU", "date_published": "2020-02-20 00:00:00+00:00", "persistent": false, "user": null, "language": "en-US"}]