[{"source": "http://feeds.bbci.co.uk/news/rss.xml", "title": "Jurgen Klopp tells young Man Utd fan 'I can't make Liverpool lose'", "description": "Donegal schoolboy Daragh Curley asked the Liverpool manager if his side could lose some matches.", "link": "https://www.bbc.co.uk/news/uk-northern-ireland-foyle-west-51580401", "date_published": "2020-02-20 23:49:21+00:00", "persistent": false, "user": null, "language": "en-US"}, {"source": "http://feeds.bbci.co.uk/news/rss.xml", "title": "Grace Millane case: 'I went on a date with her killer after her murder'", "description": "\"It was a very strange insight into what someone's brain does after they do something like that.\"", "link": "https://www.bbc.co.uk/news/uk-england-essex-51563388", "date_published": "2020-02-20 21:55:39+00:00", "persistent": false, "user": null, "language": "en-US"}, {"source": "http://feeds.bbci.co.uk/news/rss.xml", "title": "What are the rules on workplace surveillance?", "description": "Barclays is one of many companies to have used technology to monitor the activity of its staff.", "link": "https://www.bbc.co.uk/news/explainers-51571684", "date_published": "2020-02-20 19:42:25+00:00", "persistent": false, "user": null, "language": "en-US"}, {"source": "http://feeds.bbci.co.uk/news/rss.xml", "title": "Middlesbrough police officers help deliver baby on lunch break", "description": "The police officers were on their way back to base when they were flagged down.", "link": "https://www.bbc.co.uk/news/uk-england-tees-51578980", "date_published": "2020-02-20 18:07:18+00:00", "persistent": false, "user": null, "language": "en-US"}, {"source": "http://feeds.bbci.co.uk/news/rss.xml", "title": "Men tell of rescuing woman from submerged car roof", "description": "Two men waded into floodwater to rescue a woman trapped on the roof of her submerged car for 12 hours.", "link": "https://www.bbc.co.uk/news/uk-england-gloucestershire-51573683", "date_published": "2020-02-20 16:58:36+00:00", "persistent": false, "user": null, "language": "en-US"}, {"source": "http://feeds.bbci.co.uk/news/rss.xml", "title": "Hanau shooting: Has Germany done enough to tackle far-right terror threat?", "description": "The Hanau crime fuels fears that Germany has underestimated the far-right terror threat.", "link": "https://www.bbc.co.uk/news/world-europe-51571177", "date_published": "2020-02-20 15:52:53+00:00", "persistent": false, "user": null, "language": "en-US"}, {"source": "http://feeds.bbci.co.uk/news/rss.xml", "title": "Caroline Flack death: Hairdressers bin gossip magazines", "description": "One salon owner said she did not want to see pages of fat-shaming and celebrities without make-up.", "link": "https://www.bbc.co.uk/news/uk-england-51564975", "date_published": "2020-02-20 14:48:15+00:00", "persistent": false, "user": null, "language": "en-US"}, {"source": "http://feeds.bbci.co.uk/news/rss.xml", "title": "Your pictures on the theme of 'uphill'", "description": "Each week, we publish a gallery of readers' pictures on a set theme. This week it is \"uphill\"", "link": "https://www.bbc.co.uk/news/in-pictures-51575345", "date_published": "2020-02-20 14:23:41+00:00", "persistent": false, "user": null, "language": "en-US"}, {"source": "http://feeds.bbci.co.uk/news/rss.xml", "title": "Priti Patel 'tried to move top civil servant'", "description": "The home secretary and her official disagreed but she did not bully him, a source tells the BBC.", "link": "https://www.bbc.co.uk/news/uk-politics-51571619", "date_published": "2020-02-20 12:26:04+00:00", "persistent": false, "user": null, "language": "en-US"}, {"source": "http://feeds.bbci.co.uk/news/rss.xml", "title": "Weather: Parts of UK could see a month's rain in 24 hours amid floods", "description": "Downpours continue as some areas struggle to cope with flooding in the wake of Storm Dennis.", "link": "https://www.bbc.co.uk/news/uk-51567635", "date_published": "2020-02-20 12:14:20+00:00", "persistent": false, "user": null, "language": "en-US"}, {"source": "http://feeds.bbci.co.uk/news/rss.xml", "title": "Germany shooting: 'Far-right extremist' carried out shisha bars attacks", "description": "Nine people were shot dead in two shisha bars in Hanau in a case being investigated as terrorism.", "link": "https://www.bbc.co.uk/news/world-europe-51567971", "date_published": "2020-02-20 12:04:10+00:00", "persistent": false, "user": null, "language": "en-US"}, {"source": "http://feeds.bbci.co.uk/news/rss.xml", "title": "Wales recall Davies and Moriarty to face France", "description": "Wales recall scrum-half Gareth Davies and flanker Ross Moriarty to face France in the Six Nations as coach Wayne Pivac makes two changes.", "link": "https://www.bbc.co.uk/sport/rugby-union/51566590", "date_published": "2020-02-20 12:00:52+00:00", "persistent": false, "user": null, "language": "en-US"}, {"source": "http://feeds.bbci.co.uk/news/rss.xml", "title": "Tony Blair: Labour hopefuls must offer radical change", "description": "The ex-PM says the party faces a \"make-or-break\" moment after losing four elections in a row.", "link": "https://www.bbc.co.uk/news/uk-politics-51560294", "date_published": "2020-02-20 11:53:47+00:00", "persistent": false, "user": null, "language": "en-US"}, {"source": "http://feeds.bbci.co.uk/news/rss.xml", "title": "Two dead as Sydney to Melbourne passenger train derails", "description": "Others are injured as a train crashes near the Australian town of Wallan, in Victoria.", "link": "https://www.bbc.co.uk/news/world-australia-51573326", "date_published": "2020-02-20 11:46:58+00:00", "persistent": false, "user": null, "language": "en-US"}, {"source": "http://feeds.bbci.co.uk/news/rss.xml", "title": "Double murder probe after men stabbed at Dudley cannabis farm", "description": "The men were injured in a street fight after a group had tried to break into a house, police say.", "link": "https://www.bbc.co.uk/news/uk-england-birmingham-51572165", "date_published": "2020-02-20 11:37:27+00:00", "persistent": false, "user": null, "language": "en-US"}, {"source": "http://feeds.bbci.co.uk/news/rss.xml", "title": "Rikki Neave: Man appears in court charged with murder", "description": "James Watson is accused of killing six-year-old Rikki Neave who was found strangled in woodland.", "link": "https://www.bbc.co.uk/news/uk-england-cambridgeshire-51571685", "date_published": "2020-02-20 11:31:47+00:00", "persistent": false, "user": null, "language": "en-US"}, {"source": "http://feeds.bbci.co.uk/news/rss.xml", "title": "Federer out of French Open after knee surgery", "description": "Roger Federer, the 20-time Grand Slam champion, will miss this year's French Open after having surgery on his right knee.", "link": "https://www.bbc.co.uk/sport/tennis/51571497", "date_published": "2020-02-20 10:55:23+00:00", "persistent": false, "user": null, "language": "en-US"}, {"source": "http://feeds.bbci.co.uk/news/rss.xml", "title": "Samsung explains mystery alert sent overnight", "description": "The company says it sent the strange \"1\" alert to Samsung devices by mistake.", "link": "https://www.bbc.co.uk/news/technology-51572775", "date_published": "2020-02-20 10:54:36+00:00", "persistent": false, "user": null, "language": "en-US"}, {"source": "http://feeds.bbci.co.uk/news/rss.xml", "title": "Coronavirus: Britons on Diamond Princess cruise ship to be flown home", "description": "Only those who are well can travel, and they will be quarantined on their return, it is understood.", "link": "https://www.bbc.co.uk/news/uk-51568058", "date_published": "2020-02-20 10:35:51+00:00", "persistent": false, "user": null, "language": "en-US"}, {"source": "http://feeds.bbci.co.uk/news/rss.xml", "title": "Man, 77, speaks out about fighting off would-be mugger", "description": "Trevor Weston was at a cash machine and says the man threatened to stab him.", "link": "https://www.bbc.co.uk/news/uk-wales-51564742", "date_published": "2020-02-20 10:31:22+00:00", "persistent": false, "user": null, "language": "en-US"}, {"source": "http://feeds.bbci.co.uk/news/rss.xml", "title": "Dame Julie Walters reveals shock of bowel cancer diagnosis", "description": "The actress tells Victoria Derbyshire her next film, The Secret Garden, could possibly be her last.", "link": "https://www.bbc.co.uk/news/entertainment-arts-51558450", "date_published": "2020-02-20 08:49:26+00:00", "persistent": false, "user": null, "language": "en-US"}, {"source": "http://feeds.bbci.co.uk/news/rss.xml", "title": "'Birdgirl' Mya-Rose Craig to get Bristol University honorary doctorate", "description": "Mya-Rose Craig has been campaigning for equality in the environmental movement since 2015.", "link": "https://www.bbc.co.uk/news/uk-england-bristol-51561747", "date_published": "2020-02-20 08:21:19+00:00", "persistent": false, "user": null, "language": "en-US"}, {"source": "http://feeds.bbci.co.uk/news/rss.xml", "title": "Aiming high but with realism setting in - where next for Wolves after rapid rise?", "description": "As Wolves prepare for their Europa League last-32 tie, BBC Sport's Simon Stone looks at how a club that languished in League One six years ago are now hoping to continue their rise.", "link": "https://www.bbc.co.uk/sport/football/51539821", "date_published": "2020-02-20 06:44:48+00:00", "persistent": false, "user": null, "language": "en-US"}, {"source": "http://feeds.bbci.co.uk/news/rss.xml", "title": "Roma set to talk to other clubs about missing children campaign", "description": "Roma are set to have talks with other European clubs about raising awareness of missing children after a groundbreaking social media campaign.", "link": "https://www.bbc.co.uk/sport/football/51561988", "date_published": "2020-02-20 06:06:02+00:00", "persistent": false, "user": null, "language": "en-US"}, {"source": "http://feeds.bbci.co.uk/news/rss.xml", "title": "Newspaper headlines: Immigration plan 'backlash' and flooding crisis", "description": "Thursday's front pages carry a wide mix of stories, including reaction to the government's immigration plan.", "link": "https://www.bbc.co.uk/news/blogs-the-papers-51567465", "date_published": "2020-02-20 05:52:27+00:00", "persistent": false, "user": null, "language": "en-US"}, {"source": "http://feeds.bbci.co.uk/news/rss.xml", "title": "Grace Millane murder: Killer's sentencing 'is not closure'", "description": "\"Grace is gone\", her cousin says in a BBC interview, and no jail term will change the fact.", "link": "https://www.bbc.co.uk/news/uk-51568598", "date_published": "2020-02-20 05:11:13+00:00", "persistent": false, "user": null, "language": "en-US"}, {"source": "http://feeds.bbci.co.uk/news/rss.xml", "title": "\u2018I was labelled a bad kid when mum went to prison\u2019", "description": "Toni was 11 when her mum first when to prison, she's now 21 and speaks about her experiences.", "link": "https://www.bbc.co.uk/news/newsbeat-51563775", "date_published": "2020-02-20 03:11:27+00:00", "persistent": false, "user": null, "language": "en-US"}, {"source": "http://feeds.bbci.co.uk/news/rss.xml", "title": "'Until I met my debt mentor, I couldn't always feed my kids'", "description": "Audie was in debt and losing hope. But Jeannette, who'd once been in debt herself, was able to help.", "link": "https://www.bbc.co.uk/news/stories-51551931", "date_published": "2020-02-20 03:11:01+00:00", "persistent": false, "user": null, "language": "en-US"}, {"source": "http://feeds.bbci.co.uk/news/rss.xml", "title": "Australia weather: 'We\u2019ve gone from hell to high water'", "description": "Australians recount the drought, dust, fire and floods of one of the most turbulent summers in memory.", "link": "https://www.bbc.co.uk/news/world-australia-51499687", "date_published": "2020-02-20 01:50:12+00:00", "persistent": false, "user": null, "language": "en-US"}, {"source": "http://feeds.bbci.co.uk/news/rss.xml", "title": "How a stolen safe changed a burglar's life", "description": "When Matthew Hahn saw what was inside a safe he had stolen, he knew he had to do something", "link": "https://www.bbc.co.uk/news/world-us-canada-51406210", "date_published": "2020-02-20 01:23:55+00:00", "persistent": false, "user": null, "language": "en-US"}, {"source": "http://feeds.bbci.co.uk/news/rss.xml", "title": "In pictures: The battle of the oranges", "description": "Once a year the citizens of the old medieval town of Ivrea gather in the main square to hurl oranges.", "link": "https://www.bbc.co.uk/news/in-pictures-51474989", "date_published": "2020-02-20 01:19:22+00:00", "persistent": false, "user": null, "language": "en-US"}, {"source": "http://feeds.bbci.co.uk/news/rss.xml", "title": "Sinophobia: How a virus reveals the many ways China is feared", "description": "A wave of discrimination that's emerged with the coronavirus crisis shows how differently the world views China.", "link": "https://www.bbc.co.uk/news/world-asia-51456056", "date_published": "2020-02-20 00:37:57+00:00", "persistent": false, "user": null, "language": "en-US"}, {"source": "http://feeds.bbci.co.uk/news/rss.xml", "title": "Sinn Fein surge puts Irish economy in the spotlight", "description": "As the Irish parliament convenes to try to choose its new leader, concerns about inequality linger.", "link": "https://www.bbc.co.uk/news/business-51539521", "date_published": "2020-02-20 00:27:19+00:00", "persistent": false, "user": null, "language": "en-US"}, {"source": "http://feeds.bbci.co.uk/news/rss.xml", "title": "My Money: 'My husband and I have 90 minutes alone together each week'", "description": "As part of a new BBC blog series, Maura Hannon from Switzerland shares what she spent her money on this week.", "link": "https://www.bbc.co.uk/news/business-51492742", "date_published": "2020-02-20 00:25:19+00:00", "persistent": false, "user": null, "language": "en-US"}, {"source": "http://feeds.bbci.co.uk/news/rss.xml", "title": "Coronavirus: Walking through Beijing's near-empty streets", "description": "The city is unrecognisable as people work from home and avoid going out.", "link": "https://www.bbc.co.uk/news/world-asia-51565016", "date_published": "2020-02-20 00:06:43+00:00", "persistent": false, "user": null, "language": "en-US"}, {"source": "http://feeds.bbci.co.uk/news/rss.xml", "title": "Seeing double: The Indian town filled with twins", "description": "One town in the south Indian state of Tamil Nadu is home to hundreds of twins and no-one knows why.", "link": "https://www.bbc.co.uk/news/world-asia-india-51559350", "date_published": "2020-02-20 00:04:40+00:00", "persistent": false, "user": null, "language": "en-US"}, {"source": "http://feeds.bbci.co.uk/news/rss.xml", "title": "'Sinister, with a typical twist' - How Sochi 2014 'changed four lives forever'", "description": "A celebration five years late. A doping saga still serving up plot twists. Meet the four bobsleighers whose lives changed forever after Sochi 2014.", "link": "https://www.bbc.co.uk/sport/winter-sports/50820662", "date_published": "2020-02-20 00:04:19+00:00", "persistent": false, "user": null, "language": "en-US"}, {"source": "http://feeds.bbci.co.uk/news/rss.xml", "title": "No-fault evictions: 'Our lives are falling apart'", "description": "Becky Palmer and her family were given two months to leave a home they had rented for 12 years.", "link": "https://www.bbc.co.uk/news/business-51508286", "date_published": "2020-02-20 00:02:41+00:00", "persistent": false, "user": null, "language": "en-US"}]