[{"source": "https://www.youtube.com/feeds/videos.xml?channel_id=UCBJycsmduvYEL83R_U4JriQ", "title": "Galaxy Z Flip vs Moto RAZR 2020: 10 Differences!", "description": "Samsung Galaxy Z Flip vs RAZR 2020 - we finally have context for folding phones!\nGalaxy Z Flip Unboxing: https://youtu.be/dPaHNTnN0eE\nMotorola RAZR First Look: https://youtu.be/lCKcFFDgtNk\n\nMKBHD Merch: http://shop.MKBHD.com\n\nVideo Gear I use: http://kit.co/MKBHD/video-gear#recom...\nTech I'm using right now: https://www.amazon.com/shop/MKBHD\n\nPlaylist of MKBHD Intro music: https://goo.gl/B3AWV5\n\n~\nhttp://twitter.com/MKBHD\nhttp://instagram.com/MKBHD\nhttp://facebook.com/MKBHD", "link": "https://www.youtube.com/watch?v=mx8ZDMb5MBg", "date_published": "2020-02-21 00:00:00+00:00", "persistent": false, "user": null, "language": "en-US"}]