[{"source": "https://www.youtube.com/feeds/videos.xml?channel_id=UC8RfCCzWsMgNspTI-GTFenQ", "title": "PRIMARCH, SQUADS & CERASTUS CASTIGATOR KNIGHT - LT's ARMY UPDATE 1.1 | WARHAMMER 40K MINIS", "description": "\u25ba Siege Studios Courses 2020: https://siegestudios.bigcartel.com/\n\u25ba Subscribe: http://goo.gl/oeZMBS \n\u25ba Goblin Gaming: (Get - 20% off 40K Products) https://tinyurl.com/6vwcayvj\n\u25ba Premium Storage Solutions: https://www.crystal-fortress.com/\n\u25ba Patreon: https://www.patreon.com/Luetin \n\u25ba Twitch: http://www.twitch.tv/Luetin\n\u25ba Twitter: http://twitter.com/luetin09\n\n\u25ba BGM Credits:\n\u25ba Kevin MacLeod (Royalty Free Music): http://incompetech.com/music/\n\u25ba https://epidemicsound.com\n\nThis video is an opinion editorial commentary.\nCopyright Disclaimer Under Section 107 of the Copyright Act 1976, allowance is made for fair use purposes such as criticism, commentary, parody, news reporting, teaching, scholarship, and research.\n\nAll works used in this video (Images, audio etc) belong to their respective authors\n(This does not include the audio commentary or licensed BGM).\n\nGames workshop, Warhammer 40,000, Warhammer, 40k, Space Marine Etc are all Trademarks of Games Workshop Ltd. Games Workshop does not endorse or support the 'Lore' videos. All views and opinions expressed in this video belong to Luetin09 and in no way reflect the views or opinions of Games Workshop Ltd.", "link": "https://www.youtube.com/watch?v=zZv4nkDl6dA", "date_published": "2020-02-21 00:00:00+00:00", "persistent": false, "user": null, "language": "en-US"}]