[{"source": "https://www.youtube.com/feeds/videos.xml?channel_id=UCNvzD7Z-g64bPXxGzaQaa4g", "title": "Top 13 NEW Horror Games of 2020", "description": "Looking forward to horror games in 2020? Here are some to keep an eye on for PC, PS4, Xbox One, Switch, and beyond.\nSubscribe for more: http://youtube.com/gameranxtv\n\n#13 Someday You'll Return\n\nPlatform: PC PS4 XBOX ONE\n\nRelease date: April 14, 2020\n\n\n\n#12 Unholy\n\nPlatform: PC\n\nRelease date: TBA 2020\n\n\n\n#11 Paranormal HK\n\nPlatform: PC\n\nRelease date: Jan 6, 2020\n\n\n\n#10 Sons of the Forest\n\nPlatform: PC\n\nRelease date: TBA 2020\n\n\n\n#9 Once Upon A Time In Roswell\n\nPlatform: PC PS4 XBOX ONE\n\nRelease date: Q4 2020\n\n\n\n#8 The Outlast Trials\n\nPlatform: PC PS4 XBOX ONE\n\nRelease date: TBA 2020\n\n\n\n#7 Paranoid\n\nPlatform: PC\n\nRelease date: TBA 2020\n\n\n\n#6 WORLD OF HORROR\n\nPlatform: PC PS4 Switch\n\nRelease date: FEBRUARY 20, 2020\n\n\n\n#5 Little Nightmares 2\n\nPlatform: PC PS4 XBOX ONE SWITCH\n\nRelease date: 2020\n\n\n\n#4 Remothered: Broken Porcelain\n\nPlatform: PC PS4 XBOX ONE SWITCH\n\nRelease date: Q3 2020\n\n\n\n#3 The Last of Us Part 2\n\nPlatform: PS4\n\nRelease date: May 29, 2020\n\n\n\n#2 Amnesia: Rebirth\n\nPlatform: PC PS4\n\nRelease date: TBA 2020\n\n\n\n#1 Resident Evil 3\n\nPlatform: PC PS4 XBOX ONE\n\nRelease date: April 3, 2020\n\n\n\nBONUS\n\nThe Dark Pictures Anthology: Little Hope\n\nPlatform: Xbox One, PC, PS4\n\nRelease date: Q3 2020\n\n\n\nScorn\n\nPlatform: PC\n\nRelease date: TBA 2020\n\n\n\nThose Who Remain\n\nPlatform: Xbox One, PC, PS4, Nintendo Switch\n\nRelease date: June 2020", "link": "https://www.youtube.com/watch?v=hMTHjG-BJPY", "date_published": "2020-03-23 00:00:00+00:00", "persistent": false, "user": null, "language": "en-US"}, {"source": "https://www.youtube.com/feeds/videos.xml?channel_id=UCNvzD7Z-g64bPXxGzaQaa4g", "title": "DOOM ETERNAL: Top 10 Secrets & Easter Eggs", "description": "Doom Eternal (PC, PS4, Xbox One) is littered with tons of secrets, Easter eggs, and references. Here are our favorites.\nSubscribe for more: http://youtube.com/gameranxtv", "link": "https://www.youtube.com/watch?v=EhAm5nH0G48", "date_published": "2020-03-22 00:00:00+00:00", "persistent": false, "user": null, "language": "en-US"}]