[{"source": "http://feeds.bbci.co.uk/news/rss.xml", "title": "'Stay at home' - Doctors and nurses appeal to UK", "description": "\"If you choose to stay at home, you will save lives,\" say those on the front line in the coronavirus crisis.", "link": "https://www.bbc.co.uk/news/uk-northern-ireland-51999437", "date_published": "2020-03-22 23:14:27+00:00", "persistent": false, "user": null, "language": "en-US"}, {"source": "http://feeds.bbci.co.uk/news/rss.xml", "title": "Advice for people with health conditions", "description": "Older people and those with pre-existing medical conditions are more vulnerable to the virus.", "link": "https://www.bbc.co.uk/news/health-51703892", "date_published": "2020-03-22 13:54:23+00:00", "persistent": false, "user": null, "language": "en-US"}, {"source": "http://feeds.bbci.co.uk/news/rss.xml", "title": "Marouane Fellaini: Former Manchester United midfielder tests positive for coronavirus", "description": "Former Manchester United midfielder Marouane Fellaini confirms he has tested positive for coronavirus.", "link": "https://www.bbc.co.uk/sport/football/51995470", "date_published": "2020-03-22 12:06:17+00:00", "persistent": false, "user": null, "language": "en-US"}, {"source": "http://feeds.bbci.co.uk/news/rss.xml", "title": "Coronavirus: Boris Johnson in Mother's Day warning amid concern for NHS", "description": "Avoid visiting loved ones to prevent the NHS becoming \"overwhelmed\", Boris Johnson tells the UK.", "link": "https://www.bbc.co.uk/news/uk-51991887", "date_published": "2020-03-22 12:03:27+00:00", "persistent": false, "user": null, "language": "en-US"}, {"source": "http://feeds.bbci.co.uk/news/rss.xml", "title": "Coronavirus outbreak: 'People would rather give their mum some loo roll'", "description": "Retailers who normally expect a sales boost around Mother's Day are feeling the impact of Covid-19.", "link": "https://www.bbc.co.uk/news/business-51995187", "date_published": "2020-03-22 11:03:57+00:00", "persistent": false, "user": null, "language": "en-US"}, {"source": "http://feeds.bbci.co.uk/news/rss.xml", "title": "Coronavirus: Australia to close pubs, cafes and places of worship", "description": "All states and territories will close pubs, cafes and restaurants as virus cases surge beyond 1,300.", "link": "https://www.bbc.co.uk/news/world-australia-51992357", "date_published": "2020-03-22 11:03:10+00:00", "persistent": false, "user": null, "language": "en-US"}, {"source": "http://feeds.bbci.co.uk/news/rss.xml", "title": "Cigarette leads police to Florida cold case murder suspect", "description": "DNA evidence helped Florida police identify a man suspected of murdering a young mother in 1985.", "link": "https://www.bbc.co.uk/news/world-us-canada-51995055", "date_published": "2020-03-22 11:01:30+00:00", "persistent": false, "user": null, "language": "en-US"}, {"source": "http://feeds.bbci.co.uk/news/rss.xml", "title": "Coronavirus: 'Unprecedented scenes' on Welsh hills", "description": "Car parks and trails could be shut to stop people visiting Snowdonia after it was \"overwhelmed\".", "link": "https://www.bbc.co.uk/news/uk-wales-51994504", "date_published": "2020-03-22 10:59:31+00:00", "persistent": false, "user": null, "language": "en-US"}, {"source": "http://feeds.bbci.co.uk/news/rss.xml", "title": "Coronavirus: Stephen Fry's take on managing anxiety", "description": "Stephen Fry looks at the positives around self-isolation and managing stress.", "link": "https://www.bbc.co.uk/news/uk-51995797", "date_published": "2020-03-22 10:57:21+00:00", "persistent": false, "user": null, "language": "en-US"}, {"source": "http://feeds.bbci.co.uk/news/rss.xml", "title": "Coronavirus: Doctors 'feel like lambs to the slaughter'", "description": "The Doctors' Association's Chair calls for more personal protective equipment for frontline NHS workers.", "link": "https://www.bbc.co.uk/news/health-51995297", "date_published": "2020-03-22 10:10:56+00:00", "persistent": false, "user": null, "language": "en-US"}, {"source": "http://feeds.bbci.co.uk/news/rss.xml", "title": "Runners going solo after coronavirus postponements", "description": "Participants of cancelled events are choosing to carry on with their challenges alone.", "link": "https://www.bbc.co.uk/news/uk-england-51981981", "date_published": "2020-03-22 09:59:18+00:00", "persistent": false, "user": null, "language": "en-US"}, {"source": "http://feeds.bbci.co.uk/news/rss.xml", "title": "Paintballing and strict training rules - how Nuno became one of Europe's elite managers", "description": "Nuno Espirito Santo has made Wolves a European force, but what is he like and what does he expect from his players?", "link": "https://www.bbc.co.uk/sport/football/51962924", "date_published": "2020-03-22 09:31:58+00:00", "persistent": false, "user": null, "language": "en-US"}, {"source": "http://feeds.bbci.co.uk/news/rss.xml", "title": "Newspaper headlines: 'Stay home alone to save your life'", "description": "Boris Johnson's plea for people not to visit loved ones on Mother's Day dominates the front pages.", "link": "https://www.bbc.co.uk/news/blogs-the-papers-51991952", "date_published": "2020-03-22 04:48:17+00:00", "persistent": false, "user": null, "language": "en-US"}, {"source": "http://feeds.bbci.co.uk/news/rss.xml", "title": "Step-by-step guide: How to video call your family", "description": "This guide will show you how to make and receive video calls on a variety of devices.", "link": "https://www.bbc.co.uk/news/technology-51968122", "date_published": "2020-03-22 00:43:43+00:00", "persistent": false, "user": null, "language": "en-US"}, {"source": "http://feeds.bbci.co.uk/news/rss.xml", "title": "Coronavirus: Lombardy region announces stricter measures", "description": "More than 4,825 people have died in Italy since the coronavirus outbreak began.", "link": "https://www.bbc.co.uk/news/world-europe-51991972", "date_published": "2020-03-22 00:33:39+00:00", "persistent": false, "user": null, "language": "en-US"}, {"source": "http://feeds.bbci.co.uk/news/rss.xml", "title": "Coronavirus: How to behave in an epidemic", "description": "Behavioural science is at the heart of the government's planning, writes BBC home editor Mark Easton.", "link": "https://www.bbc.co.uk/news/uk-51991566", "date_published": "2020-03-22 00:28:03+00:00", "persistent": false, "user": null, "language": "en-US"}, {"source": "http://feeds.bbci.co.uk/news/rss.xml", "title": "How the Pet Shop Boys accidentally made the best tour diary in pop history", "description": "How the Pet Shop Boys inadvertently ended up with the best tour diary in pop history.", "link": "https://www.bbc.co.uk/news/entertainment-arts-51979902", "date_published": "2020-03-22 00:19:24+00:00", "persistent": false, "user": null, "language": "en-US"}, {"source": "http://feeds.bbci.co.uk/news/rss.xml", "title": "Coronavirus: Volunteers flock to join community support groups", "description": "An army of volunteers joins Mutual Aid groups to help the vulnerable during the coronavirus crisis.", "link": "https://www.bbc.co.uk/news/uk-england-51978388", "date_published": "2020-03-22 00:12:10+00:00", "persistent": false, "user": null, "language": "en-US"}, {"source": "http://feeds.bbci.co.uk/news/rss.xml", "title": "Coronavirus: A couple, a campervan and a baby", "description": "Laura Truepenny, Ben Humphreys and their daughter Amala had to cut short a year-long European tour.", "link": "https://www.bbc.co.uk/news/uk-england-cornwall-51960646", "date_published": "2020-03-22 00:11:29+00:00", "persistent": false, "user": null, "language": "en-US"}, {"source": "http://feeds.bbci.co.uk/news/rss.xml", "title": "Coronavirus: 'How I'm coping with self-isolation'", "description": "With the impact that coronavirus is having on our daily lives, people are finding new ways to fill their free time.", "link": "https://www.bbc.co.uk/news/newsbeat-51960752", "date_published": "2020-03-22 00:09:05+00:00", "persistent": false, "user": null, "language": "en-US"}, {"source": "http://feeds.bbci.co.uk/news/rss.xml", "title": "Coronavirus: No Russia lockdown as Putin puts on show of calm", "description": "Russia's president intends to defy the spread of coronavirus and push ahead with a national vote.", "link": "https://www.bbc.co.uk/news/world-europe-51972974", "date_published": "2020-03-22 00:05:23+00:00", "persistent": false, "user": null, "language": "en-US"}, {"source": "http://feeds.bbci.co.uk/news/rss.xml", "title": "Coronavirus: Trauma cleaner 'busiest they've ever been'", "description": "The man people call to minimise the risk of coronavirus spreading.", "link": "https://www.bbc.co.uk/news/uk-england-hampshire-51981353", "date_published": "2020-03-22 00:04:14+00:00", "persistent": false, "user": null, "language": "en-US"}, {"source": "http://feeds.bbci.co.uk/news/rss.xml", "title": "How Nigeria's kings lost their power", "description": "The removal of the revered emir of Kano raises questions about the continued role of Nigeria's traditional rulers.", "link": "https://www.bbc.co.uk/news/world-africa-51853564", "date_published": "2020-03-22 00:04:11+00:00", "persistent": false, "user": null, "language": "en-US"}, {"source": "http://feeds.bbci.co.uk/news/rss.xml", "title": "Coronavirus: The rough sleepers who can't self-isolate", "description": "With soup kitchens closing and hostels 'like a Petri dish', homeless people are scared about the future.", "link": "https://www.bbc.co.uk/news/uk-51950920", "date_published": "2020-03-22 00:02:15+00:00", "persistent": false, "user": null, "language": "en-US"}, {"source": "http://feeds.bbci.co.uk/news/rss.xml", "title": "Online festival celebrates arts affected by Covid-19", "description": "Playwright Nick Green launched the Social Distancing Festival to shine a spotlight on lost projects.", "link": "https://www.bbc.co.uk/news/world-us-canada-51969569", "date_published": "2020-03-22 00:01:56+00:00", "persistent": false, "user": null, "language": "en-US"}, {"source": "http://feeds.bbci.co.uk/news/rss.xml", "title": "The virtual reality church that isn't shutting its doors", "description": "Even before the coronavirus pandemic, one church has been experimenting with virtual reality.", "link": "https://www.bbc.co.uk/news/world-51982253", "date_published": "2020-03-22 00:01:38+00:00", "persistent": false, "user": null, "language": "en-US"}, {"source": "http://feeds.bbci.co.uk/news/rss.xml", "title": "How Parsis shaped India's taste for soft drinks", "description": "Over the past two centuries, fizzy drinks have become a $8bn (\u00a36.9bn) industry in India.", "link": "https://www.bbc.co.uk/news/world-asia-india-51942067", "date_published": "2020-03-22 00:01:24+00:00", "persistent": false, "user": null, "language": "en-US"}]