[{"source": "https://www.youtube.com/feeds/videos.xml?channel_id=UC3I2GFN_F8WudD_2jUZbojA", "title": "Hatari - Full Performance (Live on KEXP)", "description": "http://KEXP.ORG presents Hatari performing live at Kex Hostel in Reykjavik during Iceland Airwaves 2019. Recorded November 10, 2019.\n\nSongs:\nSpillingardans\nKla\u0301mstra\u0301kur\nBi\u00f0ro\u0308\u00f0 Mistaka\nKlefi / Samed (feat. Bashar Murad)\n\nAudio: Fri\u00f0finnur Oculus Sigur\u00f0sson\nCameras: Alaia D'Alessandro, Scott Holpainen, Matt Ogaz, Kendall Rock & Baldvin Vernhar\u00f0sson\nEditor: Scott Holpainen\n\nMatth\u00edas Tryggvi Haraldsson - Vocalist \nKlemens Nikul\u00e1sson Hannigan - Vocalist \nEinar Hrafn Stef\u00e1nsson - Drummer \n\nS\u00f3lbj\u00f6rt Sigur\u00f0ard\u00f3ttir - Dancer \n\u00c1str\u00f3s Gu\u00f0j\u00f3nsd\u00f3ttir - Dancer \nAndrean Sigurgeirsson - Dancer \nAlfre\u00f0 J\u00f3nsson - Extra \nJ\u00f3n\u00edna Svensd\u00f3ttir - Extra\nFr\u00ed\u00f0a Kolbr\u00fanar \u00deorkelsd\u00f3ttir - Extra\n\nGabr\u00edel Bjarkason - Light Designer \nSal\u00f3me \u00d3sk J\u00f3nsd\u00f3ttir - Makeup\nKaren Briem - Costume Designer \nHarpa Einarsd\u00f3ttir - Costume Designer \nBaldvin Vernhar\u00f0sson - Co-director \nIngi Kristj\u00e1n Sigurmarsson - Production assistant \n\nhttp://kexp.org\nhttps://www.hatari.is", "link": "https://www.youtube.com/watch?v=Cbhlay8RI4k", "date_published": "2020-03-23 00:00:00+00:00", "persistent": false, "user": null, "language": "en-US"}]