[{"source": "https://www.youtube.com/feeds/videos.xml?channel_id=UCyl5V3-J_Bsy3x-EBCJwepg", "title": "Netflix Movie That Murders Puppies Braver Than \u2018Cuties\u2019", "description": "Kyle and Ethan discuss Netflix releasing films to show how bad something is\u2026 by doing that exact thing. \n\nFULL \u25b6\ufe0f  https://youtu.be/Q-pGA4EeuaQ", "link": "https://www.youtube.com/watch?v=E5UKkS0hHxM", "date_published": "2020-09-20 00:00:00+00:00", "persistent": false, "user": null, "language": "en-US"}, {"source": "https://www.youtube.com/feeds/videos.xml?channel_id=UCyl5V3-J_Bsy3x-EBCJwepg", "title": "When Octobears Attack And Other Bible Stories", "description": "There are a ton of beautiful, inspiring stories in the Bible. We all know about those ones. But there\u2019s also a lot of weird stuff. Kyle and Ethan talk through some of the weirdest.", "link": "https://www.youtube.com/watch?v=Tvybz7H8JIA", "date_published": "2020-09-19 00:00:00+00:00", "persistent": false, "user": null, "language": "en-US"}]