[{"source": "https://www.youtube.com/feeds/videos.xml?channel_id=UCQSpnDG3YsFNf5-qHocF-WQ", "title": "iOS 14 - MAJOR Update: Best New Features", "description": "What's your favorite new features?\n\u25bc Timestamps \u25bc\n0:00 Intro\n0:23 Widgets\n1:30 App Library\n2:53 Compact Calls & Siri\n3:38 Picture-In-Picture\n4:35 Messages Features\n6:11 Privacy Features\n8:34 Change Default Apps\n9:07 Apple Mapps Features\n9:28 Translation App\n9:57 Safari Features\n11:20 Airpods\n11:37 App Clips\n12:18 Hidden Features\n\n\u21d2 Become a channel member for exclusive features! Check it out here: https://www.youtube.com/ThioJoe/join\n\n\u25ac\u25ac\u25ac\u25ac\u25ac\u25ac\u25ac\u25ac\u25ac\u25ac\u25ac\u25ac\u25ac\u25ac\u25ac\u25ac\u25ac\u25ac\u25ac\u25ac\u25ac\u25ac\u25ac\u25ac\u25ac\u25ac\nMerch \u21e8 https://teespring.com/stores/thiojoe\n\n\u21e8 http://Instagram.com/ThioJoe\n\u21e8 http://Twitter.com/ThioJoe\n\u21e8 http://Facebook.com/ThioJoeTV\n\nMy Gear & Equipment \u21e8 https://kit.co/ThioJoe\n\u25ac\u25ac\u25ac\u25ac\u25ac\u25ac\u25ac\u25ac\u25ac\u25ac\u25ac\u25ac\u25ac\u25ac\u25ac\u25ac\u25ac\u25ac\u25ac\u25ac\u25ac\u25ac\u25ac\u25ac\u25ac\u25ac\n\n#iOS14 #iPhone #Tech #ThioJoe", "link": "https://www.youtube.com/watch?v=O7vX7PxrsZM", "date_published": "2020-09-19 00:00:00+00:00", "persistent": false, "user": null, "language": "en-US"}]