[{"source": "https://www.youtube.com/feeds/videos.xml?channel_id=UCF9IOB2TExg3QIBupFtBDxg", "title": "Sunday Global Pandemic", "description": "UK\nCases, + 9,643 \nSymptomatic today 87,286\n\nCOVID doubling every 7 days\n\nAntigen tests, 8,124, 31 August to 13 September\n\nhttps://covid.joinzoe.com/post/update-18-september\n\nNorth of England, Midlands, London\n\nR values\n\nEngland 1.4\n\nScotland 1.3 \n\nWales 1.3\n\nGlasgow, Belfast\n\nR Value, 1.4, England, cases are doubling ever 7 days \n\nSouth West, South East, East doing better\n\nMap and trends\n\nhttps://covid.joinzoe.com/data\n\nDeaths, + 27, = 41,759\n\nhttps://coronavirus.data.gov.uk\n\nLast 8 weeks, 28.8% of deaths not directly caused by COVID-19 (Died WITH)\n\nUS\n\nThe Centers for Disease Control and Prevention (CDC)\n\nhttps://www.medscape.com/viewarticle/937687?src=wnl_edit_tpal&uac=127834AR&impID=2574439&faf=1\n\nhttps://www.cdc.gov/coronavirus/2019-ncov/hcp/testing-overview.html\n\nBefore August 24\n\nEncouraged testing for all those who were exposed.\n\nAugust 24 to September 18\n\nPeople who do not have symptoms may not need to get tested\n\nNow\n\nEncouraged testing for all those who were exposed.\n\nClarifications made on September 18, 2020\n\nDue to the significance of asymptomatic and pre-symptomatic transmission, this guidance further reinforces the need to test asymptomatic persons, including close contacts of a person with documented SARS-CoV-2 infection.\n\nCases\n\n6,706,374\n\n198,099\n\nhttps://covid.cdc.gov/covid-data-tracker/#cases_casesinlast7days\n\nHospitalizations\n\nhttps://gis.cdc.gov/grasp/COVIDNet/COVID19_3.html\n\nItaly\n\nWalter Ricciardi, (Ministry of Health\u2019s scientific expert)\n\nDistancing, masks, and controlling clusters are key\n\nUse of Italy\u2019s contact tracing app \u2018Immuni\u2019\n\nEncouraging flu vaccines\n\nKept its quarantine at 14 days, refusing to shorten it to 7 or 10\n\nAndrea Crisanti, (Molecular parasitologist, University of Padua)\n\nUsing its testing capacity wisely\n\nEvery time we get a positive case, even asymptomatic\nwe test everybody who is part of the family, social and work networks of that person\n\nThis is how all our clusters are now being handled   \n\nrapidly pinpointing new positives, intercepting new outbreaks by isolating all the closest contacts\n\nItaly did encourage foreign tourists\n\nClamped down on the party scene, prohibiting dancing in nightclubs August 17\n\nWidespread civic adhesion to mask-wearing\n\nReality TV, hospital, morgues\n\nbut\n\nSchools just starting\n\nMore going back to work\n\nEquilibrium\n\nWHO\n\nhttps://www.who.int/emergencies/diseases/novel-coronavirus-2019/media-resources/press-briefings\n\nGlobal factors, warming world, intensified human activity shrinking wild places\n\nLikelihood of spill over of a novel pathogen from animals to human\n\nWe know for certain there will be more novel viruses\n\nAnother so called disease X\n\nKeeping windows and door open, do it all", "link": "https://www.youtube.com/watch?v=iBqQUrEZ4Q8", "date_published": "2020-09-20 00:00:00+00:00", "persistent": false, "user": null, "language": "en-US"}, {"source": "https://www.youtube.com/feeds/videos.xml?channel_id=UCF9IOB2TExg3QIBupFtBDxg", "title": "Weekend Pandemic Update", "description": "Current antibody studies to SARS-CoV-2\n\nhttps://www.bmj.com/content/370/bmj.m3563.full\n\n23% in New York\n\n18% in London\n\n11% in Madrid\n\nGeneral population, substantially lower\n\nMany national surveys reporting in single digits\n\nMike Ryan, a long way to burn\n\nUK\n\nPM, second wave inevitable, coming in now\n\nOne in five people in the UK, subject to local lockdown\n\nMatt Hancock, the number of people in hospital is doubling every eight days or so ... we will do what it takes to keep people safe\n\nhttps://coronavirus.data.gov.uk/healthcare\n\nLondon new year fireworks cancelled\n\nMoonshot\n\nLegal action \n\n\u00a3100bn \n\n10m tests per day\n\nInvolves potentially huge private contracts that may not have been tendered\n\nBreaks the government\u2019s own value-for-money rules\n\nIreland\n\nDublin\n\nTaoiseach Miche\u00e1l Martin, the threat is growing\n\nCases, 104 per 100,000\n\nNational rate of 53\n\nCases, x 10 in past month\n\nIt comes from community transmission and we need to keep it out of homes in the first place\n\nNew restrictions on gatherings, businesses and travel\n\nLevel 2 to Level 3 on a five-level scale of restrictions\n\nNetherlands\n\nRegional measures\n\nCases, + 1,972\n\nRecord number of cases for the fourth consecutive day\n\nFrance\n\nCases, + 13,215 \n\nNew infections down by 8% from last week\n\nLikely an underestimate due to saturation of testing capacity in certain regions\n\nMay contribute to spread\n\nDeaths, + 129 + 256 (week) = 31,249\n\nHighest daily toll the highest in four months\n\nAffected regions and cities in France have tightened regulations\n\nNice, Marseille, Bordeaux, Paris\n\nInfections now growing fast among the over-75s\n\nHospital and ICU admissions rising\n\nGreece\n\nCases, + 359 + 339 = 14,738\n\nPeople coming back from holidays\n\nMandatory use of masks in all closed public and private spaces\n\nCases, half in Athens\n\nAthens\n\nCases increasing\n\nMonday, 9 people outdoors, 20 people attend funerals, weddings and baptisms \n\nIndoor and outdoor concerts have been suspended\n\nPeople over 68, curtail their movements and avoid public transport\n\nEmployers, ensure 40% of office work is done from home\n\nSpain\n\nCases, + 14,389 = 640,040\n\nMore than a third of the new cases were in the Madrid region.\n\nMadrid\n\nCurrent epicentre\n\nPartial lockdown of some districts\n\nInvolving 37 worst hit areas from Monday.\n\nAreas where there are more than 1,000 cases per 100,00\n\nNew measures affect 850,000 people\n\nZones closed off except for work, educational, legal or medical needs\n\nRule of 6\n\nPublic and private gatherings will be limited to six people and parks will be closed.\n\nUS\n\nCases, 6, 724, 667\n\nDeaths, 197, 116\n\nhttps://covid.cdc.gov/covid-data-tracker/#cases_casesinlast7days\n\nSurgeon General, Jerome M. Adams\n\nFebruary 29th, you may be increasing your chances of getting a disease by wearing that mask\n\nDr. Ashish Jha (Dean, Brown University School of Public Health\nHundred, hundred and fifty thousand of the deaths, may be more could have been prevented. We just didn\u2019t take it seriously, we didn\u2019t do it right.\n\nhttps://www.youtube.com/watch?v=PxGU1dwg9b8\n\nModerna / NIH, 20m vaccines by the end of the year\n\nSeeking emergency authorisation for high-risk groups if it proves 70% effective\n\nOperation Warp Speed, nearly $1 billion\n\nAdvanced orders, $1.5 billion\n\nMessenger RNA should be easier to mass produce than traditional vaccines\n\n500m-1bn doses of the vaccine in 2021\n\nMyanmar\n\nCases, + 424 = 4,467\n\nBiggest daily rise so far\n\nAfter weeks without confirmed domestic transmission\n\nProbably mostly in Yangon\n\nDeaths, 70\n\nIran\n\nIn the grip of a third wave\n\nCases, + 3,049\n\nDeaths, + 144\n\nCovid-19: Do many people have pre-existing immunity?\n\nhttps://www.bmj.com/content/370/bmj.m3563.full\n\nStudies that have documented SARS-CoV-2 reactive T cells\n\n20% to 50% of people with no known exposure to the virus\n\nUS, Netherlands, Germany, Singapore, UK, Sweden\n\nAlessandro Sette, (immunologist, La Jolla Institute for Immunology in California)\n\nAt this point there are a number of studies that are seeing this reactivity in different continents, different labs.\n \nAs a scientist you know that is a hallmark of something that has a very strong footing\n\nCommon cold viruses, animal coronaviruses\n\nPossible overall reduced population susceptibility\n\nNew York, London, and Stockholm\n\nHave not reverted to the old curve with lockdown restrictions\n\nOngoing distancing measures\n\nMemory T cells\n\nSweden, Family members of patients with confirmed covid-19\n\nT cell responses found in those who were seronegative or asymptomatic\n\nWhile around 60% of family members produced antibodies\n\n90% had T cell responses\n\nT cells were found in SARS patients 17 years after infection\n\nSwine flu, H1N1\n\nPre-existing reactive T cells had clinically milder disease \n\nRequired prospective studies\n\nMapping pre-existing reactivity to clinical outcomes\n\nNot being done in the placebo arm of the vaccine studies", "link": "https://www.youtube.com/watch?v=LYJOhIzCIxc", "date_published": "2020-09-19 00:00:00+00:00", "persistent": false, "user": null, "language": "en-US"}]