[{"source": "https://www.youtube.com/feeds/videos.xml?channel_id=UCAKcSON6PSG_JkTbXh2WdIg", "title": "Andrea Swensson interviews #MeTooMPLS artists", "description": "#MeTooMPLS is a forthcoming compilation of original songs by Minnesota artists, \u201clovingly crafted in the pursuits of agency and equality.\u201d On Sept. 15, Local Show host Andrea Swensson interviewed a selection of artists contributing to the compilation: Averil Bach, Mary Bue, Elska, Annie Fitzgerald, J\u00d8UR, Annie Mack, Mayda, Linnea Mohn, Sarah Morris, r0, Tina Schlieske, Ashleigh Still, and Katy Vernon. (You'll also see producer Jesse Wiza on the call.)\n\nSubscribe to our channel:\nhttp://www.youtube.com/user/893TheCurrent?sub_confirmation=1\nLike/Follow:\nhttps://www.facebook.com/TheCurrent/\nhttps://twitter.com/TheCurrent\nhttps://www.instagram.com/thecurrent/", "link": "https://www.youtube.com/watch?v=Suw4KlEWE_I", "date_published": "2020-09-20 00:00:00+00:00", "persistent": false, "user": null, "language": "en-US"}]