[{"source": "https://www.rmf24.pl", "title": "Onet: Polski rz\u0105d przep\u0142aca\u0142 za testy na koronawirusa z Turcji - RMF 24", "description": "Onet: Polski rz\u0105d przep\u0142aca\u0142 za testy na koronawirusa z Turcji - RMF 24", "link": "https://www.rmf24.pl/raporty/raport-koronawirus-z-chin/polska/news-onet-polski-rzad-przeplacal-za-testy-na-koronawirusa-z-turcj,nId,4521809#crp_state=1", "date_published": "2020-05-28 05:37:59+00:00", "persistent": true, "user": "rumpel", "language": "pl", "tags": ["poland", "covid", "tests"]}]