[{"source": "https://www.youtube.com/feeds/videos.xml?channel_id=UCORIeT1hk6tYBuntEXsguLg", "title": "I Only Have Eyes For You (The Flamingos) - Postmodern Jukebox Cover ft. Sunny Holiday", "description": "Download & Stream The Song Here: https://pmjlive.com/okcrooner\nExperience PMJ Live: https://www.pmjtour.com\nShop PMJ Music/Merch:  https://shoppmj.com\nFollow Us On Spotify: https://www.pmjlive.com/pmjspotify\n\nOver the past couple of years, Sunny Holiday has worked behind the scenes with PMJ in a variety of roles, including choreographer, wardrobe consultant, and assistant director on tour.  However, those that know Sunny also know that she is a gifted vocalist and fantastic performer - as well as an old soul - and we're excited for her to make her official PMJ debut on the 1959 classic, \"I Only Have Eyes For You,\" with Scott Bradlee on piano. \n____________________________________________\r\n\r\nFollow The Musicians:\r\nMiss Sunny Holiday (Vocals)\r\nFacebook: https://www.facebook.com/misssunnyholiday/\r\nInstagram: https://www.instagram.com/misssunnyholiday/\nTwitter: https://twitter.com/missunnyholiday\n\r\nScott Bradlee (Piano):\r\nYouTube: http://youtube.com/scottbradlee\r\nFacebook: http://facebook.com/scottbradleemusic\r\nInstagram: http://instagram.com/scottbradlee\r\nTwitter: http://twitter.com/scottbradlee\r\n\r\n____________________________________________\n#IOnlyHaveEyesForYou #Cover", "link": "https://www.youtube.com/watch?v=4ZQh50kld4s", "date_published": "2020-05-29 00:00:00+00:00", "persistent": false, "user": null, "language": "en-US"}]