[{"source": "https://www.youtube.com/feeds/videos.xml?channel_id=UCwSv086EAByBY-Z7y-QR_cQ", "title": "Warszawski ratusz p\u0142aci za szkolenia anarchist\u00f3w", "description": "\ud83e\udd2a Mi\u0142o, \u017ce tutaj zajrza\u0142e\u015b.  Zapraszam do ogl\u0105dania.\n\n\u2b07\ufe0fRozwi\u0144 opis\u2b07\ufe0f\n------------------------------------------------------------\n\ud83d\udc40 Mroczne Podcasty: https://goo.gl/cdCFKe\n\ud83d\udc40 Hello World_: http://bit.ly/31BEhnv\n\ud83d\udc40 Tatusiek: http://bit.ly/3aSCheE\n------------------------------------------------------------\n\ud83d\udc40 twitter: http://bit.ly/2B6jTPd\n------------------------------------------------------------\n\ud83d\udd12 Do\u0142\u0105cz do Sp\u00f3\u0142dzielni\nhttps://discord.gg/RSEUaR3\n------------------------------------------------------------\n\u2709\ufe0f Ludzie listy pisz\u0105 \n\ud83d\udd8a\ufe0f uszi@protonmail.com\n------------------------------------------------------------\n\ud83d\udc7a niecenzuralne i agresywne komentarze zostan\u0105 usuni\u0119te.  Jak ju\u017c musisz zakl\u0105\u0107 dawaj znaki (&*%@%).\n------------------------------------------------------------\n\ud83d\udcb2 Donate/ Darowizna\nPLN / SMS / Blik: http://bit.ly/2ETKSyN\nBtc: 174EmE88YFtvs6fuM8ZL5yYbik8hcaY6ud\n------------------------------------------------------------\n\u2705\u017ar\u00f3d\u0142a:\nhttps://bit.ly/2AhHm2s\nhttps://bit.ly/2AhHm2s\nhttps://bit.ly/3dqtfX6\nhttps://bit.ly/3dfIC4O\nhttps://bit.ly/3dcJmI0\nhttps://bit.ly/2XdHYiP\nhttps://bit.ly/3etdTRY\n---------------------------------------------------------------\n\ud83d\uddbcGrafika - wykorzystano elementy ze strony: \nhttps://bit.ly/2ZPFI2W\n-------------------------------------------------------------\n\ud83d\udca1 Tagi: #warszawa #Trzaskowski\n--------------------------------------------------------------", "link": "https://www.youtube.com/watch?v=Na-0M_FHd7U", "date_published": "2020-05-29 00:00:00+00:00", "persistent": false, "user": null, "language": "en-US"}, {"source": "https://www.youtube.com/feeds/videos.xml?channel_id=UCwSv086EAByBY-Z7y-QR_cQ", "title": "Co \u0142\u0105czy wsp\u00f3lnika brata ministra Szumowskiego ze Skok Wo\u0142omin?", "description": "\ud83e\udd2a Mi\u0142o, \u017ce tutaj zajrza\u0142e\u015b.  Zapraszam do ogl\u0105dania.\n\n\u2b07\ufe0fRozwi\u0144 opis\u2b07\ufe0f\n------------------------------------------------------------\n\ud83d\udc40 Mroczne Podcasty: https://goo.gl/cdCFKe\n\ud83d\udc40 Hello World_: http://bit.ly/31BEhnv\n\ud83d\udc40 Tatusiek: http://bit.ly/3aSCheE\n------------------------------------------------------------\n\ud83d\udc40 twitter: http://bit.ly/2B6jTPd\n------------------------------------------------------------\n\ud83d\udd12 Do\u0142\u0105cz do Sp\u00f3\u0142dzielni\nhttps://discord.gg/RSEUaR3\n------------------------------------------------------------\n\u2709\ufe0f Ludzie listy pisz\u0105 \n\ud83d\udd8a\ufe0f uszi@protonmail.com\n------------------------------------------------------------\n\ud83d\udc7a niecenzuralne i agresywne komentarze zostan\u0105 usuni\u0119te.  Jak ju\u017c musisz zakl\u0105\u0107 dawaj znaki (&*%@%).\n------------------------------------------------------------\n\ud83d\udcb2 Donate/ Darowizna\nPLN / SMS / Blik: http://bit.ly/2ETKSyN\nBtc: 174EmE88YFtvs6fuM8ZL5yYbik8hcaY6ud\n------------------------------------------------------------\n\u2705\u017ar\u00f3d\u0142a:\nhttps://bit.ly/3ewYIY5\nhttps://bit.ly/2yEIpsM\n---------------------------------------------------------------\n\ud83d\uddbcGrafika - wykorzystano elementy ze strony: \ngov.pl - http://bit.ly/2lVWjQr\n-------------------------------------------------------------\n\ud83d\udca1 Tagi: #skok #Szumowski\n--------------------------------------------------------------", "link": "https://www.youtube.com/watch?v=AdH1DWyrCkQ", "date_published": "2020-05-28 00:00:00+00:00", "persistent": false, "user": null, "language": "en-US"}]