[{"source": "https://wiadomosci.onet.pl", "title": "Koronawirus: Polska. Rz\u0105d przep\u0142aca\u0142 za testy\n        \n        - Wiadomo\u015bci", "description": "Koronawirus: Polska. Rz\u0105d przep\u0142aca\u0142 za testy\n        \n        - Wiadomo\u015bci", "link": "https://wiadomosci.onet.pl/tylko-w-onecie/koronawirus-polska-rzad-przeplacal-za-testy/lqmcpcx", "date_published": "2020-05-28 06:55:50+00:00", "persistent": true, "user": "rumpel", "language": "pl", "tags": ["poland", "covid", "tests"]}]