[{"source": "https://www.youtube.com/feeds/videos.xml?channel_id=UCZYTClx2T1of7BRZ86-8fow", "title": "How a Century-Old Procedure Could Help Us Fight COVID-19", "description": "Some potentially good news on the COVID-19 treatment front: Thanks to a technique that\u2019s more than a century old, recovered COVID-19 patients may be in a position to help the rest of us -- with their blood plasma.\n\nHosted by: Hank Green \n\nCOVID-19 playlist: https://www.youtube.com/playlist?list=PLsNB4peY6C6IQediwz2GzMTNvm_dMzr47\n\nSciShow has a spinoff podcast! It's called SciShow Tangents. Check it out at http://www.scishowtangents.org\n----------\nSupport SciShow by becoming a patron on Patreon: https://www.patreon.com/scishow\n----------\nHuge thanks go to the following Patreon supporters for helping us keep SciShow free for everyone forever:\n\nKevin Bealer, Jacob, Katie Marie Magnone, D.A. Noe, Charles Southerland, Eric Jensen, Christopher R Boucher, Alex Hackman, Matt Curls, Adam Brainard, Scott Satovsky Jr, Sam Buck, Ron Kakar, Chris Peters, Kevin Carpentier, Patrick D. Ashmore, Piya Shedden, Sam Lutfi, Charles George, Christoph Schwanke, Greg\n\n----------\nLooking for SciShow elsewhere on the internet?\nFacebook: http://www.facebook.com/scishow\nTwitter: http://www.twitter.com/scishow\nTumblr: http://scishow.tumblr.com\nInstagram: http://instagram.com/thescishow\n----------\nSources:\nhttps://www.nlm.nih.gov/exhibition/fromdnatobeer/exhibition-interactive/illustrations/diphtheria-alternative.html\nhttps://www.ncbi.nlm.nih.gov/pmc/articles/PMC7151993/\nhttps://www.cdc.gov/vaccines/basics/test-approve.html\nhttps://www.who.int/immunization/programmes_systems/policies_strategies/vaccine_intro_resources/nvi_guidelines/en/\nhttps://www.historyofvaccines.org/content/articles/vaccine-development-testing-and-regulation\nhttps://www.historyofvaccines.org/timeline/all\nhttps://www.newyorker.com/news/news-desk/how-long-will-it-take-to-develop-a-coronavirus-vaccine\nhttps://www.ncbi.nlm.nih.gov/pmc/articles/PMC1883762/?page=1\nImmunology by David K. Male:https://books.google.com/books?id=gE6o5ZRJUawC&pg=PA10&lpg=PA10&dq=antibody+generator&hl=en#v=onepage&q=antibody%20generator&f=false\nhttps://www.ncbi.nlm.nih.gov/pmc/articles/PMC1883762/?page=1\nhttps://www.nobelprize.org/prizes/medicine/1901/behring/facts/\nhttps://www.ncbi.nlm.nih.gov/pmc/articles/PMC4781783/\nhttps://www.sciencedaily.com/releases/2006/08/060830075728.htm\nhttps://dm5migu4zj3pb.cloudfront.net/manuscripts/101000/101557/JCI44101557.pdf\nhttps://www.medrxiv.org/content/10.1101/2020.03.02.20030189v1\nhttps://www.medrxiv.org/content/10.1101/2020.03.30.20047365v2\nhttps://jamanetwork.com/journals/jama/fullarticle/2763983\nhttps://www.fda.gov/vaccines-blood-biologics/investigational-new-drug-ind-or-device-exemption-ide-process-cber/recommendations-investigational-covid-19-convalescent-plasma\nhttps://www.cpr.org/2020/05/07/early-results-show-convalescent-plasma-a-promising-treatment-for-some-colorado-covid-19-patients/\nhttps://www.cpr.org/2020/05/05/coronavirus-plasma-treatment-recipient-dies-from-virus/\nhttps://academic.oup.com/jid/article/211/1/80/799341\nhttps://link.springer.com/article/10.1007%2Fs10096-004-1271-9\nhttps://www.jci.org/articles/view/138745\nhttps://www.clinicaltrials.gov/ct2/results?cond=COVID-19&term=convalescent+plasma&cntry=&state=&city=&dist=\nhttps://www.fda.gov/vaccines-blood-biologics/investigational-new-drug-ind-or-device-exemption-ide-process-cber/recommendations-investigational-covid-19-convalescent-plasma\nhttps://www.ncbi.nlm.nih.gov/pubmed/32296259\nhttps://www.pnas.org/content/117/17/9490\n\nImage Sources:\nhttps://commons.wikimedia.org/wiki/File:A_early_blood_transfusion_from_lamb_to_man_Wellcome_L0000096.jpg", "link": "https://www.youtube.com/watch?v=ZPZdrxl4c2Q", "date_published": "2020-05-29 00:00:00+00:00", "persistent": false, "user": null, "language": "en-US"}, {"source": "https://www.youtube.com/feeds/videos.xml?channel_id=UCZYTClx2T1of7BRZ86-8fow", "title": "The Little Lobster That Reveals Climate", "description": "Thanks again to the Monterey Bay Aquarium for partnering with us on this episode of SciShow. The Aquarium\u2019s mission is to inspire conservation of the ocean. So give them a follow on their social media accounts or visit their website at http://montereybayaquarium.org. If you\u2019re able to, please consider making a donation to help the Aquarium continue their mission while they\u2019re closed. Your gift will be put to work immediately for ongoing animal care and maintenance of the Aquarium: https://mbayaq.co/2zbN5GX\n\nPelagic red crabs are actually lobsters - and that\u2019s not even the weirdest thing about them! They sometimes wash up on shore in droves, signaling large scale climate events like El Ni\u00f1os and serving as a warning to marine biologists of our changing climate.\n\nHosted by: Hank Green\n\nSciShow has a spinoff podcast! It's called SciShow Tangents. Check it out at http://www.scishowtangents.org\n----------\nSupport SciShow by becoming a patron on Patreon: https://www.patreon.com/scishow\n----------\nHuge thanks go to the following Patreon supporters for helping us keep SciShow free for everyone forever:\n\nKevin Bealer, Jacob, Katie Marie Magnone, D.A. Noe, Charles Southerland, Eric Jensen, Christopher R Boucher, Alex Hackman, Matt Curls, Adam Brainard, Jeffrey McKishen, Scott Satovsky Jr, Sam Buck, Ron Kakar, Chris Peters, Kevin Carpentier, Patrick D. Ashmore, Piya Shedden, Sam Lutfi, Charles George, Christoph Schwanke, Greg\n\n----------\nLooking for SciShow elsewhere on the internet?\nFacebook: http://www.facebook.com/scishow\nTwitter: http://www.twitter.com/scishow\nTumblr: http://scishow.tumblr.com\nInstagram: http://instagram.com/thescishow\n----------\nSources:\nhttps://doi.org/10.2307/1367007 \nhttps://doi.org/10.1016/j.dsr2.2004.05.018 \nhttps://doi.org/10.1007/s12562-015-0938-8 \nhttps://doi.org/10.1038/s41598-019-40784-3\nhttps://scholarspace.manoa.hawaii.edu/bitstream/10125/7411/v21n3-394-403.pdf\nhttps://spo.nmfs.noaa.gov/content/annual-mass-strandings-pelagic-red-crabs-pleuroncodes-planipes-crustacea-anomura-galatheidae\nhttps://sanctuarysimon.org/2018/11/pelagic-red-crabs-enter-monterey-bay-1959-1969-1982-1983/\n\nImage Sources:\nhttps://oceanservice.noaa.gov/facts/upwelling.html\nhttps://oceantoday.noaa.gov/elninolanina/welcome.html\nhttps://research.noaa.gov/article/ArtMID/587/ArticleID/2559/So-what-are-marine-heat-waves\nhttps://www.nesdis.noaa.gov/content/marine-heat-wave-reminiscent-blob-lingers-us-west-coast\nhttps://commons.wikimedia.org/wiki/File:Pleuroncodes_planipes_uzun.jpg\nhttps://earthobservatory.nasa.gov/global-maps/MYD28M", "link": "https://www.youtube.com/watch?v=E_vEiQWoi3o", "date_published": "2020-05-28 00:00:00+00:00", "persistent": false, "user": null, "language": "en-US"}]