[{"source": "https://www.youtube.com/feeds/videos.xml?channel_id=UCwUizOU8pPWXdXNniXypQEQ", "title": "The Insanity of Picking a Side - Authentic JP", "description": "Grab your Awakened Shirt here - https://awakenwithjp.com/shop\n\nWith politics, the idea of picking a side and then being against the other side, while believing that will somehow help the world has become normal. The problem is this practice has insanity, greed, power, and divisiveness at its roots. Gearing up for the election the \u201cpick a side\u201d mantra is being pressed into our brains more than ever. Maybe instead of picking a side, you can pick something else...\n\n*For Comedy Show schedule and tickets: https://awakenwithjp.com/events/\n-My NEW Awakened Shirts are available! Claim yours here: https://awakenwithjp.com/shop\n\nListen and Subscribe to my NEW Podcast here: \nhttps://apple.co/3fFTbPC\nIt's also available everywhere else you get podcasts. Just search and subscribe to \"Awaken With JP Sears Show\"\n\nConnect with me at: \nhttp://www.facebook.com/AwakenWithJP\nhttp://www.Instagram.com/AwakenWithJP\nhttp://www.twitter.com/AwakenWithJP\nhttp://www.AwakenWithJP.com", "link": "https://www.youtube.com/watch?v=SXM6RMissmI", "date_published": "2020-08-08 00:00:00+00:00", "persistent": false, "user": null, "language": "en-US"}]