[{"source": "https://www.youtube.com/feeds/videos.xml?channel_id=UClOGLGPOqlAiLmOvXW5lKbw", "title": "Call of Cthulhu Review", "description": "D\u00e9j\u00e0 vu? This review isn't about Dark Corners of the Earth, it's about the 2018 version. Call of Cthulhu the Official Video Game. What a subtitle. \nSupport the channel at: https://www.patreon.com/mandaloregaming or https://www.paypal.me/MandaloreGaming\nI take video suggestions at mandaloremovies@gmail.com\nTwitter: https://twitter.com/Lord_Mandalore\n#CallofCthulhu #CallofCthulhuGame #CallofCthulhuReview #CallofCthulhuPCGame #Cthulhu\n\n00:00 - Intro\n00:45 - Game Premise\n1:56 - Visuals\n5:18 - Music & Sound Design\n7:15 - Gameplay Mechanics\n14:12 - Story\n14:56 - Story (SPOILERS)\n22:07 - Conclusions\n22:54 - Credits\n23:55 - Brian?", "link": "https://www.youtube.com/watch?v=WmC-Fb0Wuy8", "date_published": "2020-08-07 00:00:00+00:00", "persistent": false, "user": null, "language": "en-US"}]