[{"source": "https://www.youtube.com/feeds/videos.xml?channel_id=UCjr2bPAyPV7t35MvcgT3W8Q", "title": "All the best Android 11 privacy & security features", "description": "The most important privacy and security features of Android 11 you should know about.\nJoin my channel and become a member to enjoy perks https://www.youtube.com/channel/UCjr2bPAyPV7t35MvcgT3W8Q/join\nSupport me through Patreon: https://www.patreon.com/thehatedone \n\n- or donate anonymously:\n\nMonero: 84DYxU8rPzQ88SxQqBF6VBNfPU9c5sjDXfTC1wXkgzWJfVMQ9zjAULL6rd11ASRGpxD1w6jQrMtqAGkkqiid5ef7QDroTPp\n\nBitcoin: 1HkDxXAVDFhBHSyRjam5WW5uoY88sxn5qz\n\n\n\nFollow me:\nhttps://twitter.com/The_HatedOne_\nhttps://www.bitchute.com/TheHatedOne/\nhttps://www.reddit.com/r/thehatedone/\nhttps://www.minds.com/The_HatedOne\n\nThe footage and images featured in the video were for critical analysis, commentary and parody, which are protected under the Fair Use laws of the United States Copyright act of 1976.", "link": "https://www.youtube.com/watch?v=dYTlSlnb-iE", "date_published": "2020-10-11 00:00:00+00:00", "persistent": false, "user": null, "language": "en-US"}]