[{"source": "https://www.youtube.com/feeds/videos.xml?channel_id=UCG2kQBVlgG7kOigXZTcKrQw", "title": "Bajeczna inwersja w ALPACH. Austria bez planu (i z pi\u0119knymi widokami!)", "description": "Zostaw suba, podaj dalej! :) Dzi\u015b pokr\u0119cimy si\u0119 po Styrii i G\u00f3rnej Austrii. Dok\u0142adniej m\u00f3wi\u0105c po Kalkalpen, czyli P\u00f3\u0142nocnych Alpach Wapiennych, a tak\u017ce po okolicach Ausseerland (Szczyt Loser) gdzie mia\u0142 miejsce najlepszy wsch\u00f3d w tym roku. \n\nChcesz wspom\u00f3c kana\u0142? Kup moje ksi\u0105\u017cki lub kurs filmowo-monta\u017cowy \nKurs \u25ba\u25ba https://www.kursfilmowaniaimontazu.pl/\nZarabianie na podr\u00f3\u017cach \u25ba\u25ba https://bit.ly/2BysGNg\nTwoja Samodzielna Podr\u00f3\u017c \u25ba\u25ba http://bitly.com/2bOhhZv\n\nZapraszam te\u017c na:\nFacebook: http://bit.ly/2flU84f\nInstagram: http://bit.ly/2eTrIMc\nBlog: http://kolemsietoczy.pl/\n\nMuzyka: Artlist oraz Nevaeh https://soundcloud.com/nevaxh\n\nNo i Spis tre\u015bci tego alpejskiego odcinka:\n\n00:00 - 00:47 Trekking w austriackich Alpach, gdzie jecha\u0107?\n00:48 - 03:46 Kalkalpen Park Narodowy Alp Wapiennych\n03:47 - 04:21 Trekking na Hoher Nock. Wej\u015bcie na najwy\u017cszy szczyt\n04:22 - 05:47 Hallstatt - zwiedzanie, czy warto?\n05:47 - 09:10 Wej\u015bcie na Loser (Ausseerland). 2 trekking w Alpach\n09:11 - 13:40 Inwersja w Alpach!\n13:41 - 17:35 Styria. Austria \u015brodkowa rowerem", "link": "https://www.youtube.com/watch?v=kxWSsiyRuyU", "date_published": "2020-10-11 00:00:00+00:00", "persistent": false, "user": null, "language": "en-US"}]