[{"source": "https://www.youtube.com/feeds/videos.xml?channel_id=UC3I2GFN_F8WudD_2jUZbojA", "title": "Courtney Marie Andrews - Break The Spell (Live on KEXP at Home)", "description": "http://KEXP.ORG presents Courtney Marie Andrews performing \"Break The Spell\" exclusively for KEXP. Recorded at the Almanack Arts Colony in Nantucket, MA.\n\nPerformed by Courtney Marie Andrews, Liz Cooper and Molly Sarle\nRecorded by Rob Ackroyd and Joe Valle\nFilmed by AAC Technical Director Chris Holmes in The Barn at Almanack\n\nhttp://courtneymarieandrews.com\nhttps://www.almanackartscolony.org\nhttp://kexp.org", "link": "https://www.youtube.com/watch?v=dlPLgcLvTgI", "date_published": "2020-10-11 00:00:00+00:00", "persistent": false, "user": null, "language": "en-US"}, {"source": "https://www.youtube.com/feeds/videos.xml?channel_id=UC3I2GFN_F8WudD_2jUZbojA", "title": "Courtney Marie Andrews - If I Told (Live on KEXP at Home)", "description": "http://KEXP.ORG presents Courtney Marie Andrews performing \"If I Told\" exclusively for KEXP. Recorded at the Almanack Arts Colony in Nantucket, MA.\n\nPerformed by Courtney Marie Andrews, Liz Cooper and Molly Sarle\nRecorded by Rob Ackroyd and Joe Valle\nFilmed by AAC Technical Director Chris Holmes in The Barn at Almanack\n\nhttp://courtneymarieandrews.com\nhttps://www.almanackartscolony.org\nhttp://kexp.org", "link": "https://www.youtube.com/watch?v=NDB7J7KUnds", "date_published": "2020-10-11 00:00:00+00:00", "persistent": false, "user": null, "language": "en-US"}, {"source": "https://www.youtube.com/feeds/videos.xml?channel_id=UC3I2GFN_F8WudD_2jUZbojA", "title": "Courtney Marie Andrews - Interview and Performance (Live on KEXP at Home)", "description": "http://KEXP.ORG presents Courtney Marie Andrews sharing songs recorded exclusively for KEXP and talking to Greg Vandy, host of The Roadhouse on KEXP. Recorded on October 6, 2020.\n\nRecorded by Rob Ackroyd and Joe Valle at the Almanack Arts Colony in Nantucket\nFilmed by AAC Technical Director Chris Holmes in The Barn at Almanack\nPerformed by Courtney Marie Andrews, Liz Cooper and Molly Sarle, with Liam Benzvi on \"One Of These Days\"\n\nhttp://courtneymarieandrews.com\nhttps://www.almanackartscolony.org\nhttp://kexp.org", "link": "https://www.youtube.com/watch?v=tBK8g7bv9j4", "date_published": "2020-10-11 00:00:00+00:00", "persistent": false, "user": null, "language": "en-US"}, {"source": "https://www.youtube.com/feeds/videos.xml?channel_id=UC3I2GFN_F8WudD_2jUZbojA", "title": "Courtney Marie Andrews - It Must Be Someone Else's Fault (Live on KEXP at Home)", "description": "http://KEXP.ORG presents Courtney Marie Andrews performing \"It Must Be Someone Else's Fault\" exclusively for KEXP. Recorded at the Almanack Arts Colony in Nantucket, MA.\n\nPerformed by Courtney Marie Andrews, Liz Cooper and Molly Sarle\nRecorded by Rob Ackroyd and Joe Valle\nFilmed by AAC Technical Director Chris Holmes in The Barn at Almanack\n\nhttp://courtneymarieandrews.com\nhttps://www.almanackartscolony.org\nhttp://kexp.org", "link": "https://www.youtube.com/watch?v=K3PZtH72_Us", "date_published": "2020-10-11 00:00:00+00:00", "persistent": false, "user": null, "language": "en-US"}, {"source": "https://www.youtube.com/feeds/videos.xml?channel_id=UC3I2GFN_F8WudD_2jUZbojA", "title": "Courtney Marie Andrews - One Of These Days (Live on KEXP)", "description": "http://KEXP.ORG presents Courtney Marie Andrews covering \"One Of These Days\" exclusively for KEXP. Recorded at the Almanack Arts Colony in Nantucket, MA.\n\nPerformed by Courtney Marie Andrews, Liz Cooper, Molly Sarle and Liam Benzvi\nRecorded by Rob Ackroyd and Joe Valle\nFilmed by AAC Technical Director Chris Holmes in The Barn at Almanack\n\nhttp://courtneymarieandrews.com\nhttps://www.almanackartscolony.org\nhttp://kexp.org", "link": "https://www.youtube.com/watch?v=1aXakslBJ4g", "date_published": "2020-10-11 00:00:00+00:00", "persistent": false, "user": null, "language": "en-US"}, {"source": "https://www.youtube.com/feeds/videos.xml?channel_id=UC3I2GFN_F8WudD_2jUZbojA", "title": "Courtney Marie Andrews - Ships In The Night (Live on KEXP at Home)", "description": "http://KEXP.ORG presents Courtney Marie Andrews performing \"Ships In The Night\" exclusively for KEXP. Recorded at the Almanack Arts Colony in Nantucket, MA.\n\nPerformed by Courtney Marie Andrews, Liz Cooper and Molly Sarle\nRecorded by Rob Ackroyd and Joe Valle\nFilmed by AAC Technical Director Chris Holmes in The Barn at Almanack\n\nhttp://courtneymarieandrews.com\nhttps://www.almanackartscolony.org\nhttp://kexp.org", "link": "https://www.youtube.com/watch?v=B8q_1hMMNbg", "date_published": "2020-10-11 00:00:00+00:00", "persistent": false, "user": null, "language": "en-US"}, {"source": "https://www.youtube.com/feeds/videos.xml?channel_id=UC3I2GFN_F8WudD_2jUZbojA", "title": "IDLES - Full Performance (Live on KEXP at Home)", "description": "http://KEXP.ORG presents IDLES sharing songs recorded exclusively for KEXP from Abbey Road Studios. \n\nSongs:\nModel Village\nMr. Motivator\nWar\nGrounds\n\nFilmed and edited by Ground Work:\nDirector - Will Dohrn\nExecutive Producer - Aaron Z. Willson\nProducer - Callum Harrison\nEditor - Will Dohrn\nProduction Manager - Lana Salfiti\nDirector of Photography - Spike Morris\nCamera Op - Austin Phillips\nCamera Op - Oscar Oldershaw\nCamera Assistant - Nacho Munoz Deleon\nGaffer - Helio Riberio\n\nhttps://shopus.idlesband.com\nhttps://ground-work.co\nhttp://kexp.org", "link": "https://www.youtube.com/watch?v=vKuVLVr1WyA", "date_published": "2020-10-11 00:00:00+00:00", "persistent": false, "user": null, "language": "en-US"}]