[{"source": "https://www.washingtonexaminer.com", "title": "WHO official urges world leaders to stop using lockdowns as primary virus control method | Washington Examiner", "description": "WHO official urges world leaders to stop using lockdowns as primary virus control method | Washington Examiner", "link": "https://www.washingtonexaminer.com/news/who-official-urges-world-leaders-to-stop-using-lockdowns-as-primary-virus-control-method", "date_published": "2020-10-10 19:51:18+00:00", "persistent": true, "user": "rumpel", "language": "en", "tags": ["lockdown", "who", "covid"]}]