[{"source": "http://rss.cnn.com/rss/edition.rss", "title": "Shaquille O'Neal: 'I voted for the first time, and it feels good'", "description": "Shaquille O'Neal says he may get \"roasted\" for admitting it, but the towering former NBA star had something to confess this week.", "link": "https://www.cnn.com/2020/10/10/us/shaquille-oneal-vote-first-time-trnd/index.html", "date_published": "2020-10-10 22:58:24+00:00", "persistent": false, "user": null, "language": "en-US"}, {"source": "http://rss.cnn.com/rss/edition.rss", "title": "Fact check: Five false claims Trump made in his speech", "description": "In President Donald Trump's first public event since his coronavirus diagnosis, he continued to mislead the public about the virus, his accomplishments and former Vice President Joe Biden.", "link": "https://www.cnn.com/2020/10/10/politics/fact-check-trump-first-speech-coronavirus-diagnosis/index.html", "date_published": "2020-10-10 22:24:18+00:00", "persistent": false, "user": null, "language": "en-US"}, {"source": "http://rss.cnn.com/rss/edition.rss", "title": "Colin Kaepernick calls for abolishing police and prisons", "description": "Colin Kaepernick is calling for abolishing the police and prison institutions as part of a new series of essays.", "link": "https://www.cnn.com/2020/10/10/us/kaepernick-essays-call-for-abolishing-police-trnd/index.html", "date_published": "2020-10-10 21:34:52+00:00", "persistent": false, "user": null, "language": "en-US"}, {"source": "http://rss.cnn.com/rss/edition.rss", "title": "Trump holds public event despite unclear Covid-19 status", "description": "President Trump, in his first public event since he was diagnosed with coronavirus, gave a brief, campaign-style speech from the balcony of the White House.", "link": "https://www.cnn.com/videos/politics/2020/10/10/white-house-first-event-trump-coronavirus-dr-faust-vpx.cnn", "date_published": "2020-10-10 20:38:07+00:00", "persistent": false, "user": null, "language": "en-US"}, {"source": "http://rss.cnn.com/rss/edition.rss", "title": "John Oliver is being honored with his name on a sewage plant after 'fight' with a Connecticut town", "description": "It's official, a sewage plant in Danbury, Connecticut will be named after John Oliver after the comedian got into a tiff with the town's mayor.", "link": "https://www.cnn.com/2020/10/10/us/john-oliver-danbury-sewage-plant-trnd/index.html", "date_published": "2020-10-10 19:54:14+00:00", "persistent": false, "user": null, "language": "en-US"}, {"source": "http://rss.cnn.com/rss/edition.rss", "title": "Texas teen has the world's longest legs", "description": "Maci Currin isn't all legs, but they do make up 60 percent of her total height.", "link": "https://www.cnn.com/2020/10/10/us/texas-teenager-guinness-record-long-legs-trnd/index.html", "date_published": "2020-10-10 19:35:59+00:00", "persistent": false, "user": null, "language": "en-US"}, {"source": "http://rss.cnn.com/rss/edition.rss", "title": "Unseeded teenager Iga Swiatek wins the French Open", "description": "Iga Swiatek stormed past Sofia Kenin 6-4 6-1 to win the French Open and become Poland's first ever grand slam singles champion.", "link": "https://www.cnn.com/2020/10/10/tennis/kenin-swiatek-french-open-tennis-intl-spt/index.html", "date_published": "2020-10-10 18:39:37+00:00", "persistent": false, "user": null, "language": "en-US"}, {"source": "http://rss.cnn.com/rss/edition.rss", "title": "Trump's $1.8 trillion stimulus proposal faces opposition from Pelosi and Senate GOP", "description": "House Speaker Nancy Pelosi and Senate Republicans on Saturday balked at President Donald Trump's roughly $1.8 trillion stimulus proposal, making it all but certain Congress won't pass an economic relief package before Election Day.", "link": "https://www.cnn.com/2020/10/10/politics/stimulus-talks-pelosi-senate-gop-trump/index.html", "date_published": "2020-10-10 18:37:45+00:00", "persistent": false, "user": null, "language": "en-US"}, {"source": "http://rss.cnn.com/rss/edition.rss", "title": "Chained and locked up, why some Nigerians turn to religion first to treat the mentally ill", "description": "When Alvan Godwin suffered a psychotic episode linked to schizophrenia in November 2018, his parents took him to church for prayers. His mother was of the opinion that his illness was a 'spiritual attack' linked to evil spirits.", "link": "https://www.cnn.com/2020/10/10/africa/mental-health-religious-treatment-nigeria/index.html", "date_published": "2020-10-10 16:09:50+00:00", "persistent": false, "user": null, "language": "en-US"}, {"source": "http://rss.cnn.com/rss/edition.rss", "title": "North Korea unveils massive new ballistic missile in military parade", "description": "North Korea unveiled what analysts believe to be one of the world's largest ballistic missiles at a military parade celebrating the 75th anniversary of the Workers' Party broadcast on state-run television on Saturday.", "link": "https://www.cnn.com/2020/10/10/asia/north-korea-military-parade-new-missiles-intl-hnk/index.html", "date_published": "2020-10-10 14:28:00+00:00", "persistent": false, "user": null, "language": "en-US"}, {"source": "http://rss.cnn.com/rss/edition.rss", "title": "Is it safe to travel for the holidays this year?", "description": "The end of the year is sneaking up, and people are weighing travel plans to join friends and family for the holidays -- all against the backdrop of a deadly pandemic.", "link": "https://www.cnn.com/travel/article/holiday-travel-safety-2020-pandemic/index.html", "date_published": "2020-10-10 13:06:19+00:00", "persistent": false, "user": null, "language": "en-US"}, {"source": "http://rss.cnn.com/rss/edition.rss", "title": "Biden enters final weeks in commanding position as Trump wastes precious days", "description": "Joe Biden is in a commanding position as the presidential race enters its final stretch, leading President Donald Trump in polling and fundraising and on offense to expand his pathways to victory while Trump struggles to defend must-win states.", "link": "https://www.cnn.com/2020/10/10/politics/2020-election-biden-trump/index.html", "date_published": "2020-10-10 12:41:07+00:00", "persistent": false, "user": null, "language": "en-US"}, {"source": "http://rss.cnn.com/rss/edition.rss", "title": "Frozen out by Arsenal, Mesut Ozil is proving an expensive problem for the club", "description": "It all started so well for Mesut Ozil and Arsenal.", "link": "https://www.cnn.com/2020/10/10/football/ozil-arsenal-contract-legacy-spt-intl/index.html", "date_published": "2020-10-10 11:38:42+00:00", "persistent": false, "user": null, "language": "en-US"}, {"source": "http://rss.cnn.com/rss/edition.rss", "title": "Several regions sound alarm as US reports most Covid-19 daily cases in nearly 2 months", "description": "Just as the US reported the highest number of daily Covid-19 infections in nearly two months, several experts offered grim outlooks if Americans don't take the right precautions.", "link": "https://www.cnn.com/2020/10/10/health/us-coronavirus-saturday/index.html", "date_published": "2020-10-10 11:30:10+00:00", "persistent": false, "user": null, "language": "en-US"}, {"source": "http://rss.cnn.com/rss/edition.rss", "title": "Pompeo will release Clinton emails following Trump criticism", "description": "Secretary of State Mike Pompeo on Friday announced he would release more of former Secretary of State Hillary Clinton's emails -- an openly political move on behalf of President Donald Trump ahead of the November election and a year after a State Department investigation concluded there was no \"persuasive evidence\" of widespread mishandling of classified information by Clinton or her aides.", "link": "https://www.cnn.com/2020/10/09/politics/pompeo-clinton-emails/index.html", "date_published": "2020-10-10 11:10:00+00:00", "persistent": false, "user": null, "language": "en-US"}, {"source": "http://rss.cnn.com/rss/edition.rss", "title": "Marcus Rashford awarded MBE in Queen's Birthday honors list", "description": "Star footballer turned political activist Marcus Rashford has been honored by Queen Elizabeth II in recognition of his campaign to feed vulnerable children during the coronavirus crisis.", "link": "https://www.cnn.com/2020/10/10/football/marcus-rashford-manchester-united-gbr-spt-intl-scli/index.html", "date_published": "2020-10-10 10:59:55+00:00", "persistent": false, "user": null, "language": "en-US"}, {"source": "http://rss.cnn.com/rss/edition.rss", "title": "Scotland's whisky islands are dealing with an almighty Covid hangover", "description": "Off the southwest coast of Scotland lies a collection of small islands that make some of the most distinctive whiskies in the world.", "link": "https://www.cnn.com/travel/article/scotland-whisky-islands-covid/index.html", "date_published": "2020-10-10 08:50:49+00:00", "persistent": false, "user": null, "language": "en-US"}, {"source": "http://rss.cnn.com/rss/edition.rss", "title": "Miami Heat still alive in NBA Finals after thrilling 111-108 win over LA Lakers in Game 5", "description": "The Los Angels Lakers were a little more than 20 seconds away from winning their 17th NBA title.", "link": "https://www.cnn.com/2020/10/10/sport/la-lakers-miami-heat-nba-finals-game-5-spt-intl/index.html", "date_published": "2020-10-10 06:46:48+00:00", "persistent": false, "user": null, "language": "en-US"}, {"source": "http://rss.cnn.com/rss/edition.rss", "title": "Barbie confronts racism in viral video and shows how to be a White ally", "description": "Barbie sat down for a real talk about racism with her good friend Nikki in the Dreamhouse -- and nothing was off limits.", "link": "https://www.cnn.com/2020/10/10/us/barbie-vlog-teaches-allyship-trnd/index.html", "date_published": "2020-10-10 06:04:57+00:00", "persistent": false, "user": null, "language": "en-US"}, {"source": "http://rss.cnn.com/rss/edition.rss", "title": "Federal judge blocks Texas governor's directive limiting ballot drop boxes to one per county", "description": "A federal judge late Friday blocked Texas Gov. Greg Abbott's directive that limited ballot drop boxes to one per county.", "link": "https://www.cnn.com/2020/10/09/politics/texas-ballot-drop-boxes/index.html", "date_published": "2020-10-10 04:12:18+00:00", "persistent": false, "user": null, "language": "en-US"}, {"source": "http://rss.cnn.com/rss/edition.rss", "title": "The Nobels honored 4 women this year. But the awards still lack diversity", "description": "Four women were honored during this year's memorable Nobel Prize week. But the prestigious award still has a diversity problem.", "link": "https://www.cnn.com/2020/10/10/world/nobel-prize-diversity-2020-intl/index.html", "date_published": "2020-10-10 04:01:27+00:00", "persistent": false, "user": null, "language": "en-US"}, {"source": "http://rss.cnn.com/rss/edition.rss", "title": "Hurricane Delta leaves hundreds of thousands without power as it pummels parts of Louisiana and Texas", "description": "With fierce sideways rain pelting their homes and lashing winds tearing at their roofs -- or the tarps covering the holes in the roofs from a previous storm -- hundreds of thousands of people in Louisiana and southeast Texas waited out the fury of Hurricane Delta in the dark on Friday night.", "link": "https://www.cnn.com/2020/10/09/weather/hurricane-delta-friday/index.html", "date_published": "2020-10-10 02:23:29+00:00", "persistent": false, "user": null, "language": "en-US"}, {"source": "http://rss.cnn.com/rss/edition.rss", "title": "Jay-Z and Team Roc pay fees for those arrested in Wisconsin protests", "description": "Jay-Z showed his support of protesters this week by paying the fees for those arrested and fined in Wauwatosa, Wisconsin, where demonstrators are calling for justice in the death of Alvin Cole at the hands of police, according to a spokeswoman for Team Roc.", "link": "https://www.cnn.com/2020/10/09/entertainment/jay-z-team-roc-alvin-cole-family-trnd/index.html", "date_published": "2020-10-10 02:18:55+00:00", "persistent": false, "user": null, "language": "en-US"}, {"source": "http://rss.cnn.com/rss/edition.rss", "title": "Armenia and Azerbaijan agree on a ceasefire, Russian foreign ministry says", "description": "Armenia and Azerbaijan have agreed to a ceasefire in their conflict over the enclave of Nagorno Karabakh, according to a readout published by the Russian Foreign Ministry.", "link": "https://www.cnn.com/2020/10/09/europe/azerbaijan-armenia-cease-fire/index.html", "date_published": "2020-10-10 02:18:49+00:00", "persistent": false, "user": null, "language": "en-US"}, {"source": "http://rss.cnn.com/rss/edition.rss", "title": "Former principal who said he couldn't confirm that the Holocaust was real is rehired to a new position", "description": "A former high school principal in Florida, who was fired last year after appearing to cast doubt on the historical truth of the Holocaust, has been rehired in a new position.", "link": "https://www.cnn.com/2020/10/09/us/florida-principal-holocaust-rehired-trnd/index.html", "date_published": "2020-10-10 01:16:21+00:00", "persistent": false, "user": null, "language": "en-US"}, {"source": "http://rss.cnn.com/rss/edition.rss", "title": "US caution over vaccine gives China a head-start", "description": "\u2022 Live updates: British doctors say government's Covid measures are not working", "link": "https://www.cnn.com/2020/10/09/asia/china-covid-vaccine-global-race-intl-hnk/index.html", "date_published": "2020-10-10 01:11:47+00:00", "persistent": false, "user": null, "language": "en-US"}, {"source": "http://rss.cnn.com/rss/edition.rss", "title": "Trump invites thousands to hear him speak at White House", "description": "President Donald Trump will emerge from his Covid-forced isolation Saturday for a speech from a White House balcony, allowing the public their first independent glimpse in days of a leader recovering from coronavirus.", "link": "https://www.cnn.com/2020/10/09/politics/trump-covid-friday/index.html", "date_published": "2020-10-10 01:05:14+00:00", "persistent": false, "user": null, "language": "en-US"}, {"source": "http://rss.cnn.com/rss/edition.rss", "title": "Two Maine police officers who allegedly beat porcupines to death while on duty have been fired", "description": "Two Maine police officers were fired from the Rockland Police Department following a criminal and internal investigation into allegations leveled against them.", "link": "https://www.cnn.com/2020/10/09/us/police-porcupines-trnd/index.html", "date_published": "2020-10-10 00:42:39+00:00", "persistent": false, "user": null, "language": "en-US"}, {"source": "http://rss.cnn.com/rss/edition.rss", "title": "Trump's law-and-order mantra goes missing in wake of domestic terror plot against Democratic governor", "description": "Over the summer, as racial justice demonstrations swept through American cities, President Donald Trump warned he would wield the powers of government to suppress violence. Embracing a \"law and order\" mantle, Trump himself announced from the East Room a surge of federal agents and castigated groups such as Black Lives Matter as cultivating \"hate.\"", "link": "https://www.cnn.com/2020/10/09/politics/trump-gretchen-whitmer-law-and-order/index.html", "date_published": "2020-10-10 00:35:42+00:00", "persistent": false, "user": null, "language": "en-US"}]