[{"source": "https://www.youtube.com/feeds/videos.xml?channel_id=UC8RfCCzWsMgNspTI-GTFenQ", "title": "40K DARK ORIGINS [4] Time Theory & The Warp - Conclusions | WARHAMMER 40,000 History/Lore", "description": "\u25ba Subscribe: http://goo.gl/oeZMBS \n\u25ba Siege Studios: https://siegestudios.co.uk/\n\u25ba Patreon: https://www.patreon.com/Luetin \n\u25ba Goblin Gaming: (Get - 20% off 40K Products) https://tinyurl.com/6vwcayvj\n\u25ba Premium Storage Solutions: https://www.crystal-fortress.com/\n\u25ba Twitch: http://www.twitch.tv/Luetin\n\u25ba Twitter: http://twitter.com/luetin09\n\n0:00 Intro\n00:45 Time & The Warp\n14:36 Tuchulcha\n19:50 Grizgutz\n21:12 Causality\n24:00 Chrono Protection\n28:49 Interaction with 'The Past'\n37:38 The Imperium's Chronostrife\n48:05 The Immaterium - 5th Dimension\n1:12:15 Warp Final Thoughts\n\n\u25ba BGM Credits:\n\u25ba Kevin MacLeod (Royalty Free Music): http://incompetech.com/music/\n\u25ba https://epidemicsound.com\n\nThis video is an opinion editorial commentary.\nCopyright Disclaimer Under Section 107 of the Copyright Act 1976, allowance is made for fair use purposes such as criticism, commentary, parody, news reporting, teaching, scholarship, and research.\n\nAll works used in this video (Images, audio etc) belong to their respective authors\n(This does not include the audio commentary or licensed BGM).\n\nGames workshop, Warhammer 40,000, Warhammer, 40k, Space Marine Etc are all Trademarks of Games Workshop Ltd. Games Workshop does not endorse or support the 'Lore' videos. All views and opinions expressed in this video belong to Luetin09 and in no way reflect the views or opinions of Games Workshop Ltd.", "link": "https://www.youtube.com/watch?v=5-clqwRmJBs", "date_published": "2020-12-25 00:00:00+00:00", "persistent": false, "user": null, "language": "en-US"}]