[{"source": "https://www.youtube.com/feeds/videos.xml?channel_id=UCme4ZOv65uzGADXuvtHkSvA", "title": "Historie pot\u0142uczone [#01] O Ance, co si\u0119 \u015blimak\u00f3w ba\u0142a", "description": "\u200b@Langusta na palmie #historiepotluczone #podcast\n________________________________________\nHistorie pot\u0142uczone to opowie\u015bci o c\u00f3rkach i synach Boga, pi\u0119knych i brzydkich, \u015bwi\u0119tych i grzesznych, szcz\u0119\u015bliwych i na skraju rozpaczy. To opowie\u015bci o drodze, kt\u00f3r\u0105 idzie si\u0119 do nieba i o zakr\u0119tach i chaszczach, kt\u00f3re spychaj\u0105 do piek\u0142a. To opowie\u015bci o ludziach po prostu. Czyli o nas.\n\nO tym sk\u0105d si\u0119 wzi\u0105\u0142 ten podcast, o katolickiej Okuniewskiej, o czu\u0142o\u015bci dla ludzi i o \u015blimakach, kt\u00f3rych nie trzeba si\u0119 ba\u0107.\n\nS\u0142uchaj Historii pot\u0142uczonych na: \n\u2192 https://anchor.fm/langusta-na-palmie\n\u2192 https://www.spreaker.com/show/historie-potluczone\n\u2192 https://spoti.fi/2NVIRHb\n\u2192 https://apple.co/2ZIPQZv\n\nAby nas wesprze\u0107 kliknij tu \u2192 https://patronite.pl/langustanapalmie\n\nMuzyka: Kai Engel: Brand New World, http://freemusicarchive.org/music/Kai_Engel/\n\nZapraszamy na nowy portal \n\u2192 http://www.dominikanie.pl\nPolecamy subskrypcje portalu na YT\n\u2192 https://www.youtube.com/c/Dominikanieplportal  \nMo\u017cna nas r\u00f3wnie\u017c znale\u017a\u0107 na Facebooku: \n\u2192 https://www.facebook.com/dominikanie\n\nWi\u0119cej nagra\u0144 o. Adama znajdziesz na: \n\u2192 http://www.langustanapalmie.pl\nMo\u017cna nas r\u00f3wnie\u017c znale\u017a\u0107 na Facebooku: \n\u2192 https://www.facebook.com/LangustaNaPalmie\nTwitterze: \n\u2192 https://twitter.com/LangustaPalmowa\nInstagramie: \n\u2192 https://www.instagram.com/langustanapalmie/\n\nZapraszamy.", "link": "https://www.youtube.com/watch?v=wxaC0Kchx04", "date_published": "2020-07-05 00:00:00+00:00", "persistent": false, "user": null, "language": "pl-PL"}, {"source": "https://www.youtube.com/feeds/videos.xml?channel_id=UCme4ZOv65uzGADXuvtHkSvA", "title": "Mocno Stronniczy [#01]  U nas w domu", "description": "@STREFAWODZA @Langustanapalmie \n\nTakich dw\u00f3ch, jak Ci to nie ma :) Zapraszamy co niedziel\u0119 o godz: 10:oo na premier\u0119 zupe\u0142nie nies\u0142ychanej serii ojc\u00f3w Tomasza Nowaka OP i Adama Szustaka OP.\n________________________________________\n\nAby nas wesprze\u0107 kliknij tu \u2192 https://patronite.pl/langustanapalmie\n\nZapraszamy na nowy portal \n\u2192 http://www.dominikanie.pl\nPolecamy subskrypcje portalu na YT\n\u2192 https://www.youtube.com/c/Dominikanieplportal  \nMo\u017cna nas r\u00f3wnie\u017c znale\u017a\u0107 na Facebooku: \n\u2192 https://www.facebook.com/dominikanie\n\nWi\u0119cej nagra\u0144 o. Adama znajdziesz na: \n\u2192 http://www.langustanapalmie.pl\nMo\u017cna nas r\u00f3wnie\u017c znale\u017a\u0107 na Facebooku: \n\u2192 https://www.facebook.com/LangustaNaPalmie\nTwitterze: \n\u2192 https://twitter.com/LangustaPalmowa\nInstagramie: \n\u2192 https://www.instagram.com/langustanapalmie/\n\nZapraszamy.", "link": "https://www.youtube.com/watch?v=sEqHPXYnx-0", "date_published": "2020-07-05 00:00:00+00:00", "persistent": false, "user": null, "language": "pl-PL"}, {"source": "https://www.youtube.com/feeds/videos.xml?channel_id=UCme4ZOv65uzGADXuvtHkSvA", "title": "CNN [#188] Je\u017celi jeste\u015b za du\u017cy, nie wejdziesz do nieba!", "description": "#cnn #kazaniedookienka  @Langustanapalmie \n\nKazanie XIV Niedziel\u0119 zwyk\u0142\u0105, Rok A\n\n1. czytanie (Za 9, 9-10)\n\nTak m\u00f3wi Pan: \u00abRaduj si\u0119 wielce, C\u00f3ro Syjonu, wo\u0142aj rado\u015bnie, C\u00f3ro Jeruzalem! Oto Kr\u00f3l tw\u00f3j idzie do ciebie, sprawiedliwy i zwyci\u0119ski. Pokorny \u2013 jedzie na osio\u0142ku, na o\u015bl\u0105tku, \u017arebi\u0119ciu o\u015blicy. On usunie rydwany z Efraima, a konie z Jeruzalem; \u0142uk wojenny zostanie z\u0142amany. Pok\u00f3j ludom obwie\u015bci. Jego w\u0142adztwo si\u0119ga\u0107 b\u0119dzie od morza do morza, od brzeg\u00f3w Rzeki a\u017c po kra\u0144ce ziemi\u00bb.\n\n2. czytanie (Rz 8, 9. 11-13)\n\nBracia: Wy nie \u017cyjecie wed\u0142ug cia\u0142a, lecz wed\u0142ug Ducha, je\u015bli tylko Duch Bo\u017cy w was mieszka.\n\nJe\u017celi za\u015b kto\u015b nie ma Ducha Chrystusowego, ten do Niego nie nale\u017cy. A je\u017celi mieszka w was Duch Tego, kt\u00f3ry Jezusa wskrzesi\u0142 z martwych, to Ten, co wskrzesi\u0142 Chrystusa Jezusa z martwych, przywr\u00f3ci do \u017cycia wasze \u015bmiertelne cia\u0142a moc\u0105 mieszkaj\u0105cego w was swego Ducha.\n\nJeste\u015bmy wi\u0119c, bracia, d\u0142u\u017cnikami, ale nie cia\u0142a, by\u015bmy \u017cy\u0107 mieli wed\u0142ug cia\u0142a. Bo je\u017celi b\u0119dziecie \u017cyli wed\u0142ug cia\u0142a, czeka was \u015bmier\u0107. Je\u017celi za\u015b przy pomocy Ducha zadawa\u0107 b\u0119dziecie \u015bmier\u0107 pop\u0119dom cia\u0142a \u2013 b\u0119dziecie \u017cyli.\n\nEwangelia (Mt 11, 25-30)\n\nW owym czasie Jezus przem\u00f3wi\u0142 tymi s\u0142owami: \u00abWys\u0142awiam Ci\u0119, Ojcze, Panie nieba i ziemi, \u017ce zakry\u0142e\u015b te rzeczy przed m\u0105drymi i roztropnymi, a objawi\u0142e\u015b je prostaczkom. Tak, Ojcze, gdy\u017c takie by\u0142o Twoje upodobanie.\n\nWszystko przekaza\u0142 Mi Ojciec m\u00f3j. Nikt te\u017c nie zna Syna, tylko Ojciec, ani Ojca nikt nie zna, tylko Syn i ten, komu Syn zechce objawi\u0107.\n\nPrzyjd\u017acie do Mnie wszyscy, kt\u00f3rzy utrudzeni i obci\u0105\u017ceni jeste\u015bcie, a Ja was pokrzepi\u0119. We\u017acie na siebie moje jarzmo i uczcie si\u0119 ode Mnie, bo jestem cichy i pokornego serca, a znajdziecie ukojenie dla dusz waszych. Albowiem s\u0142odkie jest moje jarzmo, a moje brzemi\u0119 lekkie\u00bb.\n________________________________________\n\nAby nas wesprze\u0107 kliknij tu \u2192 https://patronite.pl/langustanapalmie\n\nZapraszamy na nowy portal \n\u2192 http://www.dominikanie.pl\nPolecamy subskrypcje portalu na YT\n\u2192 https://www.youtube.com/c/Dominikanieplportal  \nMo\u017cna nas r\u00f3wnie\u017c znale\u017a\u0107 na Facebooku: \n\u2192 https://www.facebook.com/dominikanie\n\nWi\u0119cej nagra\u0144 o. Adama znajdziesz na: \n\u2192 http://www.langustanapalmie.pl\nMo\u017cna nas r\u00f3wnie\u017c znale\u017a\u0107 na Facebooku: \n\u2192 https://www.facebook.com/LangustaNaPalmie\nTwitterze: \n\u2192 https://twitter.com/LangustaPalmowa\nInstagramie: \n\u2192 https://www.instagram.com/langustanapalmie/\n\nZapraszamy.", "link": "https://www.youtube.com/watch?v=ga5oIkOY8E4", "date_published": "2020-07-04 00:00:00+00:00", "persistent": false, "user": null, "language": "pl-PL"}, {"source": "https://www.youtube.com/feeds/videos.xml?channel_id=UCme4ZOv65uzGADXuvtHkSvA", "title": "Ksi\u0105dz gra w gr\u0119: Detroit Become Human [#07] Tylko mi\u0142o\u015b\u0107 zmienia my\u015blenie", "description": "@Langustanapalmie  #detroitbecomehuman #ksi\u0105dzgrawgr\u0119\n________________________________________\nAby nas wesprze\u0107 kliknij tu \u2192 https://patronite.pl/langustanapalmie\n\nZapraszamy na nowy portal \n\u2192 http://www.dominikanie.pl\nPolecamy subskrypcje portalu na YT\n\u2192 https://www.youtube.com/c/Dominikanieplportal  \nMo\u017cna nas r\u00f3wnie\u017c znale\u017a\u0107 na Facebooku: \n\u2192 https://www.facebook.com/dominikanie\n\nWi\u0119cej nagra\u0144 o. Adama znajdziesz na: \n\u2192 http://www.langustanapalmie.pl\nMo\u017cna nas r\u00f3wnie\u017c znale\u017a\u0107 na Facebooku: \n\u2192 https://www.facebook.com/LangustaNaPalmie\nTwitterze: \n\u2192 https://twitter.com/LangustaPalmowa\nInstagramie: \n\u2192 https://www.instagram.com/langustanapalmie/\n\nZapraszamy.", "link": "https://www.youtube.com/watch?v=yoNJruUiOiU", "date_published": "2020-07-04 00:00:00+00:00", "persistent": false, "user": null, "language": "pl-PL"}, {"source": "https://www.youtube.com/feeds/videos.xml?channel_id=UCme4ZOv65uzGADXuvtHkSvA", "title": "Miriam [#43] Kr\u00f3lowa wniebowzi\u0119ta", "description": "#Miriam #litanialoreta\u0144ska  @Langustanapalmie \n________________________________________\nKomentarze do wezwa\u0144 Litanii Loreta\u0144skiej. \n\nAby nas wesprze\u0107 kliknij tu \u2192 https://patronite.pl/langustanapalmie\n\nZapraszamy na nowy portal \n\u2192 http://www.dominikanie.pl\nPolecamy subskrypcje portalu na YT\n\u2192 https://www.youtube.com/c/Dominikanieplportal  \nMo\u017cna nas r\u00f3wnie\u017c znale\u017a\u0107 na Facebooku: \n\u2192 https://www.facebook.com/dominikanie\n\nWi\u0119cej nagra\u0144 o. Adama znajdziesz na: \n\u2192 http://www.langustanapalmie.pl\nMo\u017cna nas r\u00f3wnie\u017c znale\u017a\u0107 na Facebooku: \n\u2192 https://www.facebook.com/LangustaNaPalmie\nTwitterze: \n\u2192 https://twitter.com/LangustaPalmowa\nInstagramie: \n\u2192 https://www.instagram.com/langustanapalmie/\n\nZapraszamy.", "link": "https://www.youtube.com/watch?v=vMX2vnO8dt8", "date_published": "2020-07-04 00:00:00+00:00", "persistent": false, "user": null, "language": "pl-PL"}, {"source": "https://www.youtube.com/feeds/videos.xml?channel_id=UCme4ZOv65uzGADXuvtHkSvA", "title": "Wstawaki [#548] Miara", "description": "#Wstawaki #zr\u00f3bmydobrydzie\u0144 #AdamSzustakOP\n\n\"Wstawaki 2.0\" muz: Jan Smoczy\u0144ski || Agnieszka Musia\u0142  \n\nZapraszamy na nowy portal \n\u2192 http://www.dominikanie.pl\nPolecamy subskrypcje portalu na YT\n\u2192 https://www.youtube.com/c/Dominikanieplportal  \nMo\u017cna nas r\u00f3wnie\u017c znale\u017a\u0107 na Facebooku: \n\u2192 https://www.facebook.com/dominikanie\n\nWi\u0119cej nagra\u0144 o. Adama znajdziesz na: \n\u2192 http://www.langustanapalmie.pl\nMo\u017cna nas r\u00f3wnie\u017c znale\u017a\u0107 na Facebooku: \n\u2192 https://www.facebook.com/LangustaNaPalmie\nTwitterze: \n\u2192 https://twitter.com/LangustaPalmowa\nInstagramie: \n\u2192 https://www.instagram.com/langustanapalmie/\n\nZapraszamy.", "link": "https://www.youtube.com/watch?v=pOZ2uElaAoE", "date_published": "2020-07-04 00:00:00+00:00", "persistent": false, "user": null, "language": "pl-PL"}]