[{"source": "https://www.youtube.com/feeds/videos.xml?channel_id=UCswH8ovgUp5Bdg-0_JTYFNw", "title": "A Theory On Consciousness That Could Change EVERYTHING!", "description": "I spoke with Dr. Philip Goff this week on my podcast Under The Skin, he is an expert in Panpyschism.\nIf you want to listen to it you can on Luminary! It's out right now!  http://luminary.link/russell\n\nSubscribe to my channel here: http://tinyurl.com/opragcg\n(make sure to hit the BELL icon to be notified of new videos!)\n\nGet my book \"Recovery\" here: https://amzn.to/2R7c810\nGet my book \"Mentors\" here (and as an audiobook!): https://amzn.to/2t0Zu9U\n\nInstagram: http://instagram.com/russellbrand/\nTwitter: http://twitter.com/rustyrockets\n\nProduced by Jenny May Finn (Instagram: @jennymayfinn)", "link": "https://www.youtube.com/watch?v=KELApiVxLhI", "date_published": "2020-07-05 00:00:00+00:00", "persistent": false, "user": null, "language": "en-US"}]