[{"source": "https://www.youtube.com/feeds/videos.xml?channel_id=UCw--xPGVVxYzRsWyV1nFqgg", "title": "IF IT BLEEDS - Stephen King REVIEW", "description": "My review of stephen kings latest short story collection, If It Bleeds. A strong showing from the horror icon. \nMerch: https://teespring.com/stores/fantasy-news-2\nPatreon: https://www.patreon.com/DanielBGreene\nAmazon: https://www.amazon.com/shop/danielgreene\nDiscord Server: https://discord.gg/xUzhVv4\nTwitter: https://twitter.com/DanielBGreene?lang=en\nTwitch: https://www.twitch.tv/fantasynews\nInstagram: https://www.instagram.com/dgreene101/\nGoodReads: https://www.goodreads.com/user/show/82239739-daniel-greene\nSubreddit: https://www.reddit.com/r/danielgreene\n\nStart Reading Stephen King: https://www.youtube.com/watch?v=rJWk_bq8Jn8&t=640s", "link": "https://www.youtube.com/watch?v=h8uSljqU88M", "date_published": "2020-07-04 00:00:00+00:00", "persistent": false, "user": null, "language": "en-US"}]