[{"source": "http://feeds.bbci.co.uk/news/rss.xml", "title": "Coronavirus lockdowns: Where is next after Leicester?", "description": "Trends in recent coronavirus infections suggest Leicester is very different from the rest of the UK.", "link": "https://www.bbc.co.uk/news/health-53280238", "date_published": "2020-07-04 23:59:04+00:00", "persistent": false, "user": null, "language": "en-US"}, {"source": "http://feeds.bbci.co.uk/news/rss.xml", "title": "Coronavirus: Before and after portraits of haircuts as hairdressers reopen", "description": "Before and after portraits as the people of Coventry visit the salon for the first time in three months", "link": "https://www.bbc.co.uk/news/in-pictures-53290746", "date_published": "2020-07-04 23:58:07+00:00", "persistent": false, "user": null, "language": "en-US"}, {"source": "http://feeds.bbci.co.uk/news/rss.xml", "title": "The Grand Old Man of India who became Britain's first Asian MP", "description": "Indian-born Dadabhai Naoroji was the first Asian to sit in the House of Commons.", "link": "https://www.bbc.co.uk/news/world-asia-india-52829458", "date_published": "2020-07-04 23:55:32+00:00", "persistent": false, "user": null, "language": "en-US"}, {"source": "http://feeds.bbci.co.uk/news/rss.xml", "title": "'Why I've used skin-whitening products'", "description": "Radio 1 Newsbeat ask people from South Asian backgrounds about using of skin-lightening products.", "link": "https://www.bbc.co.uk/news/newsbeat-53275734", "date_published": "2020-07-04 23:40:03+00:00", "persistent": false, "user": null, "language": "en-US"}, {"source": "http://feeds.bbci.co.uk/news/rss.xml", "title": "Coronavirus: How deportation staff became food bank volunteers", "description": "People who usually assist with airport deportations have been helping feed those affected by the Covid-19 lockdown.", "link": "https://www.bbc.co.uk/news/uk-53283350", "date_published": "2020-07-04 23:09:58+00:00", "persistent": false, "user": null, "language": "en-US"}, {"source": "http://feeds.bbci.co.uk/news/rss.xml", "title": "Coronavirus: Why Singapore turned to wearable contact-tracing tech", "description": "The TraceTogether Token is designed to make an app more effective, but worries privacy campaigners.", "link": "https://www.bbc.co.uk/news/technology-53146360", "date_published": "2020-07-04 23:01:31+00:00", "persistent": false, "user": null, "language": "en-US"}, {"source": "http://feeds.bbci.co.uk/news/rss.xml", "title": "Coronavirus: The story of a socially distant wedding", "description": "Beth Johnson and Phil Hobbs had to scale down their wedding day because of coronavirus restrictions.", "link": "https://www.bbc.co.uk/news/uk-53287932", "date_published": "2020-07-04 22:57:12+00:00", "persistent": false, "user": null, "language": "en-US"}, {"source": "http://feeds.bbci.co.uk/news/rss.xml", "title": "Man Utd: Mason Greenwood, Marcus Rashford and Anthony Martial's rise to form", "description": "Manchester United's front three of Anthony Martial, Marcus Rashford and Mason Greenwood have 55 goals between them. How good are they?", "link": "https://www.bbc.co.uk/sport/football/53294743", "date_published": "2020-07-04 22:24:51+00:00", "persistent": false, "user": null, "language": "en-US"}, {"source": "http://feeds.bbci.co.uk/news/rss.xml", "title": "Coronavirus: UK PM's father says he hopes for 'air bridge' with Greece", "description": "Boris Johnson's father Stanley has defended his trip to Greece, which critics said broke lockdown rules.", "link": "https://www.bbc.co.uk/news/uk-53292142", "date_published": "2020-07-04 18:47:05+00:00", "persistent": false, "user": null, "language": "en-US"}]