[{"source": "https://www.youtube.com/feeds/videos.xml?channel_id=UCNu7GSRF7Y10OIWHQHpAx1g", "title": "Zostajemy tu na d\u0142u\u017cej", "description": "Ceny na Filipinach:\nhttps://youtu.be/9pauXISAavg\nhttps://youtu.be/Xb6cDl89v60\nhttps://youtu.be/dqCVeC4fL_A\n\nWszystkie odcinki chronologicznie: http://bit.ly/2MqAO7Q\n(mo\u017cna te\u017c klika\u0107 w kart\u0119 \"Nast\u0119pny odcinek\" pojawiaj\u0105c\u0105 si\u0119 pod koniec ka\u017cdego filmu po prawej stronie u g\u00f3ry)\n\nWsparcie w Patronite: http://bit.ly/2KsFTZk \nInstagram: http://instagram.com/bezplanu_czukesky \nFacebook: https://www.facebook.com/BezPlanu.tv \n\nCzas akcji: czerwiec 2020 r.\n\nT\u0142umaczenie na angielski: Micha\u0142 Stadryniak\nwww.linkedin.com/in/micha\u0142-stadryniak-82b8491a6", "link": "https://www.youtube.com/watch?v=tYpd2hStLsc", "date_published": "2020-07-05 00:00:00+00:00", "persistent": false, "user": null, "language": "en-US"}]