[{"source": "https://www.youtube.com/feeds/videos.xml?channel_id=UCwSv086EAByBY-Z7y-QR_cQ", "title": "Niemiecki Itwh GmbH buduje system zarz\u0105dzania sieci\u0105 kanalizacyjn\u0105 w Warszawie!", "description": "\ud83e\udd2a Mi\u0142o, \u017ce tutaj zajrza\u0142e\u015b.  Zapraszam do ogl\u0105dania.\n\n\u2b07\ufe0fRozwi\u0144 opis\u2b07\ufe0f\n------------------------------------------------------------\n\ud83d\udc40 Mroczne Podcasty: https://goo.gl/cdCFKe\n\ud83d\udc40 Hello World_: http://bit.ly/31BEhnv\n\ud83d\udc40 Tatusiek: http://bit.ly/3aSCheE\n------------------------------------------------------------\n\ud83d\udc40 twitter: http://bit.ly/2B6jTPd\n------------------------------------------------------------\n\ud83d\udd12 Do\u0142\u0105cz do Sp\u00f3\u0142dzielni\nhttps://discord.gg/RSEUaR3\n------------------------------------------------------------\n\u2709\ufe0f Ludzie listy pisz\u0105 \n\ud83d\udd8a\ufe0f uszi@protonmail.com\n------------------------------------------------------------\n\ud83d\udc7a niecenzuralne i agresywne komentarze zostan\u0105 usuni\u0119te.  Jak ju\u017c musisz zakl\u0105\u0107 dawaj znaki (&*%@%).\n------------------------------------------------------------\n\ud83d\udcb2 Donate/ Darowizna\nPLN / SMS / Blik: http://bit.ly/2ETKSyN\nBTC: 174EmE88YFtvs6fuM8ZL5yYbik8hcaY6ud\n---------------------------------------------------------------\n\u2705\u017ar\u00f3d\u0142a:\nhttps://bit.ly/2NXRTDv\nhttps://bit.ly/38utMWH\nhttps://bit.ly/2D8Li73\nhttps://bit.ly/2ZyjRLy\nhttps://bit.ly/3gw8o6e\nhttps://bit.ly/2ZKxc3E\nhttps://bit.ly/2VR5xwK\nhttps://bit.ly/31N9MNG\nhttps://bit.ly/3e2M9Tu\nhttps://bit.ly/3e1xIiz\nhttps://bit.ly/2BEFG47\n-------------------------------------------------------------\n\ud83d\udca1 Tagi: #Warszawa #Trzaskowski\n--------------------------------------------------------------", "link": "https://www.youtube.com/watch?v=a3J3bl58nOM", "date_published": "2020-07-05 00:00:00+00:00", "persistent": false, "user": null, "language": "en-US"}, {"source": "https://www.youtube.com/feeds/videos.xml?channel_id=UCwSv086EAByBY-Z7y-QR_cQ", "title": "Rada Miasta Minneapolis chce zlikwidowa\u0107 policj\u0119! Na co p\u00f3jd\u0105 pieni\u0105dze?", "description": "\ud83e\udd2a Mi\u0142o, \u017ce tutaj zajrza\u0142e\u015b.  Zapraszam do ogl\u0105dania.\n\n\u2b07\ufe0fRozwi\u0144 opis\u2b07\ufe0f\n------------------------------------------------------------\n\ud83d\udc40 Mroczne Podcasty: https://goo.gl/cdCFKe\n\ud83d\udc40 Hello World_: http://bit.ly/31BEhnv\n\ud83d\udc40 Tatusiek: http://bit.ly/3aSCheE\n------------------------------------------------------------\n\ud83d\udc40 twitter: http://bit.ly/2B6jTPd\n------------------------------------------------------------\n\ud83d\udd12 Do\u0142\u0105cz do Sp\u00f3\u0142dzielni\nhttps://discord.gg/RSEUaR3\n------------------------------------------------------------\n\u2709\ufe0f Ludzie listy pisz\u0105 \n\ud83d\udd8a\ufe0f uszi@protonmail.com\n------------------------------------------------------------\n\ud83d\udc7a niecenzuralne i agresywne komentarze zostan\u0105 usuni\u0119te.  Jak ju\u017c musisz zakl\u0105\u0107 dawaj znaki (&*%@%).\n------------------------------------------------------------\n\ud83d\udcb2 Donate/ Darowizna\nPLN / SMS / Blik: http://bit.ly/2ETKSyN\nBTC: 174EmE88YFtvs6fuM8ZL5yYbik8hcaY6ud\n---------------------------------------------------------------\n\u2705\u017ar\u00f3d\u0142a:\nhttps://bit.ly/31JUAAB\nhttps://bit.ly/2NTzUOq\nhttps://bit.ly/38r8ngU\nhttps://bit.ly/31L7Ftu\nhttps://benjerrys.co/2BD4qtA\n-------------------------------------------------------------\n\ud83d\udca1 Tagi: #Minneapolis #spo\u0142ecze\u0144stwo\n--------------------------------------------------------------", "link": "https://www.youtube.com/watch?v=tSeiX5n1jao", "date_published": "2020-07-04 00:00:00+00:00", "persistent": false, "user": null, "language": "en-US"}]