[{"source": "https://www.youtube.com/feeds/videos.xml?channel_id=UCwSv086EAByBY-Z7y-QR_cQ", "title": "Min. Szumowski zdradza, kiedy przestaniemy nosi\u0107 maseczki", "description": "\ud83e\udd2a Mi\u0142o, \u017ce tutaj zajrza\u0142e\u015b.  Zapraszam do ogl\u0105dania.\n\n\u2b07\ufe0fRozwi\u0144 opis\u2b07\ufe0f\n------------------------------------------------------------\n\ud83d\udc40 Mroczne Podcasty: https://goo.gl/cdCFKe\n\ud83d\udc40 Hello World_: http://bit.ly/31BEhnv\n\ud83d\udc40 Tatusiek: http://bit.ly/3aSCheE\n------------------------------------------------------------\n\ud83d\udc40 twitter: http://bit.ly/2B6jTPd\n------------------------------------------------------------\n\u2709\ufe0f Ludzie listy pisz\u0105 \n\ud83d\udd8a\ufe0f uszi@protonmail.com\n------------------------------------------------------------\n\ud83d\udc7a niecenzuralne i agresywne komentarze zostan\u0105 usuni\u0119te.  Jak ju\u017c musisz zakl\u0105\u0107 dawaj znaki (&*%@%).\n------------------------------------------------------------\n\ud83d\udcb2 wsparcie\n\ud83d\udcb0 http://bit.ly/2ETKSyN\n------------------------------------------------------------\n\u2705\u017ar\u00f3d\u0142a:\nLink 1:                   https://bit.ly/2zbLFMh\nLink 2:                   https://bit.ly/2VjNVJK \nLink 3:                   https://bit.ly/2z8YMxD\nLink 4:                   https://bit.ly/3apqFi9\nLink 5:                   https://bit.ly/2KexMPx \n---------------------------------------------------------------\n\ud83d\uddbcGrafika: \ngov.pl - http://bit.ly/2lVWjQr\n-------------------------------------------------------------\n\ud83d\udca1 Tagi: #Szumowski\n--------------------------------------------------------------", "link": "https://www.youtube.com/watch?v=clmgPTcR3bM", "date_published": "2020-04-18 00:00:00+00:00", "persistent": false, "user": null, "language": "en-US"}, {"source": "https://www.youtube.com/feeds/videos.xml?channel_id=UCwSv086EAByBY-Z7y-QR_cQ", "title": "Powa\u017cne w\u0105tpliwo\u015bci co do autentyczno\u015bci podpis\u00f3w na listach poparcia Marka Jakubiaka", "description": "\ud83e\udd2a Mi\u0142o, \u017ce tutaj zajrza\u0142e\u015b.  Zapraszam do ogl\u0105dania.\n\n\u2b07\ufe0fRozwi\u0144 opis\u2b07\ufe0f\n------------------------------------------------------------\n\ud83d\udc40 Mroczne Podcasty: https://goo.gl/cdCFKe\n\ud83d\udc40 Hello World_: http://bit.ly/31BEhnv\n\ud83d\udc40 Tatusiek: http://bit.ly/3aSCheE\n------------------------------------------------------------\n\ud83d\udc40 twitter: http://bit.ly/2B6jTPd\n------------------------------------------------------------\n\u2709\ufe0f Ludzie listy pisz\u0105 \n\ud83d\udd8a\ufe0f uszi@protonmail.com\n------------------------------------------------------------\n\ud83d\udc7a niecenzuralne i agresywne komentarze zostan\u0105 usuni\u0119te.  Jak ju\u017c musisz zakl\u0105\u0107 dawaj znaki (&*%@%).\n------------------------------------------------------------\n\ud83d\udcb2 wsparcie\n\ud83d\udcb0 http://bit.ly/2ETKSyN\n------------------------------------------------------------\n\u2705\u017ar\u00f3d\u0142a:\nLink 1:                   https://bit.ly/2Vivd5A\nLink 2:                   https://bit.ly/2KgnPkw\nLink 3:                   https://bit.ly/2wLqtf8\nLink 4:                   https://bit.ly/2VgPYhL\nLink 5:                   https://bit.ly/2KeOJto\nLink 6:                   https://bit.ly/3ewC5DE\nLink 7:                   https://bit.ly/3akbPJw\n---------------------------------------------------------------\n\ud83d\uddbcGrafika: \nwikimedia / Adrian Grycuk\nhttps://bit.ly/3bsVS4Y\n-------------------------------------------------------------\n\ud83d\udca1 Tagi: #Jakubiak #wybory\n--------------------------------------------------------------", "link": "https://www.youtube.com/watch?v=zCRay_IGwcE", "date_published": "2020-04-17 00:00:00+00:00", "persistent": false, "user": null, "language": "en-US"}]