[{"source": "https://www.youtube.com/feeds/videos.xml?channel_id=UCme4ZOv65uzGADXuvtHkSvA", "title": "Karaluchy pod poduchy [#04] Kiedy ko\u0144czy si\u0119 noc?", "description": "@langustanapalmie @dominikanie.pl #dobranocka #karaluchypodpoduchy #zostanwdomu ________________________________________\n\nAby nas wesprze\u0107 kliknij tu \u2192 https://patronite.pl/langustanapalmie\n\nCodzienne wieczorne spotkania z dobranckami i komplet\u0105. \n\nZapraszamy na nowy portal \n\u2192 http://www.dominikanie.pl\nPolecamy subskrypcje portalu na YT\n\u2192 https://www.youtube.com/c/Dominikanieplportal  \nMo\u017cna nas r\u00f3wnie\u017c znale\u017a\u0107 na Facebooku: \n\u2192 https://www.facebook.com/dominikanie\n\nWi\u0119cej nagra\u0144 o. Adama znajdziesz na: \n\u2192 http://www.langustanapalmie.pl\nMo\u017cna nas r\u00f3wnie\u017c znale\u017a\u0107 na Facebooku: \n\u2192 https://www.facebook.com/LangustaNaPalmie\nTwitterze: \n\u2192 https://twitter.com/LangustaPalmowa\nInstagramie: \n\u2192 https://www.instagram.com/langustanapalmie/\n\nZapraszamy.", "link": "https://www.youtube.com/watch?v=eH8mWQJm0Vs", "date_published": "2020-04-18 00:00:00+00:00", "persistent": false, "user": null, "language": "pl-PL"}, {"source": "https://www.youtube.com/feeds/videos.xml?channel_id=UCme4ZOv65uzGADXuvtHkSvA", "title": "Ksi\u0105dz gra w gr\u0119? Uncharted 4 [#01] B\u0119dzie nowa seria?", "description": "@langustanapalmie #bedegralwgre #zostanwdomu\n________________________________________\nAby nas wesprze\u0107 kliknij tu \u2192 https://patronite.pl/langustanapalmie\n\nMiniaturk\u0119 stworzy\u0142 dla nas: Sebastian Gw\u00f3\u017ad\u017a. \n\nZapraszamy na nowy portal \n\u2192 http://www.dominikanie.pl\nPolecamy subskrypcje portalu na YT\n\u2192 https://www.youtube.com/c/Dominikanieplportal  \nMo\u017cna nas r\u00f3wnie\u017c znale\u017a\u0107 na Facebooku: \n\u2192 https://www.facebook.com/dominikanie\n\nWi\u0119cej nagra\u0144 o. Adama znajdziesz na: \n\u2192 http://www.langustanapalmie.pl\nMo\u017cna nas r\u00f3wnie\u017c znale\u017a\u0107 na Facebooku: \n\u2192 https://www.facebook.com/LangustaNaPalmie\nTwitterze: \n\u2192 https://twitter.com/LangustaPalmowa\nInstagramie: \n\u2192 https://www.instagram.com/langustanapalmie/\n\nZapraszamy.", "link": "https://www.youtube.com/watch?v=EyP1XHrGOKI", "date_published": "2020-04-18 00:00:00+00:00", "persistent": false, "user": null, "language": "pl-PL"}, {"source": "https://www.youtube.com/feeds/videos.xml?channel_id=UCme4ZOv65uzGADXuvtHkSvA", "title": "Miriam [#32] Wie\u017ca z ko\u015bci s\u0142oniowej", "description": "#LitaniaLoreta\u0144ska\nZapraszamy na  kontynuacj\u0119 serii o Miriam, czyli komentarz do Litanii Loreta\u0144skiej do Naj\u015bwi\u0119tszej Maryi Panny.\n\nKyrie, elejson. \nChryste, elejson. \nKyrie, elejson.\nChryste, us\u0142ysz nas. \nChryste, wys\u0142uchaj nas.\n \nOjcze z nieba, Bo\u017ce, zmi\u0142uj si\u0119 nad nami.\nSynu, Odkupicielu \u015bwiata, Bo\u017ce, zmi\u0142uj si\u0119 nad nami.\nDuchu \u015awi\u0119ty, Bo\u017ce, zmi\u0142uj si\u0119 nad nami.\n\u015awi\u0119ta Tr\u00f3jco, Jedyny Bo\u017ce, zmi\u0142uj si\u0119 nad nami.\n \n\u015awi\u0119ta Maryjo, m\u00f3dl si\u0119 za nami.\n\u015awi\u0119ta Bo\u017ca Rodzicielko, m\u00f3dl si\u0119 za nami.\n\u015awi\u0119ta Panno nad pannami, m\u00f3dl si\u0119 za nami.\nMatko Chrystusowa, m\u00f3dl si\u0119 za nami.\nMatko Ko\u015bcio\u0142a, m\u00f3dl si\u0119 za nami.\nMatko \u0142aski Bo\u017cej, m\u00f3dl si\u0119 za nami.\nMatko Mi\u0142osierdzia, m\u00f3dl si\u0119 za nami.\nMatko nieskalana, m\u00f3dl si\u0119 za nami.\nMatko najczystsza, m\u00f3dl si\u0119 za nami.\nMatko dziewicza, m\u00f3dl si\u0119 za nami.\nMatko nienaruszona, m\u00f3dl si\u0119 za nami.\nMatko najmilsza, m\u00f3dl si\u0119 za nami.\nMatko przedziwna, m\u00f3dl si\u0119 za nami.\nMatko dobrej rady, m\u00f3dl si\u0119 za nami.\nMatko Stworzyciela, m\u00f3dl si\u0119 za nami.\nMatko Zbawiciela, m\u00f3dl si\u0119 za nami.\nPanno roztropna, m\u00f3dl si\u0119 za nami.\nPanno czcigodna, m\u00f3dl si\u0119 za nami.\nPanno ws\u0142awiona, m\u00f3dl si\u0119 za nami.\nPanno mo\u017cna, m\u00f3dl si\u0119 za nami.\nPanno \u0142askawa, m\u00f3dl si\u0119 za nami.\nPanno wierna, m\u00f3dl si\u0119 za nami.\nZwierciad\u0142o sprawiedliwo\u015bci, m\u00f3dl si\u0119 za nami.\nStolico m\u0105dro\u015bci, m\u00f3dl si\u0119 za nami.\nPrzyczyno naszej rado\u015bci, m\u00f3dl si\u0119 za nami.\nPrzybytku Ducha \u015awi\u0119tego, m\u00f3dl si\u0119 za nami.\nPrzybytku chwalebny, m\u00f3dl si\u0119 za nami.\nPrzybytku s\u0142awny pobo\u017cno\u015bci, m\u00f3dl si\u0119 za nami.\nR\u00f3\u017co duchowna, m\u00f3dl si\u0119 za nami.\nWie\u017co Dawidowa, m\u00f3dl si\u0119 za nami.\nWie\u017co z ko\u015bci s\u0142oniowej, m\u00f3dl si\u0119 za nami.\nDomie z\u0142oty, m\u00f3dl si\u0119 za nami.\nArko przymierza, m\u00f3dl si\u0119 za nami.\nBramo niebieska, m\u00f3dl si\u0119 za nami.\nGwiazdo zaranna, m\u00f3dl si\u0119 za nami.\nUzdrowienie chorych, m\u00f3dl si\u0119 za nami.\nUcieczko grzesznych, m\u00f3dl si\u0119 za nami.\nPocieszycielko strapionych, m\u00f3dl si\u0119 za nami.\nWspomo\u017cenie wiernych, m\u00f3dl si\u0119 za nami.\nKr\u00f3lowo Anio\u0142\u00f3w, m\u00f3dl si\u0119 za nami.\nKr\u00f3lowo Patriarch\u00f3w, m\u00f3dl si\u0119 za nami.\nKr\u00f3lowo Prorok\u00f3w, m\u00f3dl si\u0119 za nami.\nKr\u00f3lowo Aposto\u0142\u00f3w, m\u00f3dl si\u0119 za nami.\nKr\u00f3lowo M\u0119czennik\u00f3w, m\u00f3dl si\u0119 za nami.\nKr\u00f3lowo Wyznawc\u00f3w, m\u00f3dl si\u0119 za nami.\nKr\u00f3lowo Dziewic, m\u00f3dl si\u0119 za nami.\nKr\u00f3lowo wszystkich \u015awi\u0119tych, m\u00f3dl si\u0119 za nami.\nKr\u00f3lowo bez zmazy pierworodnej pocz\u0119ta, m\u00f3dl si\u0119 za nami.\nKr\u00f3lowo wniebowzi\u0119ta, m\u00f3dl si\u0119 za nami.\nKr\u00f3lowo r\u00f3\u017ca\u0144ca \u015bwi\u0119tego, m\u00f3dl si\u0119 za nami.\nKr\u00f3lowo rodzin, m\u00f3dl si\u0119 za nami.\nKr\u00f3lowo pokoju, m\u00f3dl si\u0119 za nami.\nKr\u00f3lowo Polski, m\u00f3dl si\u0119 za nami.\n \nBaranku Bo\u017cy, kt\u00f3ry g\u0142adzisz grzechy \u015bwiata, przepu\u015b\u0107 nam Panie.\nBaranku Bo\u017cy, kt\u00f3ry g\u0142adzisz grzechy \u015bwiata, wys\u0142uchaj nas Panie\nBaranku Bo\u017cy, kt\u00f3ry g\u0142adzisz grzechy \u015bwiata, zmi\u0142uj si\u0119 nad nami.\n\nK. M\u00f3dl si\u0119 za nami, \u015awi\u0119ta Bo\u017ca Rodzicielko.\nW. Aby\u015bmy si\u0119 stali godnymi obietnic Chrystusowych.\n\nM\u00f3dlmy si\u0119. Panie, nasz Bo\u017ce, daj nam, s\u0142ugom swoim, cieszy\u0107 si\u0119 trwa\u0142ym zdrowiem duszy i cia\u0142a, i za wstawiennictwem Naj\u015bwi\u0119tszej Maryi, zawsze Dziewicy,  uwolnij nas od doczesnych utrapie\u0144 i obdarz wieczn\u0105 rado\u015bci\u0105. Przez Chrystusa, Pana naszego. Amen.\n\nMuzyka:  https://soundcloud.com/dyallas\n_______________________________________\nTu nas mo\u017cna wesprze\u0107: https://patronite.pl/langustanapalmie \n\nWi\u0119cej nagra\u0144 o. Adama znajdziesz na:  \nhttp://www.langustanapalmie.pl \n\nMo\u017cna nas r\u00f3wnie\u017c znale\u017a\u0107 na:\nFacebooku: https://www.facebook.com/LangustaNaPalmie \nTwitterze: https://twitter.com/LangustaPalmowa \nInstagramie: https://www.instagram.com/langustanapalmie \n\nZapraszamy.", "link": "https://www.youtube.com/watch?v=pXoNNghecrw", "date_published": "2020-04-18 00:00:00+00:00", "persistent": false, "user": null, "language": "pl-PL"}, {"source": "https://www.youtube.com/feeds/videos.xml?channel_id=UCme4ZOv65uzGADXuvtHkSvA", "title": "Wstawaki [#482] Jak bobry", "description": "#Wstawaki #zr\u00f3bmydobrydzie\u0144 #AdamSzustakOP\n\nZapraszamy na nowy portal \n\u2192 http://www.dominikanie.pl\nPolecamy subskrypcje portalu na YT\n\u2192 https://www.youtube.com/c/Dominikanieplportal  \nMo\u017cna nas r\u00f3wnie\u017c znale\u017a\u0107 na Facebooku: \n\u2192 https://www.facebook.com/dominikanie\n\nWi\u0119cej nagra\u0144 o. Adama znajdziesz na: \n\u2192 http://www.langustanapalmie.pl\nMo\u017cna nas r\u00f3wnie\u017c znale\u017a\u0107 na Facebooku: \n\u2192 https://www.facebook.com/LangustaNaPalmie\nTwitterze: \n\u2192 https://twitter.com/LangustaPalmowa\nInstagramie: \n\u2192 https://www.instagram.com/langustanapalmie/\n\nZapraszamy.", "link": "https://www.youtube.com/watch?v=Rz1Pt_zcMIk", "date_published": "2020-04-18 00:00:00+00:00", "persistent": false, "user": null, "language": "pl-PL"}, {"source": "https://www.youtube.com/feeds/videos.xml?channel_id=UCme4ZOv65uzGADXuvtHkSvA", "title": "Karaluchy pod poduchy [#03] Na pustyni", "description": "@langustanapalmie @dominikanie.pl #dobranocka #karaluchypodpoduchy #zostanwdomu ________________________________________\n\nAby nas wesprze\u0107 kliknij tu \u2192 https://patronite.pl/langustanapalmie\n\nCodzienne wieczorne spotkania z dobranckami i komplet\u0105. \n\nZapraszamy na nowy portal \n\u2192 http://www.dominikanie.pl\nPolecamy subskrypcje portalu na YT\n\u2192 https://www.youtube.com/c/Dominikanieplportal  \nMo\u017cna nas r\u00f3wnie\u017c znale\u017a\u0107 na Facebooku: \n\u2192 https://www.facebook.com/dominikanie\n\nWi\u0119cej nagra\u0144 o. Adama znajdziesz na: \n\u2192 http://www.langustanapalmie.pl\nMo\u017cna nas r\u00f3wnie\u017c znale\u017a\u0107 na Facebooku: \n\u2192 https://www.facebook.com/LangustaNaPalmie\nTwitterze: \n\u2192 https://twitter.com/LangustaPalmowa\nInstagramie: \n\u2192 https://www.instagram.com/langustanapalmie/\n\nZapraszamy.", "link": "https://www.youtube.com/watch?v=9vBQWMB3jCA", "date_published": "2020-04-17 00:00:00+00:00", "persistent": false, "user": null, "language": "pl-PL"}, {"source": "https://www.youtube.com/feeds/videos.xml?channel_id=UCme4ZOv65uzGADXuvtHkSvA", "title": "Wstawaki [#481] Najwi\u0119ksza", "description": "#Wstawaki #zr\u00f3bmydobrydzie\u0144 #AdamSzustakOP\n\nZapraszamy na nowy portal \n\u2192 http://www.dominikanie.pl\nPolecamy subskrypcje portalu na YT\n\u2192 https://www.youtube.com/c/Dominikanieplportal  \nMo\u017cna nas r\u00f3wnie\u017c znale\u017a\u0107 na Facebooku: \n\u2192 https://www.facebook.com/dominikanie\n\nWi\u0119cej nagra\u0144 o. Adama znajdziesz na: \n\u2192 http://www.langustanapalmie.pl\nMo\u017cna nas r\u00f3wnie\u017c znale\u017a\u0107 na Facebooku: \n\u2192 https://www.facebook.com/LangustaNaPalmie\nTwitterze: \n\u2192 https://twitter.com/LangustaPalmowa\nInstagramie: \n\u2192 https://www.instagram.com/langustanapalmie/\n\nZapraszamy.", "link": "https://www.youtube.com/watch?v=FQZzRHXpyMU", "date_published": "2020-04-17 00:00:00+00:00", "persistent": false, "user": null, "language": "pl-PL"}]