[{"source": "https://www.youtube.com/feeds/videos.xml?channel_id=UCLsnJt_eyqkGZ4ZEM__xCOg", "title": "PODWODNE MIASTO W TURCJI - HASANKEYF", "description": "\ud83d\uddfa\ufe0f Turcja 2020 #13. Podczas swojej podr\u00f3\u017cy po wschodniej Turcji natrafi\u0142em na miasto, kt\u00f3re zaledwie kilka miesi\u0119cy temu zosta\u0142o ca\u0142kowicie zalane.\nWejd\u017a na https://surfshark.deals/CASH i u\u017cyj kodu \"Cash\" aby zyska\u0107 84% zni\u017cki i 4 miesi\u0105ce za darmo!\n\n\u2757 Zosta\u0144 Patronem kana\u0142u! \nhttps://patronite.pl/vlogcasha\n\n\ud83d\udcb5 Zni\u017cka do 250 z\u0142 na nocleg z Airbnb: https://bit.ly/2U7dVqY\n\nMateria\u0142y z drona dzi\u0119ki uprzejmo\u015bci:\n- @MuharremKARAKAS \n- Ercan Alan\n\nVlogi z Turcji (2019-2020): https://bit.ly/31VPCR3\nVlogi z Kolumbii: https://bit.ly/36tqlhH\n\ud83c\udf0f Vlogi z Azji P\u0142d-Wsch: https://bit.ly/2wrM9t2\n\ud83c\udde6\ud83c\uddfa Vlogi z Australii: https://bit.ly/2OJWYOy\n\ud83c\uddfa\ud83c\uddf8 Vlogi z \u017cycia i podr\u00f3\u017cy w USA: https://bit.ly/2ya73NV\n\ud83d\ude99Vlogi z autostopu 2018: https://bit.ly/2NbHzos\n\n\u25b8 Instagram: https://www.instagram.com/vlogcasha\n\u25b8 Facebook: https://www.facebook.com/vlogcasha/\n\u25b8 \"Grupa Casha\" na FB: https://bit.ly/2N1a6wX\n\n#Podr\u00f3\u017ceCasha #CashWTurcji #Turcja", "link": "https://www.youtube.com/watch?v=g_Ayf-c0jgs", "date_published": "2020-11-19 00:00:00+00:00", "persistent": false, "user": null, "language": "pl-PL"}]