[{"source": "https://www.youtube.com/feeds/videos.xml?channel_id=UC-2JUs_G21BrJ0efehwGkUw", "title": "Josh's Turnpike (ft. Josh Smith) | SCARY GOLDINGS", "description": "Patreon: http://modal.scarypocketsfunk.com/patreon\nStore: https://www.scarypocketsfunk.com\nListen on Spotify: https://open.spotify.com/artist/7qpDEiYbQJt05vCyAbg3ru?si=jYIYnNKXSQm3ut8tkkNJlQ\n\nTip Jar: http://modal.scarypocketsfunk.com/tips\nInstagram: http://modal.scarypocketsfunk.com/instagram\nFacebook: http://modal.scarypocketsfunk.com/facebook\nDiscord: http://modal.scarypocketsfunk.com/discord\nSubscribe: http://modal.scarypocketsfunk.com/subscribe\n\n\"Josh's Turnpike\" is an original song by Scary Goldings.\n\nCREDITS\nOrgan: Larry Goldings\nGuitar: Josh Smith \nDrums: Lemar Carter\nBass: Tim Lefebvre\nKeys: Jack Conte\nGuitar: Ryan Lerman\n\nRecording Engineer: Caleb Parker\nAssistant Engineer: Branko Presley\nMixing/Mastering: Craig Polasko\nVideo Direction/Production: Ricky Chavez\nCamera Operators: Sammy Rothman & Ricky Chavez\nVideo Editor: Mark Golembeski\nDesign: Miles Wintner\n\nWritten by Scary Goldings\nProduced by Scary Pockets\n\nRecorded Live at The Village in Los Angeles, CA.\n\nWatch more videos! \nScary Pockets: https://youtube.com/playlist?list=PLL3xcB0B80KV06T2lqZhG5zUZuwojwuex&playnext=1 \n90s Hits Funkified: https://youtube.com/playlist?list=PLL3xcB0B80KX25RsNBxJeuiO0YuJNWH46&playnext=1 \nScary Goldings: https://youtube.com/playlist?list=PLL3xcB0B80KWCRIVdgwL5ayqAczyccWNW&playnext=1 \nMost Popular: https://youtube.com/playlist?list=PLL3xcB0B80KWzWR4-NxRrmRDwAnZfEXXr&playnext=1\u00a0\n\nAbout Scary Pockets \nWe are Scary Pockets, a funk band that releases weekly music videos, in pursuit of the funk. Scary Pockets is Ryan Lerman and Jack Conte, with the help and support from a rotating roster of the best session musicians in the LA area. Make sure to subscribe and enable ALL notifications!\u00a0\n\n#ScaryPockets #Funk #ScaryGoldings #JoshSmith #JoshsTurnpike", "link": "https://www.youtube.com/watch?v=rOI1GJRr6Oc", "date_published": "2020-11-19 00:00:00+00:00", "persistent": false, "user": null, "language": "en-US"}]