[{"source": "https://www.youtube.com/feeds/videos.xml?channel_id=UCh9IfI45mmk59eDvSWtuuhQ", "title": "Please Pay Attention To Celebrity Guy!", "description": "Hi there hello please subscribe: http://bit.ly/2wscuFf\r\nTwitter/Instagram: @TheRyanGeorge\n\nPlease pay attention to Celebrity Guy. It is very important. He would like it very much. Thank you.", "link": "https://www.youtube.com/watch?v=Pa6wHHbqRqU", "date_published": "2020-04-21 00:00:00+00:00", "persistent": false, "user": null, "language": "en-US"}]