[{"source": "https://www.youtube.com/feeds/videos.xml?channel_id=UCwSv086EAByBY-Z7y-QR_cQ", "title": "Zbigniew Stonoga bez aresztu! Co robi\u0142 w kasynie?", "description": "\ud83e\udd2a Mi\u0142o, \u017ce tutaj zajrza\u0142e\u015b.  Zapraszam do ogl\u0105dania.\n\n\u2b07\ufe0fRozwi\u0144 opis\u2b07\ufe0f\n------------------------------------------------------------\nW materiale w celu analizy u\u017cyto fragmentu filmu z kana\u0142u\nyoutube / Zbigniew Stonoga\nhttps://bit.ly/37hDJrM\n---\noraz usuni\u0119te posty z fanpage\nfacebook / zbigniew.stonoga.ilovvezuckerberg\nhttps://bit.ly/3555Ckg\n------------------------------------------------------------\n\ud83d\udc40 Mroczne Podcasty: https://goo.gl/cdCFKe\n\ud83d\udc40 Hello World_: http://bit.ly/31BEhnv\n------------------------------------------------------------\n\ud83d\udc40 twitter: http://bit.ly/2B6jTPd\n------------------------------------------------------------\n\ud83d\udd12 Do\u0142\u0105cz do Sp\u00f3\u0142dzielni\nhttps://discord.gg/RSEUaR3\n------------------------------------------------------------\n\u2709\ufe0f Ludzie listy pisz\u0105 \n\ud83d\udd8a\ufe0f uszi@protonmail.com\n------------------------------------------------------------\n\ud83d\udc7a niecenzuralne i agresywne komentarze zostan\u0105 usuni\u0119te.  Jak ju\u017c musisz zakl\u0105\u0107 dawaj znaki (&*%@%).\n------------------------------------------------------------\n\ud83d\udcb2 Donate/ Darowizna\nPLN / SMS / Blik: http://bit.ly/2ETKSyN\nBTC: 174EmE88YFtvs6fuM8ZL5yYbik8hcaY6ud\n---------------------------------------------------------------\n\u2705\u017ar\u00f3d\u0142a:\nhttps://bit.ly/2T34V5h\nhttps://bit.ly/346Q2VS\nhttps://bit.ly/3j9fiPE\nhttps://bit.ly/3j62wBl\nhttps://bit.ly/3jc038u\nhttps://bit.ly/31hv4BK\nhttps://bit.ly/2HbFcFt\n-------------------------------------------------------------\n\ud83d\udca1 Tagi: #Stonoga\n--------------------------------------------------------------", "link": "https://www.youtube.com/watch?v=s6kAyijfQIA", "date_published": "2020-10-17 00:00:00+00:00", "persistent": false, "user": null, "language": "en-US"}]