[{"source": "https://www.youtube.com/feeds/videos.xml?channel_id=UCF9IOB2TExg3QIBupFtBDxg", "title": "Sunday Pandemic Update", "description": "UK\nONS (16th October)\n\nhttps://www.ons.gov.uk/peoplepopulationandcommunity/healthandsocialcare/conditionsanddiseases/articles/coronaviruscovid19roundup/2020-03-26\n\nEngland, 2 to 8 October 2020, Cases\n\n336,500 within the community infected\n\n1 in 160 people\n\nHighest in older teenagers and young adults\n\nCases, + 27,900 new cases per day\n\nEstimated percentage of the population in England testing positive\n\nEngland and Wales, Up to 2 October, Deaths\n\nDeaths, 390, (4.1%) above average total deaths\n\nDeaths 321 (3.2%) mentioned COVID-19\n\nDeaths, 215 (2.2%) the week before\n\nInfection control\n\nhttps://www.ons.gov.uk/peoplepopulationandcommunity/healthandsocialcare/healthandwellbeing/bulletins/coronavirusandthesocialimpactsongreatbritain/latest\n\nAmong those who have met up with people from outside their household either outdoors or indoors:\n\nSaid they always or often maintained social distancing, 82%\n\nThose who said they did so sometimes, not very often, or never, 17% \n\nThis 17% has stayed much the same for the past 3 months\n\nSelf-reported face mask wearing while shopping, 99%\n\nObservation of other shoppers, 87%\n\nAnxiety levels\n\nVery or somewhat worried, 74%\n\nHigh anxiety levels, 33%\n\nEthnic background and death, England and Wales\n\nDemographic, geographical, socio-economic characteristics, multi-generational households, occupational exposure\n\nAfter adjustments for those factors:\n\nIncreased rates of death, Black African, Black Caribbean, Indian, Pakistani, Bangladeshi\n\nHigher risk health conditions such as diabetes or heart disease \n\nDid not have a significant effect in explaining ethnic group differences.\n\nBlack African x males 2.5 times higher than for those of White background, Black African females x 2.1\n\nEastern Virginia Medical School \n\nWhile there is very limited data (and none specific for COVID-19), the following \u201ccocktail\u201d may have a role in the prevention/mitigation of COVID-19 disease. \n\nhttps://www.evms.edu/media/evms_public/departments/internal_medicine/Marik-Covid-Protocol-Summary.pdf\n\nProphylaxis (EVMC)\n\nVitamin C 500 mg BID and Quercetin 250 mg daily \n\nZinc 75-100 mg/day \n\nMelatonin (slow release): Begin with 0.3mg and increase as tolerated to 2 mg at night \n\nVitamin D3 1000-3000 u/day \n\nFamotidine 20-40mg/day \n\nQuercetin\n\nPlant pigment \n\nFlavonoid\n\nFound in many plants and foods:\n\nRed wine, onions, green tea, apples, berries \n\nBuckwheat tea\n\nMemil-cha in Korea\n\nSoba-cha in Japan\n\nKuqiao-cha in China\n\nhttps://www.evms.edu/media/evms_public/departments/internal_medicine/EVMS_Critical_Care_COVID-19_Protocol.pdf\n\nReinfection\n\nhttps://bnonews.com/index.php/2020/08/covid-19-reinfection-tracker/\n\nHong Kong, August 24th \n\nReinfections, + 23 by mid-October\n\nDeaths, + 1\n\nNetherlands, 89 year old woman\n\nMay have been more earlier cases\n\nMay continue to test positive for several months\n\nWithout being sick or infectious\n\nViral genetic makeup is different\n\nCannot be explained through in-vivo evolution.\n\nAverage interval, 73 days\n\nAustralia\n\nCases, + 12\n\nWestern Australia has now been Covid-19 community-spread free for over 6 months\n \nRestrictions have been eased over months now, with almost no restrictions within the State\n\nPretty much no mask wearing, but still have hand disinfecting stations at the door of shops, and social distancing rules at shops, banks, etc. of 1.5m\n\nThe hard border controls are working well, with the strict hotel quarantine \u201c14 day\u201d period\n\nCatching 1-2 handfuls of positive cases coming in from overseas and interstate weekly\n\nCatching infected crews on bulk carrier ships coming into port, two recently from Manila\n\nhttps://www.health.gov.au/news/health-alerts/novel-coronavirus-2019-ncov-health-alert/coronavirus-covid-19-current-situation-and-case-numbers\n\nVictoria\n\nCases, + 2\n\nActive, 137", "link": "https://www.youtube.com/watch?v=eZt-J6UcTXU", "date_published": "2020-10-18 00:00:00+00:00", "persistent": false, "user": null, "language": "en-US"}]