[{"source": "https://www.polsatnews.pl", "title": "Zab\u00f3jstwo nauczyciela we Francji. Uczniowie: boimy si\u0119 - Polsat News", "description": "Zab\u00f3jstwo nauczyciela we Francji. Uczniowie: boimy si\u0119 - Polsat News", "link": "https://www.polsatnews.pl/wiadomosc/2020-10-17/zabojstwo-nauczyciela-we-francji-uczniowie-boimy-sie/?ref=aside_najnowsze", "date_published": "2020-10-17 07:38:51+00:00", "persistent": true, "user": "rumpel", "language": "pl", "tags": ["france", "islam", "immigration"]}]