[{"source": "https://www.youtube.com/feeds/videos.xml?channel_id=UCAKcSON6PSG_JkTbXh2WdIg", "title": "Bob Mould - three songs for The Current (2013; 2014; 2019)", "description": "Happy birthday to Bob Mould! Born this day (October 16) in Malone, N.Y., Bob Mould has been a longtime friend of The Current. In celebration of his birthday, here are three cool performances Bob Mould has done for The Current through the years.\n\nSONGS PERFORMED\n0:00 \"The Descent\" (Rock the Garden 2013)\n3:45 \"I Don't Know You Anymore\" (2014)\n6:39 \"Sunny Love Song\" (2019)\n\nPERSONNEL\nBob Mould \u2013 guitar and vocals\nJason Narducy \u2013 bass\nJon Wurster \u2013 drums\n\nCREDITS\nVideo & Photo: Dan Huiting; Leah Garaas; Nate Ryan\nAudio: Michael DeMark; Wesley Berger\nProduction: Derrick Stevens; Jade; Anna Weggel\n\nFIND MORE:\n2008 studio session:\nhttps://www.thecurrent.org/feature/2008/02/06/bob_mould\n2009 studio session:\nhttps://www.thecurrent.org/feature/2009/03/31/bob_mould\n2011 performance in the Forum at MPR:\nhttps://www.thecurrent.org/feature/2011/06/15/bob-mould-live\n2014 studio session:\nhttps://www.thecurrent.org/feature/2014/06/13/bob-mould-performs-in-the-current-studio\n2014 Guitar Collection interview:\nhttps://www.thecurrent.org/feature/2014/06/18/the-current-s-guitar-collection-bob-mould\n2017 MicroShow at the Turf Club:\nhttps://www.thecurrent.org/feature/2017/04/17/bob-mould-performs-microshow-at-the-turf-club-in-st-paul\n2019 studio session:\nhttps://www.thecurrent.org/feature/2019/03/29/bob-mould-performs-on-oake--riley-in-the-morning\n2020 interview with Andrea Swensson:\nhttps://www.thecurrent.org/feature/2020/06/05/bob-mould-talks-about-american-crisis\n\nSubscribe to our channel:\nhttp://www.youtube.com/user/893TheCurrent?sub_confirmation=1\nLike/Follow:\nhttps://www.facebook.com/TheCurrent/\nhttps://twitter.com/TheCurrent\nhttps://www.instagram.com/thecurrent/\n\n#bobmould #bobmouldmusic", "link": "https://www.youtube.com/watch?v=lblJaz1CcGo", "date_published": "2020-10-17 00:00:00+00:00", "persistent": false, "user": null, "language": "en-US"}]