[{"source": "https://www.youtube.com/feeds/videos.xml?channel_id=UCwUizOU8pPWXdXNniXypQEQ", "title": "How To Change Someone\u2019s Mind About the Election", "description": "Get your Awakened Shirt Here - https://awakenwithjp.com/shop\nCheck out Brent's Channel - https://www.youtube.com/c/brentpella/\n\nIn this video you\u2019ll learn how to change someone\u2019s mind about the election 100% of the time. It\u2019s super easy to change peoples minds about politics.\n\n*For Comedy Show schedule and tickets: https://awakenwithjp.com/events/\n-My NEW Awakened Shirts are available! Claim yours here: https://awakenwithjp.com/shop\n\nListen and Subscribe to my NEW Podcast here: \nhttps://apple.co/3fFTbPC\nIt's also available everywhere else you get podcasts. Just search and subscribe to \"Awaken With JP Sears Show\"\n\nConnect with me at: \nhttp://www.facebook.com/AwakenWithJP\nhttp://www.Instagram.com/AwakenWithJP\nhttp://www.twitter.com/AwakenWithJP\nhttp://www.AwakenWithJP.com", "link": "https://www.youtube.com/watch?v=brQcuncO4wc", "date_published": "2020-10-17 00:00:00+00:00", "persistent": false, "user": null, "language": "en-US"}]