[{"source": "https://www.youtube.com/feeds/videos.xml?channel_id=UCnxGkOGNMqQEUMvroOWps6Q", "title": "Best of the Week - July 19, 2020 - Joe Rogan Experience", "description": "#1511 w/Oliver Stone:\nhttps://www.youtube.com/watch?v=QOrOYUxzX3o\n\n#1512 w/Ben Shapiro:\nhttps://www.youtube.com/watch?v=hl0iNRXcUbE\n\n#1513 w/Andrew Huberman:\nhttps://www.youtube.com/watch?v=gLJowTOkZVo\n\n#1514 w/Joe De Sena:\nhttps://youtu.be/wCSDF0RNuXY", "link": "https://www.youtube.com/watch?v=uUSGCtRcXfM", "date_published": "2020-07-26 00:00:00+00:00", "persistent": false, "user": null, "language": "en-US"}]