[{"source": "https://www.youtube.com/feeds/videos.xml?channel_id=UCNvzD7Z-g64bPXxGzaQaa4g", "title": "Top 10 NEW Games of August 2020", "description": "August 2020 may be light on game releases, but there's still *just* enough worth checking out. Here's what you can play on PC, PS4, Xbox One, and Nintendo Switch.\nSubscribe for more: https://www.youtube.com/gameranxTV?sub_confirmation=1\n\nWindbound \n\nPlatform: PC, PS4, XBOX ONE, Switch\n\nRelease date: August 28, 2020\n\n\n\nHellbound \n\nPlatform: PC\n\nRelease date: August 4, 2020\n\n\n\nImmortal Realms: Vampire Wars \n\nPlatform: PC\n\nRelease date: August 28, 2020\n\n\n\nA Total War Saga: Troy \n\nPlatform: PC\n\nRelease date: August 13, 2020\n\n\n\nProject Cars 3 \n\nPlatform: PC, PS4, XBO\n\nRelease date: August 28, 2020\n\n\n\nHorizon Zero Dawn Complete Edition \n\nPlatform: PC\n\nRelease date: August 7, 2020\n\n\n\nUFC 4                              \n\nPlatform: PS4, XBO\n\nRelease date: August 14, 2020\n\n\n\nSerious Sam 4 \n\nPlatform: PC, Stadia\n\nRelease date: August 2020, 2020\n\n\n\nWasteland 3 \n\nPlatform: PC, PS4, XBO\n\nRelease date: August 28, 2020\n\n\n\nMicrosoft Flight Simulator \n\nPlatform: PC\n\nRelease date: August 18, 2020\n\n\n\n\n\n\n\nBONUS\n\n\n\nSkully \n\nPlatform: PC, PS4, XBO, Switch\n\nRelease date: August 4, 2020\n\n\n\n\n\nRPG Maker MZ \n\nPlatform: PC\n\nRelease date: AUG 20, 2020", "link": "https://www.youtube.com/watch?v=5Tr_3Ot9e0c", "date_published": "2020-07-26 00:00:00+00:00", "persistent": false, "user": null, "language": "en-US"}, {"source": "https://www.youtube.com/feeds/videos.xml?channel_id=UCNvzD7Z-g64bPXxGzaQaa4g", "title": "Top 10 NEW Zombie Games of 2020", "description": "We all love zombies in video games...here's a list of new and upcoming zombie games for PC, PS4, and Xbox One in 2020.\nSubscribe for more: https://www.youtube.com/gameranxTV?sub_confirmation=1\n\nDisclaimer: Dying Light 2 has probably been delayed to 2021.\n\n#10. The Last Stand: Aftermath\n\nPlatform: PC\n\nRelease Date: TBA 2020\n\n\n\n#9. Walking Dead Onslaught\n\nPlatform: PC PS4\n\nRelease date: TBA 2020\n\n\n\n#8. Rainbow Six Siege Quarantine\n\nPlatform: PC PS4 PS5 XBOX ONE Xbox Series X\n\nRelease date: TBA 2020\n\n\n\n#7 Zombie Army 4: Dead War\n\nPlatform: PC PS4 XBOX ONE Stadia\n\nRelease date: 4 February 2020\n\n\n\n#6 State of Decay 2: Juggernaut Edition \n\nPlatform: PC Xbox One\n\nRelease date: 13 Mar, 2020\n\n\n\n#5 ZomDay \n\nPlatform: PC\n\nRelease date: 27 Mar, 2020\n\n\n\n#4 Undying\n\nPlatform: PC PS4 XBOX ONE\n\nRelease date: Q3 2020\n\n\n\n#3 Dead Matter\n\nPlatform: PC\n\nRelease Date: 2020\n\n\n\n#2 Resident Evil 3: Nemesis Remake\n\nPlatform: PC PS4 XBOX ONE\n\nRelease date: April 3, 2020\n\n\n\n#1 The Walking Dead: Saints & Sinners \n\nPlatform: PC January 23, 2020\n\nRelease date: PS VR May 5, 2020", "link": "https://www.youtube.com/watch?v=22fqbw3t4tU", "date_published": "2020-07-26 00:00:00+00:00", "persistent": false, "user": null, "language": "en-US"}, {"source": "https://www.youtube.com/feeds/videos.xml?channel_id=UCNvzD7Z-g64bPXxGzaQaa4g", "title": "10 Most EPIC Boss Deaths in Video Games", "description": "Some video game bosses really go out in style. Here are some of our favorite crazy boss death moments.\n Subscribe for more: https://www.youtube.com/gameranxTV?sub_confirmation=1\nThumb:  https://villains.fandom.com/wiki/Yevgeny_Borisovitch_Volgin?file=MGS-Pachislot-Volgin.png", "link": "https://www.youtube.com/watch?v=XVKYboUlMvQ", "date_published": "2020-07-25 00:00:00+00:00", "persistent": false, "user": null, "language": "en-US"}]