[{"source": "http://feeds.bbci.co.uk/news/rss.xml", "title": "Motorway roadworks speed limit to be raised in England", "description": "The increase from 50mph to 60mph in England is intended to ease driver \"frustrations\".", "link": "https://www.bbc.co.uk/news/uk-england-53541440", "date_published": "2020-07-25 23:40:59+00:00", "persistent": false, "user": null, "language": "en-US"}, {"source": "http://feeds.bbci.co.uk/news/rss.xml", "title": "'Injured bats hide under my sofa'", "description": "Jenny Harris believes people should celebrate the often maligned mammals.", "link": "https://www.bbc.co.uk/news/uk-england-leicestershire-53491636", "date_published": "2020-07-25 23:23:36+00:00", "persistent": false, "user": null, "language": "en-US"}, {"source": "http://feeds.bbci.co.uk/news/rss.xml", "title": "Coronavirus: 'Soft play is heading for a cliff edge'", "description": "With no date for reopening, children's play centres are closing and hundreds more are under threat.", "link": "https://www.bbc.co.uk/news/uk-england-53502760", "date_published": "2020-07-25 23:22:59+00:00", "persistent": false, "user": null, "language": "en-US"}, {"source": "http://feeds.bbci.co.uk/news/rss.xml", "title": "No end to Covid-19 webcam shortage", "description": "The video-call boom means that, months into the pandemic, it is still hard to buy many webcam models.", "link": "https://www.bbc.co.uk/news/technology-53506401", "date_published": "2020-07-25 23:20:27+00:00", "persistent": false, "user": null, "language": "en-US"}, {"source": "http://feeds.bbci.co.uk/news/rss.xml", "title": "Viewpoint from Sudan - where black people are called slaves", "description": "The use of racial slurs in Sudan shows how deeply entrenched racism is there, writes Zeinab Mohammed Salih.", "link": "https://www.bbc.co.uk/news/world-africa-53147864", "date_published": "2020-07-25 23:19:03+00:00", "persistent": false, "user": null, "language": "en-US"}, {"source": "http://feeds.bbci.co.uk/news/rss.xml", "title": "Coronavirus: False and misleading claims about vaccines debunked", "description": "Misinformation about coronavirus vaccine trials has been spreading on social media.", "link": "https://www.bbc.co.uk/news/53525002", "date_published": "2020-07-25 23:16:37+00:00", "persistent": false, "user": null, "language": "en-US"}, {"source": "http://feeds.bbci.co.uk/news/rss.xml", "title": "Lupe Fiasco: America's influence in the world is 'dwindling'", "description": "Lupe Fiasco says America's influence in the world is \"dwindling\".", "link": "https://www.bbc.co.uk/news/newsbeat-53519230", "date_published": "2020-07-25 23:14:42+00:00", "persistent": false, "user": null, "language": "en-US"}, {"source": "http://feeds.bbci.co.uk/news/rss.xml", "title": "The frustration of trying to invest in my hometown", "description": "Would-be investors in US black neighbourhoods say they still face significant financial barriers.", "link": "https://www.bbc.co.uk/news/business-53473239", "date_published": "2020-07-25 23:12:00+00:00", "persistent": false, "user": null, "language": "en-US"}, {"source": "http://feeds.bbci.co.uk/news/rss.xml", "title": "Coronavirus: What would working from home in Barbados really be like?", "description": "Tempted by the scheme that lets foreigners \"work from home\" in Barbados? Here's what you need to know.", "link": "https://www.bbc.co.uk/news/world-latin-america-53385227", "date_published": "2020-07-25 23:10:51+00:00", "persistent": false, "user": null, "language": "en-US"}, {"source": "http://feeds.bbci.co.uk/news/rss.xml", "title": "Coronavirus: Your pictures on the theme of 'homegrown'", "description": "A selection of pictures from our readers on the theme of \"home-grown\".", "link": "https://www.bbc.co.uk/news/in-pictures-53502501", "date_published": "2020-07-25 23:08:15+00:00", "persistent": false, "user": null, "language": "en-US"}, {"source": "http://feeds.bbci.co.uk/news/rss.xml", "title": "The dying teenager who wanted world peace (and love)", "description": "An American teen with cancer went to Moscow in 1988 hoping to meet Gorbachev and rid the world of nukes.", "link": "https://www.bbc.co.uk/news/stories-52763560", "date_published": "2020-07-25 23:01:32+00:00", "persistent": false, "user": null, "language": "en-US"}, {"source": "http://feeds.bbci.co.uk/news/rss.xml", "title": "Paris police step up anti-noise patrols", "description": "After the birdsong and the silence, the sound of engines and sirens seems all the more invasive.", "link": "https://www.bbc.co.uk/news/world-europe-53521561", "date_published": "2020-07-25 23:01:22+00:00", "persistent": false, "user": null, "language": "en-US"}, {"source": "http://feeds.bbci.co.uk/news/rss.xml", "title": "Saving India's traditional rice varieties", "description": "Scientist Debal Deb is fighting to save thousands of India's traditional rice varieties.", "link": "https://www.bbc.co.uk/news/world-asia-53411103", "date_published": "2020-07-25 23:01:16+00:00", "persistent": false, "user": null, "language": "en-US"}, {"source": "http://feeds.bbci.co.uk/news/rss.xml", "title": "The sisters regrowing forests helped by their dogs", "description": "Francisca and Constanza Torres and their three dogs, are planting seeds in areas of Chile devastated by wildfires.", "link": "https://www.bbc.co.uk/news/world-latin-america-53532912", "date_published": "2020-07-25 23:01:11+00:00", "persistent": false, "user": null, "language": "en-US"}, {"source": "http://feeds.bbci.co.uk/news/rss.xml", "title": "Tears, drama and elation guaranteed on Premier League's day of destiny", "description": "Champions League qualification and the battle to avoid relegation are the major issues at stake as the Premier League season concludes on Sunday.", "link": "https://www.bbc.co.uk/sport/football/53490671", "date_published": "2020-07-25 21:03:11+00:00", "persistent": false, "user": null, "language": "en-US"}, {"source": "http://feeds.bbci.co.uk/news/rss.xml", "title": "Obituary: Peter Green, British Blues virtuoso", "description": "Peter Green's guitar work made Fleetwood Mac one of the most exciting live bands of the 1960s Blues explosion.", "link": "https://www.bbc.co.uk/news/entertainment-arts-53540860", "date_published": "2020-07-25 18:39:02+00:00", "persistent": false, "user": null, "language": "en-US"}, {"source": "http://feeds.bbci.co.uk/news/rss.xml", "title": "Coronavirus: Indoor gyms and pools in England start to reopen", "description": "Facilities must follow strict hygiene and social distancing measures in latest easing of lockdown.", "link": "https://www.bbc.co.uk/news/uk-53534919", "date_published": "2020-07-25 13:01:42+00:00", "persistent": false, "user": null, "language": "en-US"}, {"source": "http://feeds.bbci.co.uk/news/rss.xml", "title": "Wiley dropped by management over anti-Semitic posts", "description": "The grime artist's manager says the company has \"cut all ties\" amid a series of social media posts.", "link": "https://www.bbc.co.uk/news/uk-53536471", "date_published": "2020-07-25 12:58:28+00:00", "persistent": false, "user": null, "language": "en-US"}, {"source": "http://feeds.bbci.co.uk/news/rss.xml", "title": "England v West Indies: Stuart Broad hits England's joint-third fastest test half-century", "description": "Stuart Broad hits England's joint-third fastest half-century, taking just 33 balls to reach the landmark in the third Test against the West Indies at Old Trafford.", "link": "https://www.bbc.co.uk/sport/av/cricket/53537580", "date_published": "2020-07-25 12:54:04+00:00", "persistent": false, "user": null, "language": "en-US"}, {"source": "http://feeds.bbci.co.uk/news/rss.xml", "title": "Revealed: Your top Premier League moments of 2019-20", "description": "After a season like no other, we reveal which moment BBC Sport readers chose as the best of the 2019-20 season.", "link": "https://www.bbc.co.uk/sport/football/53486619", "date_published": "2020-07-25 11:58:43+00:00", "persistent": false, "user": null, "language": "en-US"}, {"source": "http://feeds.bbci.co.uk/news/rss.xml", "title": "Harry and Meghan 'did not contribute' to new book Finding Freedom", "description": "Finding Freedom claims there was tension between Harry and Meghan and other royal households.", "link": "https://www.bbc.co.uk/news/uk-53535221", "date_published": "2020-07-25 11:56:13+00:00", "persistent": false, "user": null, "language": "en-US"}, {"source": "http://feeds.bbci.co.uk/news/rss.xml", "title": "Snowdon: Police turn away 60 cars despite tow threat", "description": "Motorists thought police were \"bluffing\" with a threat to tow away cars, officers report.", "link": "https://www.bbc.co.uk/news/uk-wales-53536557", "date_published": "2020-07-25 11:52:56+00:00", "persistent": false, "user": null, "language": "en-US"}, {"source": "http://feeds.bbci.co.uk/news/rss.xml", "title": "Tearful Lallana pays tribute to 'selfless' Henderson", "description": "Midfielder Adam Lallana, who is set to leave Liverpool, pays an emotional tribute to his \"selfless\" friend and captain Jordan Henderson", "link": "https://www.bbc.co.uk/sport/football/53537130", "date_published": "2020-07-25 11:34:25+00:00", "persistent": false, "user": null, "language": "en-US"}, {"source": "http://feeds.bbci.co.uk/news/rss.xml", "title": "Premier League final day: TV channels, how to watch, listen to and follow the climax to the season.", "description": "Your comprehensive guide on how to watch, listen to and follow the final day of the Premier League - including free-to-air matches.", "link": "https://www.bbc.co.uk/sport/football/53054936", "date_published": "2020-07-25 10:32:17+00:00", "persistent": false, "user": null, "language": "en-US"}, {"source": "http://feeds.bbci.co.uk/news/rss.xml", "title": "Singapore man admits being Chinese spy in US", "description": "The guilty plea of the man who found spying targets on LinkedIn comes as US-China tensions rise.", "link": "https://www.bbc.co.uk/news/world-us-canada-53534941", "date_published": "2020-07-25 09:48:32+00:00", "persistent": false, "user": null, "language": "en-US"}, {"source": "http://feeds.bbci.co.uk/news/rss.xml", "title": "ICYMI: Fake baby pandas, a spectacular comet and more", "description": "The stories you may have missed this week.", "link": "https://www.bbc.co.uk/news/world-53534196", "date_published": "2020-07-25 09:16:52+00:00", "persistent": false, "user": null, "language": "en-US"}, {"source": "http://feeds.bbci.co.uk/news/rss.xml", "title": "The papers: 'No justice' for PC Harper and 'Royal breakdown'", "description": "Saturday's papers include PC Harper's widow's \"pain\", and a new book about Prince Harry and Meghan.", "link": "https://www.bbc.co.uk/news/blogs-the-papers-53534665", "date_published": "2020-07-25 04:59:02+00:00", "persistent": false, "user": null, "language": "en-US"}, {"source": "http://feeds.bbci.co.uk/news/rss.xml", "title": "Donald Trump acts to cut prescription drug prices in US", "description": "The president says his executive orders will overhaul the drug market, but some experts are sceptical.", "link": "https://www.bbc.co.uk/news/world-us-canada-53534950", "date_published": "2020-07-25 01:32:39+00:00", "persistent": false, "user": null, "language": "en-US"}, {"source": "http://feeds.bbci.co.uk/news/rss.xml", "title": "Working from home: How to cut your tax bill", "description": "Home workers can claim tax allowances for their lighting, heating and other expenses.", "link": "https://www.bbc.co.uk/news/business-52982988", "date_published": "2020-07-25 00:44:52+00:00", "persistent": false, "user": null, "language": "en-US"}, {"source": "http://feeds.bbci.co.uk/news/rss.xml", "title": "Gyms and mental health: 'I can't wait to be back on the squat rack'", "description": "With gyms set to reopen, three people tell Radio 1 Newsbeat how exercise helps their mental health.", "link": "https://www.bbc.co.uk/news/newsbeat-53487654", "date_published": "2020-07-25 00:42:51+00:00", "persistent": false, "user": null, "language": "en-US"}, {"source": "http://feeds.bbci.co.uk/news/rss.xml", "title": "Did Bournemouth beach crowds spread coronavirus?", "description": "One month ago, thousands of people visited a beach in Bournemouth, but did they spread coronavirus?", "link": "https://www.bbc.co.uk/news/53519668", "date_published": "2020-07-25 00:41:22+00:00", "persistent": false, "user": null, "language": "en-US"}]