[{"source": "https://www.youtube.com/feeds/videos.xml?channel_id=UCqg5FCR7NrpvlBWMXdt-5Vg", "title": "The (Not) Final Analysis | Yahtzee's Dev Diary", "description": "VOTE ON YOUR FAVORITE DEV DIARY GAME: https://www.strawpoll.me/19749852\n\nDOWNLOAD BUNKER BUSTIN - https://yzcroshaw.itch.io/bunker-bustin\n\nSubscribe to Escapist Magazine! \u25ba\u25ba http://bit.ly/Sub2Escapist\r\n\r\nWant to see the next episode a week early? Check out http://www.escapistmagazine.com for the latest episodes of your favorite shows.\r\n\r\n---\r\n\r\n\r\n\r\n---\r\n\r\n\r\nZero Punctuation Merch Store \u25ba\u25ba https://sharkrobot.com/collections/zero-punctuation \r\n\r\nJoin us on Twitch \u25ba\u25ba https://www.twitch.tv/escapistmagazine \r\n\r\nLike us on Facebook \u25ba\u25ba http://www.facebook.com/EscapistMag\r\n\r\nFollow us on Twitter \u25ba\u25ba https://twitter.com/EscapistMag", "link": "https://www.youtube.com/watch?v=a-n5wbeXCe8", "date_published": "2020-04-14 00:00:00+00:00", "persistent": false, "user": null, "language": "en-US"}, {"source": "https://www.youtube.com/feeds/videos.xml?channel_id=UCqg5FCR7NrpvlBWMXdt-5Vg", "title": "Yahtzee's Dev Diary - Jack Provides A Final Playtest of Bunker Bustin", "description": "Subscribe to Escapist Magazine! \u25ba\u25ba http://bit.ly/Sub2Escapist\r\n\nJack Packard tries Yahtzee's final Dev Diary project, Bunker Bustin. \n\r\nWant to see the next episode a week early? Check out http://www.escapistmagazine.com for the latest episodes of your favorite shows.\r\n\r\n---\r\n\r\n\r\n\r\n---\r\n\r\n\r\nZero Punctuation Merch Store \u25ba\u25ba https://sharkrobot.com/collections/zero-punctuation \r\n\r\nJoin us on Twitch \u25ba\u25ba https://www.twitch.tv/escapistmagazine \r\n\r\nLike us on Facebook \u25ba\u25ba http://www.facebook.com/EscapistMag\r\n\r\nFollow us on Twitter \u25ba\u25ba https://twitter.com/EscapistMag", "link": "https://www.youtube.com/watch?v=oSwrdBGM5Qs", "date_published": "2020-04-14 00:00:00+00:00", "persistent": false, "user": null, "language": "en-US"}, {"source": "https://www.youtube.com/feeds/videos.xml?channel_id=UCqg5FCR7NrpvlBWMXdt-5Vg", "title": "Should Games Like Dark Souls Have Difficulty Settings? | Slightly Civil War", "description": "DOWNLOAD THE PODCAST: https://www.buzzsprout.com/987874/3251902\n\nWATCH EPISODE 2 - Is Breath of the Wild Really As Good As Everyone Says It Is? https://www.escapistmagazine.com/v2/was-the-legend-of-zelda-breath-of-the-wild-really-that-good-slightly-civil-war/\n\nSubscribe to Escapist Magazine! \u25ba\u25ba http://bit.ly/Sub2Escapist\r\n\nWelcome to the series premiere of Slightly Civil War, a humorous video game debate show featuring Yahtzee Croshaw and Jack Packard!\n\nInspired by the fan-favorite Escapist show, Uncivil War, Yahtzee and Jack will be randomly assigned a position on a contentious video game topic and head to battle to make their point. This week is about difficulty settings in games like Dark Souls.\n\nEpisodes will air each week on Monday at noon EDT and the following Monday on YouTube.\n\nThere will also be a companion podcast for the show where Yahtzee and Jack discuss their true thoughts on the subject debated in the video.\n\r\nWant to see the next episode a week early? Check out http://www.escapistmagazine.com for the latest episodes of your favorite shows.\r\n\r\n---\r\n\r\n\r\n\r\n---\r\n\r\n\r\nZero Punctuation Merch Store \u25ba\u25ba https://sharkrobot.com/collections/zero-punctuation \r\n\r\nJoin us on Twitch \u25ba\u25ba https://www.twitch.tv/escapistmagazine \r\n\r\nLike us on Facebook \u25ba\u25ba http://www.facebook.com/EscapistMag\r\n\r\nFollow us on Twitter \u25ba\u25ba https://twitter.com/EscapistMag", "link": "https://www.youtube.com/watch?v=ZVCWyMtQt3g", "date_published": "2020-04-13 00:00:00+00:00", "persistent": false, "user": null, "language": "en-US"}]