[{"source": "https://www.youtube.com/feeds/videos.xml?channel_id=UCBa659QWEk1AI4Tg--mrJ2A", "title": "Abso-b\u2588\u2588\u2588\u2588y-lutely: Expletive Infixation", "description": "There are rules in the English language that you've probably never been taught, but you know anyway: how to split apart words with \"infixes\". But you've never been taught it because some of those infixes are words you probably shouldn't use in front of your high school English teachers...\n\n\rWritten with Molly Ruhl and Gretchen McCulloch. Gretchen's podcast Lingthusiasm is at http://lingthusiasm.com/ - and there are two bonus episodes, #1 and #13, on the podcast Patreon about exactly this!\n\nGretchen's book BECAUSE INTERNET, all about the evolution of internet language, is available:\n\ud83c\uddfa\ud83c\uddf8 US: https://amzn.to/30tLpjT\n\ud83c\udde8\ud83c\udde6 CA: https://amzn.to/2JsTYWH\n\ud83c\uddec\ud83c\udde7 UK: https://amzn.to/31K8eRD\n\n(Those are affiliate links that give a commission to me or Gretchen, depending on country!)\n\nGraphics by William Marler: https://wmad.co.uk\nAudio mix by Graham Haerther: https://haerther.net\n\nREFERENCES:\nIPSOS Mori / Ofcom (2016). Attitudes to potentially offensive language and gestures on TV and radio. https://www.ofcom.org.uk/__data/assets/pdf_file/0023/91625/OfcomQRG-AOC.pdf [PDF]\nVittrant, A., Watkins, J., & Matisoff, J. (2018). The mainland southeast Asia linguistic area. Berlin: Walter de Gruyter GmbHMouton.\nRinge, D. (2006). From Proto-Indo-European to Proto-Germanic. Oxford: OUP Oxford.Ljung, M. (2011). Swearing: A cross-cultural linguistic study. Houndmills, Basingstoke, Hampshire ; New York: Palgrave Macmillan.\nLjung, M. (2011). Swearing: A cross-cultural linguistic study. Houndmills, Basingstoke, Hampshire ; New York: Palgrave Macmillan.\nMcCawley, J. D., & Zwicky, A. M. (1992). Studies Out in Left Field: Defamatory Essays Presented to James D. McCawley on the Occasion of His 33rd or 34th Birthday. John Benjamins Publishing Co.\nMcMillan, J. (1980). Infixing and Interposing in English. American Speech, 55(3), 163-183\nZwicky, A., & Pullum, G. (1987). Plain Morphology and Expressive Morphology. Annual Meeting of the Berkeley Linguistics Society, 13, 330.\nAronoff, M. (1976). Word formation in generative grammar. Cambridge, Mass.: MIT Press.\nMcCarthy, J. (1982). Prosodic structure and Expletive Infixation. Language, 58(3), 574.\nMcMillan, J. (1980). Infixing and Interposing in English. American Speech, 55(3), 163-183\nZwicky, A., & Pullum, G. (1987). Plain Morphology and Expressive Morphology. Annual Meeting of the Berkeley Linguistics Society, 13, 330.\n\nI'm at https://tomscott.com\r\non Twitter at https://twitter.com/tomscott\r\non Facebook at https://facebook.com/tomscott\r\nand on Instagram as tomscottgo", "link": "https://www.youtube.com/watch?v=dt22yWYX64w", "date_published": "2020-04-13 00:00:00+00:00", "persistent": false, "user": null, "language": "en-US"}]