[{"source": "https://www.youtube.com/feeds/videos.xml?channel_id=UC8RfCCzWsMgNspTI-GTFenQ", "title": "40K - I WAS RIGHT ABOUT ABADDON!!  & OTHER STUPID PRONUNCIATIONS | Lore Lite Discuss", "description": "\u25ba Subscribe: http://goo.gl/oeZMBS \n\u25ba Patreon: https://www.patreon.com/Luetin\n\u25ba Siege Studios: https://siegestudios.co.uk/\n\u25ba Goblin Gaming: (Get - 20% off 40K Products) https://tinyurl.com/6vwcayvj\n\u25ba Premium Storage Solutions: https://www.crystal-fortress.com/\n\u25ba Twitch: http://www.twitch.tv/Luetin\n\u25ba Twitter: http://twitter.com/luetin09\n\n\u25ba BGM Credits:\n\u25ba Kevin MacLeod (Royalty Free Music): http://incompetech.com/music/\n\u25ba https://epidemicsound.com\n\nThis video is an opinion editorial commentary.\nCopyright Disclaimer Under Section 107 of the Copyright Act 1976, allowance is made for fair use purposes such as criticism, commentary, parody, news reporting, teaching, scholarship, and research.\n\nAll works used in this video (Images, audio etc) belong to their respective authors\n(This does not include the audio commentary or licensed BGM).\n\nGames workshop, Warhammer 40,000, Warhammer, 40k, Space Marine Etc are all Trademarks of Games Workshop Ltd. Games Workshop does not endorse or support the 'Lore' videos. All views and opinions expressed in this video belong to Luetin09 and in no way reflect the views or opinions of Games Workshop Ltd.", "link": "https://www.youtube.com/watch?v=7eQEz3HHqvM", "date_published": "2020-04-13 00:00:00+00:00", "persistent": false, "user": null, "language": "en-US"}, {"source": "https://www.youtube.com/feeds/videos.xml?channel_id=UC8RfCCzWsMgNspTI-GTFenQ", "title": "40K - MALICE/MALAL - THE 5TH GOD OF CHAOS & RENEGADE ASTARTES | Warhammer 40,000 Lore/History", "description": "\u25ba Subscribe: http://goo.gl/oeZMBS \n\u25ba Patreon: https://www.patreon.com/Luetin \n\u25ba Siege Studios: https://siegestudios.co.uk/\n\u25ba Goblin Gaming: (Get - 20% off 40K Products) https://tinyurl.com/6vwcayvj\n\u25ba Premium Storage Solutions: https://www.crystal-fortress.com/\n\u25ba Twitch: http://www.twitch.tv/Luetin\n\u25ba Twitter: http://twitter.com/luetin09\n\nRead Labyrinth and the Sons of Malice from BL: https://www.blacklibrary.com/warhammer-40000/quick-reads/the-labyrinth-ebook.html\n\n\u00a0\u25ba BGM Credits:\n\u25ba https://epidemicsound.com\n\u25ba Kevin MacLeod (Royalty Free Music): http://incompetech.com/music/\n\nThis video is an opinion editorial commentary.\nCopyright Disclaimer Under Section 107 of the Copyright Act 1976, allowance is made for fair use purposes such as criticism, commentary, parody, news reporting, teaching, scholarship, and research.\n\nAll works used in this video (Images, audio etc) belong to their respective authors\n(This does not include the audio commentary or licensed BGM).\n\nGames workshop, Warhammer 40,000, Warhammer, 40k, Space Marine Etc are all Trademarks of Games Workshop Ltd. Games Workshop does not endorse or support the 'Lore' videos. All views and opinions expressed in this video belong to Luetin09 and in no way reflect the views or opinions of Games Workshop Ltd.", "link": "https://www.youtube.com/watch?v=TXwMUjqH7mA", "date_published": "2020-04-13 00:00:00+00:00", "persistent": false, "user": null, "language": "en-US"}]