[{"source": "https://www.youtube.com/feeds/videos.xml?channel_id=UCswH8ovgUp5Bdg-0_JTYFNw", "title": "Is Your Life Your Prison?! | Russell Brand Podcast", "description": "A clip from today's Under The Skin podcast with the incredible thinker and philosopher (though he wouldn't call himself that) Charles Eisenstein.\nYou need to listen to this entire conversation, particularly if this clip has resonated with you in any way.\nI was particularly inspired by Charles's latest essay The Coronation - you can read it here: https://charleseisenstein.org/essays/the-coronation/\n\nSubscribe to my channel here: http://tinyurl.com/opragcg\n(make sure to hit the BELL icon to be notified of new videos!)\n\nListen to my Under The Skin podcast here: \nhttp://luminary.link/russell\n\nGet my book \"Recovery\" here: https://amzn.to/2R7c810\nGet my book \"Mentors\" here (and as an audiobook!): https://amzn.to/2t0Zu9U\n\nInstagram: http://instagram.com/russellbrand/\nTwitter: http://twitter.com/rustyrockets\n\nProduced by Jenny May Finn (Instagram: @jennymayfinn)", "link": "https://www.youtube.com/watch?v=G3wVe2vMAXs", "date_published": "2020-04-14 00:00:00+00:00", "persistent": false, "user": null, "language": "en-US"}]