[{"source": "http://feeds.bbci.co.uk/news/rss.xml", "title": "Coronavirus: TV costume makers create scrubs for NHS staff", "description": "Specialist kit for NHS staff is being made by the teams from shows like His Dark Materials.", "link": "https://www.bbc.co.uk/news/uk-wales-52273528", "date_published": "2020-04-13 23:31:45+00:00", "persistent": false, "user": null, "language": "en-US"}, {"source": "http://feeds.bbci.co.uk/news/rss.xml", "title": "Coronavirus: The school 'hubs' open daily over the Easter holidays", "description": "Some schools are providing childcare to help key workers over what should be the Easter break.", "link": "https://www.bbc.co.uk/news/uk-wales-52269470", "date_published": "2020-04-13 23:23:42+00:00", "persistent": false, "user": null, "language": "en-US"}, {"source": "http://feeds.bbci.co.uk/news/rss.xml", "title": "Northern white rhinos: The audacious plan that could save a species", "description": "With only two northern white rhinos left in the world - both female - extinction seems a certainty.", "link": "https://www.bbc.co.uk/news/world-africa-52228181", "date_published": "2020-04-13 23:17:31+00:00", "persistent": false, "user": null, "language": "en-US"}, {"source": "http://feeds.bbci.co.uk/news/rss.xml", "title": "Greek artists fight race violence with a digital map", "description": "Artists and activists in Greece are bringing racist violence out of the shadows - by illustrating it.", "link": "https://www.bbc.co.uk/news/world-europe-52226766", "date_published": "2020-04-13 23:15:42+00:00", "persistent": false, "user": null, "language": "en-US"}, {"source": "http://feeds.bbci.co.uk/news/rss.xml", "title": "Coronavirus: How to cope with living alone in self-isolation", "description": "For those living alone, quarantine means being more cut off than ever. There are simple ways to manage.", "link": "https://www.bbc.co.uk/news/world-52196816", "date_published": "2020-04-13 23:07:55+00:00", "persistent": false, "user": null, "language": "en-US"}, {"source": "http://feeds.bbci.co.uk/news/rss.xml", "title": "Computer games: more than a lockdown distraction", "description": "People are turning to computer games while confined at home during due to the coronavirus pandemic.", "link": "https://www.bbc.co.uk/news/business-52210938", "date_published": "2020-04-13 23:04:47+00:00", "persistent": false, "user": null, "language": "en-US"}, {"source": "http://feeds.bbci.co.uk/news/rss.xml", "title": "Coronavirus: Health workers around the world on fears and fighting virus", "description": "Medics from countries around the world on their fears and the challenges of fighting Covid-19.", "link": "https://www.bbc.co.uk/news/health-52243291", "date_published": "2020-04-13 23:04:04+00:00", "persistent": false, "user": null, "language": "en-US"}, {"source": "http://feeds.bbci.co.uk/news/rss.xml", "title": "Pets in Middle East abandoned over coronavirus fears", "description": "Pets in the Middle East are being left abandoned as their owners fear they could spread coronavirus.", "link": "https://www.bbc.co.uk/news/world-middle-east-52234128", "date_published": "2020-04-13 23:02:37+00:00", "persistent": false, "user": null, "language": "en-US"}, {"source": "http://feeds.bbci.co.uk/news/rss.xml", "title": "India coronavirus: World's largest postal service turns lifesaver", "description": "India Post steps in to transport vital medical supplies during the coronavirus lockdown.", "link": "https://www.bbc.co.uk/news/world-asia-india-52268601", "date_published": "2020-04-13 23:01:58+00:00", "persistent": false, "user": null, "language": "en-US"}, {"source": "http://feeds.bbci.co.uk/news/rss.xml", "title": "Coronavirus: Israeli drag queens take show online under lockdown", "description": "With theatres closed, Tal Kalai and Yuval Edelman streamed performances online \u2013 and ended up on TV.", "link": "https://www.bbc.co.uk/news/world-middle-east-52234673", "date_published": "2020-04-13 23:01:18+00:00", "persistent": false, "user": null, "language": "en-US"}, {"source": "http://feeds.bbci.co.uk/news/rss.xml", "title": "Coronavirus: 'I know what it's like to miss an Olympics'", "description": "Forty years before a pandemic dashed Alyson's dreams, Paula missed the Moscow Games due to politics.", "link": "https://www.bbc.co.uk/news/world-us-canada-52272650", "date_published": "2020-04-13 22:05:58+00:00", "persistent": false, "user": null, "language": "en-US"}, {"source": "http://feeds.bbci.co.uk/news/rss.xml", "title": "Deadly olive tree disease across Europe 'could costs billions'", "description": "A deadly pathogen affecting Europe's olive trees could cost over 20 billion euros.", "link": "https://www.bbc.co.uk/news/science-environment-52234561", "date_published": "2020-04-13 18:59:35+00:00", "persistent": false, "user": null, "language": "en-US"}, {"source": "http://feeds.bbci.co.uk/news/rss.xml", "title": "'I'm in a much better place now' - England's Kirby on struggles with illness", "description": "England and Chelsea forward Fran Kirby says she contemplated telling her managers she was \"done\" with football after being diagnosed with pericarditis.", "link": "https://www.bbc.co.uk/sport/football/52272212", "date_published": "2020-04-13 18:55:28+00:00", "persistent": false, "user": null, "language": "en-US"}, {"source": "http://feeds.bbci.co.uk/news/rss.xml", "title": "Coronavirus: Decision to shut Cardiff test centre on Monday 'beggars belief'", "description": "Plaid leader Adam Price said it 'beggars belief' when Wales is testing less than other countries.", "link": "https://www.bbc.co.uk/news/uk-wales-politics-52272919", "date_published": "2020-04-13 18:42:21+00:00", "persistent": false, "user": null, "language": "en-US"}, {"source": "http://feeds.bbci.co.uk/news/rss.xml", "title": "Coronavirus: Don't expect changes to UK lockdown this week - Dominic Raab", "description": "The government says it could change its advice on using face masks if evidence supported such a move.", "link": "https://www.bbc.co.uk/news/uk-52273774", "date_published": "2020-04-13 18:35:00+00:00", "persistent": false, "user": null, "language": "en-US"}, {"source": "http://feeds.bbci.co.uk/news/rss.xml", "title": "Wildfires 'edge closer to Chernobyl nuclear plant'", "description": "The blazes, burning for several days, also threaten the storage depot for the most dangerous waste.", "link": "https://www.bbc.co.uk/news/world-europe-52274242", "date_published": "2020-04-13 18:34:09+00:00", "persistent": false, "user": null, "language": "en-US"}, {"source": "http://feeds.bbci.co.uk/news/rss.xml", "title": "Southampton wanted to 'repay' community - Ward-Prowse on wage deferrals", "description": "Southampton vice-captain James Ward-Prowse says the players wanted to help the club and \"repay\" the local community when taking wage deferrals.", "link": "https://www.bbc.co.uk/sport/football/52274265", "date_published": "2020-04-13 17:51:26+00:00", "persistent": false, "user": null, "language": "en-US"}, {"source": "http://feeds.bbci.co.uk/news/rss.xml", "title": "Coronavirus: Eamonn Holmes under fire over 5G comments", "description": "The This Morning host cast doubt on media outlets who debunk the myth that 5G causes coronavirus.", "link": "https://www.bbc.co.uk/news/entertainment-arts-52270736", "date_published": "2020-04-13 17:37:36+00:00", "persistent": false, "user": null, "language": "en-US"}, {"source": "http://feeds.bbci.co.uk/news/rss.xml", "title": "Ex-Chelsea manager Vialli given pancreatic cancer all-clear", "description": "Former Chelsea striker and manager Gianluca Vialli is given the all-clear from pancreatic cancer.", "link": "https://www.bbc.co.uk/sport/football/52274079", "date_published": "2020-04-13 16:29:07+00:00", "persistent": false, "user": null, "language": "en-US"}, {"source": "http://feeds.bbci.co.uk/news/rss.xml", "title": "Coronavirus: Spain begins to ease lockdown to revive economy", "description": "Manufacturing and construction workers can return to work, but other people must remain at home.", "link": "https://www.bbc.co.uk/news/world-europe-52267376", "date_published": "2020-04-13 16:27:30+00:00", "persistent": false, "user": null, "language": "en-US"}, {"source": "http://feeds.bbci.co.uk/news/rss.xml", "title": "Opposition to Jeremy Corbyn 'hindered' anti-Semitism action, claims report", "description": "A leaked report says some Labour party staff had been \"obstructive\" rather than helping its leader.", "link": "https://www.bbc.co.uk/news/uk-politics-52271317", "date_published": "2020-04-13 15:56:58+00:00", "persistent": false, "user": null, "language": "en-US"}, {"source": "http://feeds.bbci.co.uk/news/rss.xml", "title": "Coronavirus: 'Difficult' cancer care decisions taken", "description": "Some treatments can weaken the immune system and put patients at more risk from Covid-19, experts say.", "link": "https://www.bbc.co.uk/news/health-52235467", "date_published": "2020-04-13 14:55:14+00:00", "persistent": false, "user": null, "language": "en-US"}, {"source": "http://feeds.bbci.co.uk/news/rss.xml", "title": "'Maybe that's what I need' - McIlroy upbeat about November Masters", "description": "World number one Rory McIlroy says he hopes playing the Masters later in the year can aid his quest to win a career Grand Slam.", "link": "https://www.bbc.co.uk/sport/golf/52268228", "date_published": "2020-04-13 14:17:59+00:00", "persistent": false, "user": null, "language": "en-US"}, {"source": "http://feeds.bbci.co.uk/news/rss.xml", "title": "Tottenham Hotspur reverse furlough decision for non-playing staff", "description": "Tottenham reverse their decision to use the government's furlough scheme for some non-playing staff during the coronavirus crisis following criticism from supporters.", "link": "https://www.bbc.co.uk/sport/football/52271235", "date_published": "2020-04-13 14:17:43+00:00", "persistent": false, "user": null, "language": "en-US"}, {"source": "http://feeds.bbci.co.uk/news/rss.xml", "title": "Coronavirus: Thirteen die at Stanley care home", "description": "The first death was in late March with the latest announced overnight on Monday.", "link": "https://www.bbc.co.uk/news/uk-england-tyne-52268841", "date_published": "2020-04-13 13:43:38+00:00", "persistent": false, "user": null, "language": "en-US"}, {"source": "http://feeds.bbci.co.uk/news/rss.xml", "title": "Coronarivus: 'I don't want any other family to have to go through this'", "description": "Wendy's father fell ill with coronavirus. She tells of the struggle of having him seriously unwell and not being able to visit.", "link": "https://www.bbc.co.uk/news/uk-52267950", "date_published": "2020-04-13 13:23:32+00:00", "persistent": false, "user": null, "language": "en-US"}, {"source": "http://feeds.bbci.co.uk/news/rss.xml", "title": "Coronavirus: 'John was alone for a week'", "description": "'Hannah' lost her husband to coronavirus after he cared for her when she was ill with the virus.", "link": "https://www.bbc.co.uk/news/uk-52269095", "date_published": "2020-04-13 13:20:43+00:00", "persistent": false, "user": null, "language": "en-US"}, {"source": "http://feeds.bbci.co.uk/news/rss.xml", "title": "Coronavirus: Army veteran, 99, 'smashes' \u00a3500k NHS target", "description": "Tom Moore thanks the British public for support as he fundraises for \"magnificent' NHS staff.", "link": "https://www.bbc.co.uk/news/uk-england-beds-bucks-herts-52269398", "date_published": "2020-04-13 12:40:15+00:00", "persistent": false, "user": null, "language": "en-US"}, {"source": "http://feeds.bbci.co.uk/news/rss.xml", "title": "Leaked Whatsapps & missing votes - Scottish football's five days of chaos", "description": "After five days of claim and counterclaim, rumour and innuendo, BBC Scotland attempts to summarise the chaos that has unfolded in Scottish football.", "link": "https://www.bbc.co.uk/sport/football/52267997", "date_published": "2020-04-13 11:58:56+00:00", "persistent": false, "user": null, "language": "en-US"}, {"source": "http://feeds.bbci.co.uk/news/rss.xml", "title": "Harry Gurney on poker, Mr Bean and becoming a T20 great", "description": "Harry Gurney, a one-time professional poker player, discusses his unusual route to becoming a Twenty20 great in demand all over the globe.", "link": "https://www.bbc.co.uk/sport/cricket/52262620", "date_published": "2020-04-13 11:11:37+00:00", "persistent": false, "user": null, "language": "en-US"}, {"source": "http://feeds.bbci.co.uk/news/rss.xml", "title": "Coronavirus: Opera-singing doctor strikes the right note", "description": "A young doctor who left medicine to become a tenor returns to the NHS amid the coronavirus crisis.", "link": "https://www.bbc.co.uk/news/uk-england-london-52269843", "date_published": "2020-04-13 11:09:15+00:00", "persistent": false, "user": null, "language": "en-US"}, {"source": "http://feeds.bbci.co.uk/news/rss.xml", "title": "Tim Brooke-Taylor: Cleese, Fry and more pay tribute to comedy 'hero'", "description": "Former Goodies star Tim Brooke-Taylor died on Sunday at the age of 79 after contracting coronavirus.", "link": "https://www.bbc.co.uk/news/entertainment-arts-52268441", "date_published": "2020-04-13 10:14:45+00:00", "persistent": false, "user": null, "language": "en-US"}, {"source": "http://feeds.bbci.co.uk/news/rss.xml", "title": "Coronavirus: Christ the Redeemer statue in Rio illuminated as doctor", "description": "Images of thanks and hope were projected onto the statue in Rio de Janeiro.", "link": "https://www.bbc.co.uk/news/world-latin-america-52269205", "date_published": "2020-04-13 09:57:00+00:00", "persistent": false, "user": null, "language": "en-US"}, {"source": "http://feeds.bbci.co.uk/news/rss.xml", "title": "Coronavirus: How the UK marked Easter weekend amid lockdown", "description": "From 'bear hunts' to virtual church services, social distancing meant Easter looked very different this year.", "link": "https://www.bbc.co.uk/news/in-pictures-52255091", "date_published": "2020-04-13 04:35:40+00:00", "persistent": false, "user": null, "language": "en-US"}, {"source": "http://feeds.bbci.co.uk/news/rss.xml", "title": "Coronavirus: Italian tenor Bocelli sings at Milan's empty cathedral", "description": "Andrea Bocelli performed an online concert from Milan, with a message of hope to those in lockdown.", "link": "https://www.bbc.co.uk/news/world-52266084", "date_published": "2020-04-13 00:49:40+00:00", "persistent": false, "user": null, "language": "en-US"}, {"source": "http://feeds.bbci.co.uk/news/rss.xml", "title": "Coronavirus: Mum creates bedroom jungle for daughter's birthday", "description": "Aurora's bedroom has been transformed as she cannot have a party with her friends.", "link": "https://www.bbc.co.uk/news/uk-england-essex-52230283", "date_published": "2020-04-13 00:11:00+00:00", "persistent": false, "user": null, "language": "en-US"}, {"source": "http://feeds.bbci.co.uk/news/rss.xml", "title": "Coronavirus hacks: How to build better relationships remotely", "description": "Tips to make more meaningful connections by phone or Zoom while you're stuck in self-isolation.", "link": "https://www.bbc.co.uk/news/world-52196670", "date_published": "2020-04-13 00:07:21+00:00", "persistent": false, "user": null, "language": "en-US"}, {"source": "http://feeds.bbci.co.uk/news/rss.xml", "title": "Coronavirus: What Boris Johnson's Greek hero teaches us about epidemics", "description": "As Boris Johnson recovers from Covid-19, he will be reflecting on the plague that hit Athens in 430 BC, writes Armand D'Angour.", "link": "https://www.bbc.co.uk/news/uk-52236388", "date_published": "2020-04-13 00:06:45+00:00", "persistent": false, "user": null, "language": "en-US"}]