[{"source": "https://www.youtube.com/feeds/videos.xml?channel_id=UCRG_N2uO405WO4P3Ruef9NA", "title": "The new HTC phones don't seem terrible...", "description": "0:00 - Intro \n0:33 - Huami makes its own chips\n2:31 - HTC has new phones\n4:17 - Windows apps on ChromeOS\n\n\nTech knowledge quiz (updated): https://www.crrowd.com/quiz\n\nCheck out Adam's work:\nhttps://soundcloud.com/edemski\nhttps://www.facebook.com/edemskimusic/\nhttps://www.instagram.com/adam_edemski/\n\n\n[[[ TECHALTAR LINKS ]]]: \n\nMerch: \nhttp://enthusiast.store \n\nSocial media: \nhttps://twitter.com/TechAltar \nhttps://instagram.com/TechAltar \nhttps://facebook.com/TechAltar \n\nIf you want to support TechAltar directly:\nhttps://flattr.com/@techaltar\n\nMy video gear: \nhttps://kit.co/TechAltar/video-gear", "link": "https://www.youtube.com/watch?v=5mr51JSxRc4", "date_published": "2020-06-19 00:00:00+00:00", "persistent": false, "user": null, "language": "en-US"}]