[{"source": "https://www.youtube.com/feeds/videos.xml?channel_id=UC4QZ_LsYcvcq7qOsOhpAX4A", "title": "Apple\u2019s Next Big Thing: AR Glasses", "description": "What comes after the iPhone?\n\nAR/VR video: https://www.youtube.com/watch?v=f9MwaH6oGEY\n\n--- About ColdFusion ---\nColdFusion is an Australian based online media company independently run by Dagogo Altraide since 2009. Topics cover anything in science, technology, history and business in a calm and relaxed environment. \n\nIf you enjoy my content, please consider subscribing!\nI'm also on Patreon: https://www.patreon.com/ColdFusion_TV\nBitcoin address: 13SjyCXPB9o3iN4LitYQ2wYKeqYTShPub8\n\n--- New Thinking Book written by Dagogo Altraide ---\nThis book was rated the 9th best technology history book by book authority.\nIn the book you\u2019ll learn the stories of those who invented the things we use everyday and how it all fits together to form our modern world.\nGet the book on Amazon: http://bit.ly/NewThinkingbook\nGet the book on Google Play: http://bit.ly/NewThinkingGooglePlay\nhttps://newthinkingbook.squarespace.com/about/\n\n--- ColdFusion Social Media ---\n\u00bb Twitter | @ColdFusion_TV\n\u00bb Instagram | coldfusiontv\n\u00bb Facebook | https://www.facebook.com/ColdFusionTV\n\nSources:\n\nhttp://web.archive.org/web/19980123213614/http://www.research.apple.com/technology/reports/TR125/TR125.html\n\nhttps://www.macrumors.com/2016/01/29/apple-virtual-reality-headset/\n\nhttps://www.cnet.com/news/we-could-see-the-apple-ar-headset-next-year-analyst-ming-chi-kuo-says/\n\nhttps://www.cnet.com/news/apple-glasses-leaks-and-rumors-heres-everything-we-expect-to-see-next-big-product/\n\n\nhttps://www.lightreading.com/services/apple-nabs-nextvr-as-details-about-ar-glasses-leak-out-/a/d-id/759772\n\nhttps://appleinsider.com/articles/20/05/19/apple-glass-details-leaked-will-cost-499-and-work-with-prescriptions\n\nhttps://www.techradar.com/sg/news/apple-glasses\n\nhttps://www.macrumors.com/roundup/apple-glasses/\n\nhttps://www.macrumors.com/2002/03/24/apple-stereoscopic-displays-and-wearable-computers/\n\nhttps://www.businessinsider.com/apple-glasses-release-2022-iphone-replacement-2020-5?r=AU&IR=T\nhttps://appleinsider.com/inside/apple-glass\n\nhttps://www.tomsguide.com/news/apple-glass-patent-reveals-killer-feature-for-mass-appeal\n\n\n//Soundtrack//\n\n4:04 Carbon Based Lifeforms - Betula Pendula \nCheck out their music here http://carbonbasedlifeforms.net\n\n\u00bb Music I produce | http://burnwater.bandcamp.com or \n\u00bb http://www.soundcloud.com/burnwater\n\u00bb https://www.patreon.com/ColdFusion_TV\n\u00bb Collection of music used in videos: https://www.youtube.com/watch?v=YOrJJKW31OA\n\nProducer: Dagogo Altraide\n\nWhy are you still reading?", "link": "https://www.youtube.com/watch?v=ilzOWzH-wHo", "date_published": "2020-06-20 00:00:00+00:00", "persistent": false, "user": null, "language": "en-US"}]