[{"source": "https://www.youtube.com/feeds/videos.xml?channel_id=UC2eYFnH61tmytImy1mTYvhA", "title": "Virgin Social Media vs. Chad RSS (UNCENSORED!)", "description": "RSS feeds are the proper way to consoom product online. Don't get locked into social media, you can always have the best of both worlds.\n\nFor how to get RSS feeds from social media sites: https://lukesmith.xyz/blog#a-guide-to-using-rss-to-replace-social-media\n\nWEBSITE: https://lukesmith.xyz \ud83c\udf10\u2753\ud83d\udd0e\nDONATE: https://lukesmith.xyz/donate \ud83d\udcb0\ud83d\ude0e\ud83d\udc4c\ud83d\udcaf\nOR affiliate links to things l use:\nhttps://www.epik.com/?affid=we2ro7sa6 Get a cheap and reliable domain name with Epik.\nhttps://www.vultr.com/?ref=8384069-6G Get a VPS and host a website or server for anything else.\nhttps://brave.com/luk005 Get the Brave browser.\nhttps://lbry.tv/$/invite/@Luke View my videos on LBRY.\nhttps://www.coinbase.com/join/smith_5to1 Get crypto-rich on Coinbase.", "link": "https://www.youtube.com/watch?v=hMH9w6pyzvU", "date_published": "2020-06-20 00:00:00+00:00", "persistent": false, "user": null, "language": "en-US"}, {"source": "https://www.youtube.com/feeds/videos.xml?channel_id=UC2eYFnH61tmytImy1mTYvhA", "title": "Set Up a Basic Website! nginx, Certbot & secure login", "description": "Pls don't hack me even though I gave you my root password!\n\nhttps://www.epik.com/?affid=we2ro7sa6 Get a cheap and reliable domain name with Epik.\nhttps://www.vultr.com/?ref=8384069-6G Get a VPS with Vultr and host a website or server for anything else.\n\nIn a series of based slightly-off ffmpeg video cuts, I set up a website with all the essentials! After getting a domain, I set up a VPS and direct my domain to it. I then set a secure way to log into with with an ssh key pair. We then install nginx (Engine-X) and set up a super basic web page, and lastly added HTTPS/SSL using Certbot (setting this to try to auto-update every month with a cronjob).\n\nYou can easily add more sites to nginx which read different filesystem locations and expect different domains or subdomains.\n\nWEBSITE: https://lukesmith.xyz \ud83c\udf10\u2753\ud83d\udd0e\nDONATE: https://lukesmith.xyz/donate \ud83d\udcb0\ud83d\ude0e\ud83d\udc4c\ud83d\udcaf\nOR affiliate links to things l use:\nhttps://www.epik.com/?affid=we2ro7sa6 Get a cheap and reliable domain name with Epik.\nhttps://www.vultr.com/?ref=8384069-6G Get a VPS and host a website or server for anything else.\nhttps://brave.com/luk005 Get the Brave browser.\nhttps://lbry.tv/$/invite/@Luke View my videos on LBRY.\nhttps://www.coinbase.com/join/smith_5to1 Get crypto-rich on Coinbase.", "link": "https://www.youtube.com/watch?v=OWAqilIVNgE", "date_published": "2020-06-19 00:00:00+00:00", "persistent": false, "user": null, "language": "en-US"}]