[{"source": "https://www.youtube.com/feeds/videos.xml?channel_id=UCSbdMXOI_3HGiFviLZO6kNA", "title": "The BEST VR Games on the Oculus Quest", "description": "Hello! this is a follow up to my Top 10 VR games of all time video. These are the top 10 Oculus Quest games that I believe everyone needs to install on their Quests. Of course these are my opinions and some of you may definitely not agree with them, but if you don't I'd like to hear your opinions on why or maybe even your own top 10 lists, who knows maybe I'll learn something. \n\nMy links:\nLets continue this conversation on my Stream TODAY:\nhttps://www.twitch.tv/thrilluwu\nJoin my discord for good times\nhttps://discord.gg/thrill\nPatreon link:Join\nhttps://www.patreon.com/Thrillseeker\nGAMERSUPPS Discount Code: THRILL\nhttp://gamersupps.gg/?afmc=thrill\n\n\nHere are the top games:\n\n10: Super Hot 00:55\n9: Espire 1 02:03\n8: The Room 03:24\n7: Star Wars Vader Immortal Trilogy 04:19\n6: Rec Room 05:40\n5: Red Matter 06:44\n4: Beat Saber 07:21\n3: Echo Arena 08:06\n2: Journey of the Gods 09:14\n1: ??? 10:24", "link": "https://www.youtube.com/watch?v=RJMIgcE5_Vk", "date_published": "2020-06-19 00:00:00+00:00", "persistent": false, "user": null, "language": "en-US"}]