[{"source": "https://www.youtube.com/feeds/videos.xml?channel_id=UC_7PqixGIdE-jjoHKMPYpGA", "title": "Kiedy zwierz\u0119ta m\u00f3wi\u0105 ludzkim g\u0142osem?", "description": "\ud83d\udc49 Patronite \u25ba https://patronite.pl/NaukowyBelkot \n\ud83d\udc55 Nasze koszulki \u25ba https://naukowybelkot.shoplo.com/\n\ud83d\udcda Moja ksi\u0105\u017cka \u25ba https://altenberg.pl/geny/\n\ud83c\udfa7 Mix audio \u25ba http://ratstudios.pl/\n\r\nS\u0105 \u015awi\u0119ta - jest odcinek w swetrze. Jak zawsze jest te\u017c \u015bwi\u0105teczny temat. Tym razem, konkretnie, wigilijny. Z go\u015bcinnym udzia\u0142em zwierz\u0105tek.\n\r\n\ud83c\udf9e Film o komunikacji ro\u015blin:\nhttps://www.youtube.com/watch?v=tfrpBCtMM9k\n\n\ud83c\udf9e Film o poczuciu winy ps\u00f3w:\nhttps://www.youtube.com/watch?v=7nGj2Z1bnJg\n\n\ud83c\udf9e Film o mruganiu do kota:\nhttps://www.youtube.com/watch?v=f_ZZbp-n3Cg\n\n\ud83c\udf9e Filmy o feromonach (bardzo stare):\nhttps://www.youtube.com/watch?v=dNhDuaNpMbg\nhttps://www.youtube.com/watch?v=KbIoKFHKFm8\n\n\ud83c\udf9e Film o cholerze, z elementem komunikacji bakterii:\nhttps://www.youtube.com/watch?v=BS2vwkhml5g\n\nSubskrypcja \u25ba https://youtube.com/c/UwagaNaukowyBelkot\r\nFacebook \u25ba https://facebook.com/UwagaNaukowyBelkot\r\nTwitter \u25ba https://twitter.com/NaukowyBelkot\r\nInstagram \u25ba https://www.instagram.com/NaukowyBelkot/\r\n\r\nWy\u0142\u0105cznie Naukowy Be\u0142kot \u25ba https://goo.gl/Do7VCc\r\nGrupa na facebooku \u25ba https://goo.gl/HP8J83\n\n===\nRozk\u0142ad jazdy:\n\n0:00 Kluczowa informacja\n2:08 Jak i o czym?\n9:00 Czy to j\u0119zyk?\n13:42 Ludzkim g\u0142osem?\n21:08 Weso\u0142ych \u015awi\u0105t!\n\n#\u015bwi\u0119ta #sweter #zwierz\u0119ta", "link": "https://www.youtube.com/watch?v=5tdhWc6g0Wc", "date_published": "2020-12-23 00:00:00+00:00", "persistent": false, "user": null, "language": "en-US"}]