[{"source": "https://www.youtube.com/feeds/videos.xml?channel_id=UC1gVCrX5uEFc0s_8TIYGqmw", "title": "Manhatta - New York City 1921 - [ 60 FPS - Color - 4K ] - Old footage restoration with AI", "description": "This groundbreaking silent documentary captures the beauty and majesty of the New York City in its streets, skyscrapers, bridges, rail yards and harbors.\n\nIMDB\n\ud83d\udd17 https://www.imdb.com/title/tt0131468/\n\nOriginal video was processed with Deep Learning algorithms to achieve modern look and quality. Here is the process:\n\n1. Footage stabilization and noise/dust/scratches removal with After Effects and Neat Video \u2714\ufe0f\n\ud83d\udd17 https://www.neatvideo.com/?linkID=p7845\n2. Restoration with DeepRemaster, removing scratches and film damage \u2714\ufe0f\n\ud83d\udd17 https://github.com/satoshiiizuka/siggraphasia2019_remastering\n3. Frame interpolation to get smooth look using DAIN method. Result is 60 FPS video \u2714\ufe0f\n\ud83d\udd17 https://github.com/baowenbo/DAIN\n4. Colorization using DeOldify with NoGAN. Colors are not accurate, only for ambient mood \u2714\ufe0f\n\ud83d\udd17 https://github.com/jantic/DeOldify\n5. Upscaling using Topaz Video Enhance AI, upscale preserving detail and reducing noise \u2714\ufe0f\n\ud83d\udd17 https://topazlabs.com/video-enhance-ai/ref/755/\n\u2b50\u2b50\u2b50 15% DISCOUNT CODE: oldendays15\n6. Automation with Python scripts and AWS Thinkbox Deadline as queue manager \u2714\ufe0f\n\ud83d\udd17 https://www.awsthinkbox.com/deadline\n7. RTX 2070 Super 8GB, 32GB RAM, Ryzen 9 3900X 12-core. Approx 48hrs/10min video processing.\n\n\ud83c\udfb5 Intro Music:\nTimelapse by boomopera\nhttps://1.envato.market/om6ao\n\nSocial Media:\nhttps://www.facebook.com/oldendayschannel\nhttps://www.twitter.com/OldenDaysYT\nhttps://www.instagram.com/oldendayschannel\nhttps://www.pinterest.ca/OldenDaysYT/old-footage-restoration\nhttps://www.patreon.com/oldendays\n\n#deoldify #colorize #upscale #topazlabs #veai #dain #60fps #4k", "link": "https://www.youtube.com/watch?v=8DPpbeaf6oc", "date_published": "2020-12-23 00:00:00+00:00", "persistent": false, "user": null, "language": "en-US"}]