[{"source": "https://wiadomosci.dziennik.pl", "title": "Dzieci odebrane Polce przez Jugendamt zostan\u0105 na razie u muzu\u0142man\u00f3w", "description": "Dzieci odebrane Polce przez Jugendamt zostan\u0105 na razie u muzu\u0142man\u00f3w", "link": "https://wiadomosci.dziennik.pl/swiat/artykuly/7802606,jugendamt-polka-dzieci-rodzina-muzulmanie-niemcy.html", "date_published": "2020-09-21 08:55:52+00:00", "persistent": true, "user": "rumpel", "language": "pl", "tags": ["children", "big brother", "germany"]}]