[{"source": "https://www.youtube.com/feeds/videos.xml?channel_id=UC3I2GFN_F8WudD_2jUZbojA", "title": "Frances Quinlan - Detroit Lake (Live on KEXP)", "description": "http://KEXP.ORG presents Frances Quinlan performing \u201cDetroit Lake\u201d live in the KEXP studio. Recorded March 5, 2020.\n\nHost: Cheryl Waters\nKEXP Audio Engineer: Kevin Suggs\nCameras: Jim Beckmann, Scott Holpainen & Justin Wilmore\nEditor: Scott Holpainen\n\nhttp://kexp.org\nhttps://www.francesquinlan.com", "link": "https://www.youtube.com/watch?v=hpaUlv7uTK0", "date_published": "2020-09-21 00:00:00+00:00", "persistent": false, "user": null, "language": "en-US"}, {"source": "https://www.youtube.com/feeds/videos.xml?channel_id=UC3I2GFN_F8WudD_2jUZbojA", "title": "Frances Quinlan - Full Performance (Live on KEXP)", "description": "http://KEXP.ORG presents Frances Quinlan performing live in the KEXP studio. Recorded March 5, 2020.\n\nSongs:\nDetroit Lake\nNow That I'm Back\nRare Thing\nWent To LA\n\nHost: Cheryl Waters\nKEXP Audio Engineer: Kevin Suggs\nCameras: Jim Beckmann, Scott Holpainen & Justin Wilmore\nEditor: Scott Holpainen\n\nhttp://kexp.org\nhttps://www.francesquinlan.com", "link": "https://www.youtube.com/watch?v=QriPZZ7Pqsk", "date_published": "2020-09-21 00:00:00+00:00", "persistent": false, "user": null, "language": "en-US"}, {"source": "https://www.youtube.com/feeds/videos.xml?channel_id=UC3I2GFN_F8WudD_2jUZbojA", "title": "Frances Quinlan - Now That I'm Back (Live on KEXP)", "description": "http://KEXP.ORG presents Frances Quinlan performing \u201cNow That I'm Back\u201d live in the KEXP studio. Recorded March 5, 2020.\n\nHost: Cheryl Waters\nKEXP Audio Engineer: Kevin Suggs\nCameras: Jim Beckmann, Scott Holpainen & Justin Wilmore\nEditor: Scott Holpainen\n\nhttp://kexp.org\nhttps://www.francesquinlan.com", "link": "https://www.youtube.com/watch?v=ZPs6acsUrFk", "date_published": "2020-09-21 00:00:00+00:00", "persistent": false, "user": null, "language": "en-US"}, {"source": "https://www.youtube.com/feeds/videos.xml?channel_id=UC3I2GFN_F8WudD_2jUZbojA", "title": "Frances Quinlan - Rare Thing (Live on KEXP)", "description": "http://KEXP.ORG presents Frances Quinlan performing \u201cRare Thing\u201d live in the KEXP studio. Recorded March 5, 2020.\n\nHost: Cheryl Waters\nKEXP Audio Engineer: Kevin Suggs\nCameras: Jim Beckmann, Scott Holpainen & Justin Wilmore\nEditor: Scott Holpainen\n\nhttp://kexp.org\nhttps://www.francesquinlan.com", "link": "https://www.youtube.com/watch?v=HuOVyWhPpLE", "date_published": "2020-09-21 00:00:00+00:00", "persistent": false, "user": null, "language": "en-US"}, {"source": "https://www.youtube.com/feeds/videos.xml?channel_id=UC3I2GFN_F8WudD_2jUZbojA", "title": "Frances Quinlan - Went To LA (Live on KEXP)", "description": "http://KEXP.ORG presents Frances Quinlan performing \u201cWent To LA\u201d live in the KEXP studio. Recorded March 5, 2020.\n\nHost: Cheryl Waters\nKEXP Audio Engineer: Kevin Suggs\nCameras: Jim Beckmann, Scott Holpainen & Justin Wilmore\nEditor: Scott Holpainen\n\nhttp://kexp.org\nhttps://www.francesquinlan.com", "link": "https://www.youtube.com/watch?v=iXvFHN5rPpQ", "date_published": "2020-09-21 00:00:00+00:00", "persistent": false, "user": null, "language": "en-US"}]