[{"source": "https://www.youtube.com/feeds/videos.xml?channel_id=UCQSpnDG3YsFNf5-qHocF-WQ", "title": "10 Cool Gadgets Under $10!", "description": "\u2022 Protect your financial identity online with Privacy .com by using virtual cards and get $5 off your first purchase at \u21e8 http://privacy.com/thiojoe (Sponsored)\n\u2b9f Product Links (Affiliate): \u2b9f\n\u2022 Dimming Sheets \u27a3 https://amzn.to/2X1Bh2v\n\u2022 Magnet Viewing Paper \u27a3 https://amzn.to/2X5VNiH\n\u2022 Antistatic Project Tray \u27a3 https://amzn.to/30TMmE9\n\u2022 AmazonBasics USB Extension \u27a3 https://amzn.to/307le5l\n\u2022 Aukey Two-Port Charger \u27a3 https://amzn.to/2X55cXO\n\u2022 USB to Barrel Adapters Pack \u27a3 https://amzn.to/30YtKmf\n\u2022 Microfiber Cloths \u27a3 https://amzn.to/2X4P60t\n\u2022 Blue Blocker Glasses \u27a3 https://amzn.to/2EuvTPh\n\u2022 Headphone Stand \u27a3 https://amzn.to/39AXQQJ\n\u2022 Hook/Loop Roll \u27a3 https://amzn.to/39zdKLq\n\u2022 Logitech Webcam Cover \u27a3 https://amzn.to/3jIn18R\n\u2022 Magnetic Stud Finder \u27a3 https://amzn.to/2P0JX4Y\n\nNote: The links above are Amazon affiliate links, which means I'll probably get a small (usually ~1-2%) commission that helps support the channel if you decide to buy the item. The commission does not come out of your pocket, but rather from Amazon's.\n\n\u25ac\u25ac\u25ac\u25ac\u25ac\u25ac\u25ac\u25ac\u25ac\u25ac\u25ac\u25ac\u25ac\u25ac\u25ac\u25ac\u25ac\u25ac\u25ac\u25ac\u25ac\u25ac\u25ac\u25ac\u25ac\u25ac\nMerch \u21e8 https://teespring.com/stores/thiojoe\n\n\u21e8 http://Instagram.com/ThioJoe\n\u21e8 http://Twitter.com/ThioJoe\n\u21e8 http://Facebook.com/ThioJoeTV\n\nMy Gear & Equipment \u21e8 https://kit.co/ThioJoe\n\u25ac\u25ac\u25ac\u25ac\u25ac\u25ac\u25ac\u25ac\u25ac\u25ac\u25ac\u25ac\u25ac\u25ac\u25ac\u25ac\u25ac\u25ac\u25ac\u25ac\u25ac\u25ac\u25ac\u25ac\u25ac\u25ac\n\n#Gadgets #Tech #ThioJoe", "link": "https://www.youtube.com/watch?v=1XZqvze2T70", "date_published": "2020-07-29 00:00:00+00:00", "persistent": false, "user": null, "language": "en-US"}]