[{"source": "https://www.dailymail.co.uk", "title": "Paedophile Labour councillor who worked in children's home walks free despite being caught with over one million child porn images including 12-year-old girls being raped", "description": "Paedophile Labour councillor who worked in children's home walks free despite being caught with over one million child porn images including 12-year-old girls being raped", "link": "https://www.dailymail.co.uk/news/article-8568833/Paedophile-Labour-councillor-worked-childrens-home-walks-free.html", "date_published": "2020-07-28 21:09:04+00:00", "persistent": true, "user": "rumpel", "language": "en-EN", "tags": ["the left wing", "paedophilia", "inequality", "lgbt"]}]