[{"source": "https://www.youtube.com/feeds/videos.xml?channel_id=UCwUizOU8pPWXdXNniXypQEQ", "title": "How to Be More Afraid!", "description": "Grab your LMNT Electrolytes Here - https://drinklmnt.com/jp\n\nThe crazy alien shirt I was wearing - https://amzn.to/30YYu6Z\n\nWe all love having fear constantly thrown at us. Being afraid is the number one key to being happy. Fear can hold some people back, but constant fear mongering that leaves you unhappy and stuck is something that will accelerate you forward. But most don't know how to deal with fear and overcome it. The best way to overcome fear is to have more of it. Here's how to be more afraid...\n\n*For Comedy Show schedule and tickets: https://awakenwithjp.com/events/\n-My NEW Awakened Shirts are available! Claim yours here: https://awakenwithjp.com/shop\n\nListen and Subscribe to my NEW Podcast here: \nhttps://apple.co/3fFTbPC\nIt's also available everywhere else you get podcasts. Just search and subscribe to \"Awaken With JP Sears Show\"\n\nConnect with me at: \nhttp://www.facebook.com/AwakenWithJP\nhttp://www.Instagram.com/AwakenWithJP\nhttp://www.twitter.com/AwakenWithJP\nhttp://www.AwakenWithJP.com\n\nAs an Amazon Associate, I earn a small commission from qualifying purchases. Some of the links are affiliate links and if you decide to buy products through them I earn a tiny commission. It costs you nothing but helps support the channel and future videos!", "link": "https://www.youtube.com/watch?v=lcX9HBG4L34", "date_published": "2020-07-28 00:00:00+00:00", "persistent": false, "user": null, "language": "en-US"}]