[{"source": "https://www.youtube.com/feeds/videos.xml?channel_id=UCyl5V3-J_Bsy3x-EBCJwepg", "title": "Duggars Announce Support For Kanye After He Suggests Giving Americans $1 Million Per Baby", "description": "The Duggars were concerned about some of Kanye's wackier statements and antics, but at the end of the day, they decided that the ability to make millions of dollars just by doing what they do best -- making babies -- was worth it. \"We already got the TV show, and that's pretty swell,\" said Jim Bob Duggar. \"But man -- maybe we could finally build that giant Jello pool I've always wanted.\"\n\nFULL: https://babylonbee.com/news/duggars-announce-support-for-kanye-after-he-suggests-1-million-per-baby", "link": "https://www.youtube.com/watch?v=0XxEIWbBrUk", "date_published": "2020-07-29 00:00:00+00:00", "persistent": false, "user": null, "language": "en-US"}, {"source": "https://www.youtube.com/feeds/videos.xml?channel_id=UCyl5V3-J_Bsy3x-EBCJwepg", "title": "Secret Police Snatching Up Portland Rioters?", "description": "Ethan and Kyle discuss the current unrest in Portland, Oregon and whether or not there is a super-secret camouflaged police grabing citizens.\n\nFULL: https://youtu.be/liDkhKqDKaw", "link": "https://www.youtube.com/watch?v=xcB3LZQ0QFM", "date_published": "2020-07-29 00:00:00+00:00", "persistent": false, "user": null, "language": "en-US"}, {"source": "https://www.youtube.com/feeds/videos.xml?channel_id=UCyl5V3-J_Bsy3x-EBCJwepg", "title": "Interview Show: Dan Crenshaw Talks Eyepatches/Mob Democracy/Unscientific Lockdowns", "description": "Today on The Babylon Bee Podcast, Kyle and Ethan talk to Representative Dan Crenshaw. He is the representative for Texas\u2019 second congressional district and the author of Fortitude: American Resilience in the Era of Outrage. They discuss the importance of knowing a good eyepatch guy, the difference between a democracy and a republic, and try to decide what was more chaotic: Afghanistan or CHAZ?\n\nSubscribe on iTunes: https://podcasts.apple.com/us/podcast/the-babylon-bee/id1468715531\n\nGain Access to the Exclusive Content and Writing Forum: https://babylonbee.com/plans\n\nThe Official Babylon Bee Store: https://shop.babylonbee.com\n\nFollow The Babylon Bee:\nWebsite: https://babylonbee.com\nTwitter: http://twitter.com/thebabylonbee\nFacebook: http://facebook.com/thebabylonbee\nInstagram: http://instagram.com/thebabylonbee", "link": "https://www.youtube.com/watch?v=liDkhKqDKaw", "date_published": "2020-07-28 00:00:00+00:00", "persistent": false, "user": null, "language": "en-US"}]