[{"source": "https://www.youtube.com/feeds/videos.xml?channel_id=UCNvzD7Z-g64bPXxGzaQaa4g", "title": "10 Old Gaming Hacks That Are NOW EXTINCT", "description": "Some fun classic video game hardware/software tricks just don't work anymore. Here's a fun trip down memory lane.\nSubscribe for more: https://www.youtube.com/gameranxTV?sub_confirmation=1", "link": "https://www.youtube.com/watch?v=1akzc_Z_eNg", "date_published": "2020-07-29 00:00:00+00:00", "persistent": false, "user": null, "language": "en-US"}, {"source": "https://www.youtube.com/feeds/videos.xml?channel_id=UCNvzD7Z-g64bPXxGzaQaa4g", "title": "Destroy All Humans - Before You Buy", "description": "Destroy All Humans (2020, PC, PS4, Xbox One) returns with a beautiful new version of the original cult classic. How does this strange game hold up? Let\u2019s talk.\nSubscribe for more: http://youtube.com/gameranxtv \u25bc\u25bc\n\n\nBuy Destroy All Humans: https://amzn.to/30X1D6Z\n\n\n\nWatch more 'Before You Buy': https://bit.ly/2kfdxI6", "link": "https://www.youtube.com/watch?v=rLCsmPxaCCs", "date_published": "2020-07-29 00:00:00+00:00", "persistent": false, "user": null, "language": "en-US"}]