[{"source": "https://www.youtube.com/feeds/videos.xml?channel_id=UCw--xPGVVxYzRsWyV1nFqgg", "title": "Books I Changed My Mind On", "description": "Just me rambling about some books I reviewed now that I have new thoughts on them. \n\nMerch: https://teespring.com/stores/fantasy-news-2\nPatreon: https://www.patreon.com/DanielBGreene\nDiscord Server: https://discord.gg/xUzhVv4\nTwitter: https://twitter.com/DanielBGreene?lang=en\nTwitch: https://www.twitch.tv/fantasynews\nInstagram: https://www.instagram.com/dgreene101/\nSubreddit: https://www.reddit.com/r/danielgreene\nPodcast: https://afictionalconversation.podbean.com/", "link": "https://www.youtube.com/watch?v=Vt2qpR89d8M", "date_published": "2020-10-14 00:00:00+00:00", "persistent": false, "user": null, "language": "en-US"}, {"source": "https://www.youtube.com/feeds/videos.xml?channel_id=UCw--xPGVVxYzRsWyV1nFqgg", "title": "JK Rowling Industry Backlash\ud83d\udca3 To Sleep In A Sea Of Stars MOVIE\ud83c\udfa5 Jemisin MacArthur\ud83c\udfc6-FANTASY NEWS", "description": "Let\u2019s jump into the fantasy news\u2026 Oh boy.\n\nMerch: https://teespring.com/stores/fantasy-news-2\nPatreon: https://www.patreon.com/DanielBGreene\nDiscord Server: https://discord.gg/xUzhVv4\nTwitter: https://twitter.com/DanielBGreene?lang=en\nTwitch: https://www.twitch.tv/fantasynews\nInstagram: https://www.instagram.com/dgreene101/\nSubreddit: https://www.reddit.com/r/danielgreene\nPodcast: https://afictionalconversation.podbean.com/\n\nNEWS:\n--\n0:13 - N.K. Jemisin names MacArthur Fellow\nhttps://www.tor.com/2020/10/06/n-k-jemisin-has-been-named-a-macarthur-fellow/ \n\n0:42 - Son Of The Storm Excerpt\nhttps://io9.gizmodo.com/a-tense-traveler-awaits-a-crucial-meeting-in-this-first-1845220185 \n\n1:19 - To Sleep In A Sea Of Stars Movie\nhttps://deadline.com/2020/10/to-sleep-in-a-sea-of-stars-christopher-paolini-book-optioned-by-made-up-stories-snoot-entertainment-1234593826/ \n\n2:12 - Response To Rowling\nhttps://www.theguardian.com/books/2020/oct/09/stephen-king-margaret-atwood-roxane-gay-champion-trans-rights-open-letter-jk-rowling\n\n5:28 - Lives of Saints Excerpt\nhttps://ew.com/books/leigh-bardugo-the-lives-of-saints-excerpt/\n\n6:54 - Dresden Sit down\nhttps://www.youtube.com/watch?v=MPu4pfWTQu0\n\n7:02 - The Expanse Season 5\nhttps://tvline.com/2020/10/08/the-expanse-season-5-premiere-date-trailer/ \n\n8:26 - Resident Alien\nhttps://www.youtube.com/watch?v=26wdrAj8DmE\n\n9:16 - Janeway Returns\nhttps://www.tor.com/2020/10/08/kate-mulgrew-returns-to-role-of-captain-janeway-in-star-trek-prodigy/ \n\n9:45 - The Stand Trailer\nhttps://www.youtube.com/watch?v=l--4gu4CQBM \n\n11:12 - Green Lantern Show ordered\nhttps://www.comingsoon.net/tv/news/1151386-greg-berlantis-green-lantern-series-order-hbo-max\n--", "link": "https://www.youtube.com/watch?v=wh4P8QzpApw", "date_published": "2020-10-13 00:00:00+00:00", "persistent": false, "user": null, "language": "en-US"}]