[{"source": "https://www.youtube.com/feeds/videos.xml?channel_id=UCLr4hMhk_2KE0GUBSBrspGA", "title": "Czy warto kupi\u0107 nowego iPhone\u2019a? Podsumowanie premiery iPhone\u2019\u00f3w 12 - iPhone 12, 12 Pro, 12 mini", "description": "Link do ca\u0142ej konferencji: https://youtu.be/KR0g-1hnQPA\n\nMoje sociale:\nInsta: http://bit.ly/InstaKlawiatur \nTwitter: http://bit.ly/TTKlawitera\nFB: http://bit.ly/FBKlawiatur", "link": "https://www.youtube.com/watch?v=qeX2kdYJ7Ro", "date_published": "2020-10-14 00:00:00+00:00", "persistent": false, "user": null, "language": "en-US"}]