[{"source": "http://feeds.bbci.co.uk/news/rss.xml", "title": "Covid Sage documents: The scientific evidence and what No 10 then did", "description": "The government did not take the recommendation of a \"circuit breaker\" lockdown.", "link": "https://www.bbc.co.uk/news/health-54528983", "date_published": "2020-10-13 23:44:11+00:00", "persistent": false, "user": null, "language": "en-US"}, {"source": "http://feeds.bbci.co.uk/news/rss.xml", "title": "CEO Secrets: Older women strike out in lockdown", "description": "Meet the female entrepreneurs aged over 50 who have started businesses in lockdown.", "link": "https://www.bbc.co.uk/news/business-54482615", "date_published": "2020-10-13 23:36:04+00:00", "persistent": false, "user": null, "language": "en-US"}, {"source": "http://feeds.bbci.co.uk/news/rss.xml", "title": "Are London\u2019s bridges deteriorating?", "description": "Hammersmith Bridge shut in August after cracks worsened and there are worries about other bridges.", "link": "https://www.bbc.co.uk/news/uk-england-london-54523672", "date_published": "2020-10-13 23:31:02+00:00", "persistent": false, "user": null, "language": "en-US"}, {"source": "http://feeds.bbci.co.uk/news/rss.xml", "title": "The BTS fans investing in their favourite K-pop band", "description": "BTS, one of K-pop's biggest groups, are offering fans a chance to buy shares in a $822m market launch.", "link": "https://www.bbc.co.uk/news/business-54350428", "date_published": "2020-10-13 23:23:57+00:00", "persistent": false, "user": null, "language": "en-US"}, {"source": "http://feeds.bbci.co.uk/news/rss.xml", "title": "Brexit: Why France is raising the stakes over fishing", "description": "Fishing has become a key sticking point in Brexit trade talks, and French fishermen need a good deal.", "link": "https://www.bbc.co.uk/news/world-europe-54526145", "date_published": "2020-10-13 23:17:12+00:00", "persistent": false, "user": null, "language": "en-US"}, {"source": "http://feeds.bbci.co.uk/news/rss.xml", "title": "Coronavirus: Hundreds wish Edwin, 100, happy birthday", "description": "A care home is swamped with cards and gifts for a resident turning 100 in isolation from his family.", "link": "https://www.bbc.co.uk/news/uk-england-birmingham-54523713", "date_published": "2020-10-13 23:17:02+00:00", "persistent": false, "user": null, "language": "en-US"}, {"source": "http://feeds.bbci.co.uk/news/rss.xml", "title": "Trump taxes: A 'fundamentally unfair' system?", "description": "What do Donald Trump's tiny tax bills say about the taxes of the wealthy?", "link": "https://www.bbc.co.uk/news/business-54364904", "date_published": "2020-10-13 23:13:34+00:00", "persistent": false, "user": null, "language": "en-US"}, {"source": "http://feeds.bbci.co.uk/news/rss.xml", "title": "Boy sleeps in tent for months in memory of friends", "description": "Max Woosey has been sleeping in his back garden for 200 days to raise money for North Devon Hospice.", "link": "https://www.bbc.co.uk/news/uk-england-devon-54513247", "date_published": "2020-10-13 23:12:59+00:00", "persistent": false, "user": null, "language": "en-US"}, {"source": "http://feeds.bbci.co.uk/news/rss.xml", "title": "'I was mistaken for a security guard at my first banking job'", "description": "As racism persists, firms face growing calls to make their senior leadership teams more diverse.", "link": "https://www.bbc.co.uk/news/business-54438596", "date_published": "2020-10-13 23:12:50+00:00", "persistent": false, "user": null, "language": "en-US"}, {"source": "http://feeds.bbci.co.uk/news/rss.xml", "title": "Captain Sir Tom Moore gets first military veterans railcard", "description": "Sir Tom said it was \"wonderful\" to be awarded the first railcard giving veterans a travel discount.", "link": "https://www.bbc.co.uk/news/uk-england-beds-bucks-herts-54526866", "date_published": "2020-10-13 23:10:37+00:00", "persistent": false, "user": null, "language": "en-US"}, {"source": "http://feeds.bbci.co.uk/news/rss.xml", "title": "Why Dolly Alderton stopped writing about her personal life", "description": "After a hugely successful memoir, the Sunday Times columnist is now releasing her debut novel.", "link": "https://www.bbc.co.uk/news/entertainment-arts-54330640", "date_published": "2020-10-13 23:05:21+00:00", "persistent": false, "user": null, "language": "en-US"}, {"source": "http://feeds.bbci.co.uk/news/rss.xml", "title": "Shattering Korea\u2019s cement ceiling", "description": "Meet Korea's all-woman repair service, created for women who feel nervous about repairmen knocking at their doors.", "link": "https://www.bbc.co.uk/news/world-asia-54529960", "date_published": "2020-10-13 23:04:43+00:00", "persistent": false, "user": null, "language": "en-US"}, {"source": "http://feeds.bbci.co.uk/news/rss.xml", "title": "US election 2020: How to spot disinformation", "description": "How can you spot false claims, influence campaigns and conspiracy theories on your social media feed?", "link": "https://www.bbc.co.uk/news/world-us-canada-54518196", "date_published": "2020-10-13 23:02:25+00:00", "persistent": false, "user": null, "language": "en-US"}, {"source": "http://feeds.bbci.co.uk/news/rss.xml", "title": "Poland's largest WW2 bomb explodes during attempt to defuse it", "description": "The RAF dropped the \"earthquake\" bomb in a raid in 1945 which sank the German cruiser L\u00fctzow.", "link": "https://www.bbc.co.uk/news/world-54533860", "date_published": "2020-10-13 22:40:39+00:00", "persistent": false, "user": null, "language": "en-US"}, {"source": "http://feeds.bbci.co.uk/news/rss.xml", "title": "US election 2020: World reaction to long queues of voters in US", "description": "From India to Ireland, people have been surprised by the long waits US voters are facing.", "link": "https://www.bbc.co.uk/news/election-us-2020-54532189", "date_published": "2020-10-13 22:14:08+00:00", "persistent": false, "user": null, "language": "en-US"}, {"source": "http://feeds.bbci.co.uk/news/rss.xml", "title": "FA Cup qualifying: Watch dramatic end to Christchurch v Dulwich Hamlet game", "description": "Watch a thrilling final few minutes as 10-man Dulwich Hamlet progress to the fourth qualifying round of the FA Cup with victory over Christchurch FC in a penalty shoot-out.", "link": "https://www.bbc.co.uk/sport/av/football/54533770", "date_published": "2020-10-13 21:55:33+00:00", "persistent": false, "user": null, "language": "en-US"}, {"source": "http://feeds.bbci.co.uk/news/rss.xml", "title": "Hidden camera's hugging tiger wins wildlife photo award", "description": "A camera-trap image of an Amur tiger takes the grand prize at Wildlife Photographer of the Year 2020.", "link": "https://www.bbc.co.uk/news/science-environment-54518336", "date_published": "2020-10-13 20:55:28+00:00", "persistent": false, "user": null, "language": "en-US"}, {"source": "http://feeds.bbci.co.uk/news/rss.xml", "title": "Covid: Why is Liverpool alone in top tier restrictions?", "description": "A three-tier alert system has been introduced in England, but some aspects remain unclear.", "link": "https://www.bbc.co.uk/news/54523313", "date_published": "2020-10-13 17:21:40+00:00", "persistent": false, "user": null, "language": "en-US"}, {"source": "http://feeds.bbci.co.uk/news/rss.xml", "title": "NZ election: The people left behind in Ardern's 'kind' New Zealand", "description": "Critics say Jacinda Ardern has not done enough to combat child poverty as she seeks another term.", "link": "https://www.bbc.co.uk/news/world-asia-54444643", "date_published": "2020-10-13 16:23:52+00:00", "persistent": false, "user": null, "language": "en-US"}, {"source": "http://feeds.bbci.co.uk/news/rss.xml", "title": "Covid: Local leaders react to the three-tier system", "description": "Some are resisting higher alert levels, while others are calling for them to be introduced urgently.", "link": "https://www.bbc.co.uk/news/uk-54523859", "date_published": "2020-10-13 15:23:19+00:00", "persistent": false, "user": null, "language": "en-US"}, {"source": "http://feeds.bbci.co.uk/news/rss.xml", "title": "Britain's Got Talent Christmas special delayed by Covid cases", "description": "Filming is postponed after at least three crew members test positive for coronavirus.", "link": "https://www.bbc.co.uk/news/in-pictures-54525741", "date_published": "2020-10-13 14:25:51+00:00", "persistent": false, "user": null, "language": "en-US"}, {"source": "http://feeds.bbci.co.uk/news/rss.xml", "title": "Harry Potter first edition fetches \u00a360,000 at auction", "description": "The rare first edition hardback copy of the novel had been valued at half the amount.", "link": "https://www.bbc.co.uk/news/uk-england-stoke-staffordshire-54523938", "date_published": "2020-10-13 13:43:21+00:00", "persistent": false, "user": null, "language": "en-US"}, {"source": "http://feeds.bbci.co.uk/news/rss.xml", "title": "A40 crash: Four family members die in Oxfordshire collision", "description": "Three children aged under eight and a 29-year-old woman die in a crash between a car and a lorry.", "link": "https://www.bbc.co.uk/news/uk-england-oxfordshire-54521250", "date_published": "2020-10-13 12:33:32+00:00", "persistent": false, "user": null, "language": "en-US"}, {"source": "http://feeds.bbci.co.uk/news/rss.xml", "title": "Bronze returns to Lionesses squad for friendly against Germany", "description": "Lucy Bronze returns to the England squad for the friendly against two-time world champions Germany on 27 October.", "link": "https://www.bbc.co.uk/sport/football/54520570", "date_published": "2020-10-13 12:27:37+00:00", "persistent": false, "user": null, "language": "en-US"}, {"source": "http://feeds.bbci.co.uk/news/rss.xml", "title": "Covid: Sage scientists called for short lockdown weeks ago", "description": "The government took \"robust action\" at the time, such as the rule of six, a cabinet minister says.", "link": "https://www.bbc.co.uk/news/uk-54518002", "date_published": "2020-10-13 12:04:24+00:00", "persistent": false, "user": null, "language": "en-US"}, {"source": "http://feeds.bbci.co.uk/news/rss.xml", "title": "Lockdown: 'I've got women working for me who are sobbing'", "description": "Hospitality businesses warn of hardship and confusion as they battle with the latest restrictions.", "link": "https://www.bbc.co.uk/news/business-54510310", "date_published": "2020-10-13 11:59:00+00:00", "persistent": false, "user": null, "language": "en-US"}, {"source": "http://feeds.bbci.co.uk/news/rss.xml", "title": "Trump rally: President's Florida speech fact-checked", "description": "Trump is back on the campaign trail after contracting coronavirus. We checked some of his claims.", "link": "https://www.bbc.co.uk/news/election-us-2020-54512170", "date_published": "2020-10-13 11:44:21+00:00", "persistent": false, "user": null, "language": "en-US"}, {"source": "http://feeds.bbci.co.uk/news/rss.xml", "title": "US election 2020: Trump back on campaign trail in Florida", "description": "President Trump holds a campaign rally less than two weeks after testing positive for Covid-19.", "link": "https://www.bbc.co.uk/news/election-us-2020-54516324", "date_published": "2020-10-13 11:33:17+00:00", "persistent": false, "user": null, "language": "en-US"}, {"source": "http://feeds.bbci.co.uk/news/rss.xml", "title": "Covid-19: Why is Essex County Council pleading for tighter restrictions?", "description": "The decision to apply for tougher measures comes amid concerns over an \"exponential\" rise in cases.", "link": "https://www.bbc.co.uk/news/uk-england-essex-54521907", "date_published": "2020-10-13 11:32:23+00:00", "persistent": false, "user": null, "language": "en-US"}, {"source": "http://feeds.bbci.co.uk/news/rss.xml", "title": "Coronavirus: Covid spike warning if schools and pubs stay open", "description": "Northern Ireland's infection rates will keep rising unless politicians act now, warn health experts.", "link": "https://www.bbc.co.uk/news/uk-northern-ireland-54517791", "date_published": "2020-10-13 11:23:01+00:00", "persistent": false, "user": null, "language": "en-US"}, {"source": "http://feeds.bbci.co.uk/news/rss.xml", "title": "The Wanted's Tom Parker 'overwhelmed' by support after tumour diagnosis", "description": "Tom Parker's bandmates rally round after he is diagnosed with an inoperable brain tumour.", "link": "https://www.bbc.co.uk/news/entertainment-arts-54522945", "date_published": "2020-10-13 11:13:02+00:00", "persistent": false, "user": null, "language": "en-US"}, {"source": "http://feeds.bbci.co.uk/news/rss.xml", "title": "Shielding not needed yet, despite rising Covid rate", "description": "The most clinically vulnerable people in England will get a letter to explain how to stay safe.", "link": "https://www.bbc.co.uk/news/health-54525067", "date_published": "2020-10-13 11:09:25+00:00", "persistent": false, "user": null, "language": "en-US"}, {"source": "http://feeds.bbci.co.uk/news/rss.xml", "title": "Chilwell & Trippier to miss Denmark game after leaving England squad", "description": "Preview followed by live coverage of Wednesday's Uefa Nations League game between England and Denmark.", "link": "https://www.bbc.co.uk/sport/football/54363934", "date_published": "2020-10-13 11:05:50+00:00", "persistent": false, "user": null, "language": "en-US"}, {"source": "http://feeds.bbci.co.uk/news/rss.xml", "title": "Ricciardo shining for revitalised Renault - Jolyon Palmer column", "description": "Renault are finally showing signs of performance - just as Fernando Alonso appears back on the scene.", "link": "https://www.bbc.co.uk/sport/formula1/54503216", "date_published": "2020-10-13 10:47:13+00:00", "persistent": false, "user": null, "language": "en-US"}, {"source": "http://feeds.bbci.co.uk/news/rss.xml", "title": "Ferry firms handed \u00a377.6m post-Brexit contracts", "description": "The firms will have the job of ensuring the smooth flow of vital supplies whatever happens in trade talks.", "link": "https://www.bbc.co.uk/news/uk-politics-54523758", "date_published": "2020-10-13 10:17:38+00:00", "persistent": false, "user": null, "language": "en-US"}, {"source": "http://feeds.bbci.co.uk/news/rss.xml", "title": "Unemployment rate hits highest level in three years", "description": "The UK unemployment rate rose to 4.5% between June and August, official figures show.", "link": "https://www.bbc.co.uk/news/business-54520521", "date_published": "2020-10-13 09:10:35+00:00", "persistent": false, "user": null, "language": "en-US"}, {"source": "http://feeds.bbci.co.uk/news/rss.xml", "title": "Sports Personality of the Year to take place in Salford in December", "description": "The BBC Sports Personality of the Year awards will take place on 20 December at Media City in Salford, live on BBC One.", "link": "https://www.bbc.co.uk/sport/sports-personality/54501580", "date_published": "2020-10-13 09:00:33+00:00", "persistent": false, "user": null, "language": "en-US"}, {"source": "http://feeds.bbci.co.uk/news/rss.xml", "title": "Monday Night Football: Los Angeles Chargers receivers impress against New Orleans Saints", "description": "Wide receivers Mike Williams and Keenan Allen impress for the Los Angeles Chargers in their 30-27 loss at the New Orleans Saints.", "link": "https://www.bbc.co.uk/sport/av/american-football/54522318", "date_published": "2020-10-13 08:52:34+00:00", "persistent": false, "user": null, "language": "en-US"}, {"source": "http://feeds.bbci.co.uk/news/rss.xml", "title": "Grassroots Sport: Clubs' investment in volunteers improves grass pitch quality", "description": "BBC Sport meets volunteers who trained themselves during lockdown to maintain grass pitches for their communities.", "link": "https://www.bbc.co.uk/sport/england/54439301", "date_published": "2020-10-13 08:31:54+00:00", "persistent": false, "user": null, "language": "en-US"}, {"source": "http://feeds.bbci.co.uk/news/rss.xml", "title": "'I didn\u2019t want to tell anyone I was claiming benefits'", "description": "A growing number of people feel ashamed about claiming benefits., recent research suggests.", "link": "https://www.bbc.co.uk/news/business-54507291", "date_published": "2020-10-13 05:54:57+00:00", "persistent": false, "user": null, "language": "en-US"}, {"source": "http://feeds.bbci.co.uk/news/rss.xml", "title": "Wenger on Arsenal, Arteta, Ozil and VAR", "description": "Former Arsenal manager Arsene Wenger answers BBC Sport questions on rejecting offers to leave the Gunners, VAR, Mikel Arteta and not signing Ronaldo.", "link": "https://www.bbc.co.uk/sport/football/54513321", "date_published": "2020-10-13 05:11:19+00:00", "persistent": false, "user": null, "language": "en-US"}, {"source": "http://feeds.bbci.co.uk/news/rss.xml", "title": "The Papers: 'Back to square one' as millions face new rules", "description": "The papers react to England's new three-tier Covid system, which sees new restrictions for Liverpool.", "link": "https://www.bbc.co.uk/news/blogs-the-papers-54518025", "date_published": "2020-10-13 04:34:30+00:00", "persistent": false, "user": null, "language": "en-US"}, {"source": "http://feeds.bbci.co.uk/news/rss.xml", "title": "Peru opens Machu Picchu for single tourist stranded by Covid", "description": "A Japanese man waited almost seven months to enter the site after it was closed because of Covid.", "link": "https://www.bbc.co.uk/news/world-latin-america-54518628", "date_published": "2020-10-13 02:01:04+00:00", "persistent": false, "user": null, "language": "en-US"}, {"source": "http://feeds.bbci.co.uk/news/rss.xml", "title": "Belly Mujinga's death: Searching for the truth", "description": "A BBC investigation into the death of transport worker Belly Mujinga raises questions about the inquiries carried out by her employer and the police.", "link": "https://www.bbc.co.uk/news/uk-54435703", "date_published": "2020-10-13 01:38:00+00:00", "persistent": false, "user": null, "language": "en-US"}]