[{"source": "https://www.youtube.com/feeds/videos.xml?channel_id=UCswH8ovgUp5Bdg-0_JTYFNw", "title": "Is Caring For The Environment A Privilege?! | Russell Brand", "description": "A clip from my #UnderTheSkin podcast with Kate Nelson aka. Plastic Free Mermaid. You can listen this entire podcast \"#154 Why We Must Wake Up To Plastic Free Life\" over on Luminary here: http://luminary.link/russell\n\nKate is an long-time plastics activist and she is on the brink of banning plastics in Australia, but needs your help! Find out more: iquitplastics.com/blog/ban-plastics-australia\"\n\nInstagram: http://instagram.com/russellbrand/\nTwitter: http://twitter.com/rustyrockets\n\nProduced by Jenny May Finn (Instagram: @jennymayfinn)", "link": "https://www.youtube.com/watch?v=cUZLCzcBsfo", "date_published": "2020-10-13 00:00:00+00:00", "persistent": false, "user": null, "language": "en-US"}]