[{"source": "https://www.youtube.com/feeds/videos.xml?channel_id=UCNvzD7Z-g64bPXxGzaQaa4g", "title": "Call of Duty: Warzone - 10 Things Players HATE", "description": "Call of Duty Warzone (PC, PS4, Xbox One) is a fun game, but even the biggest fans have some minor complaints and grievances. Here are the biggest ones we've heard.\nSubscribe for more: http://youtube.com/gameranxtv", "link": "https://www.youtube.com/watch?v=mZEB7bgzOuY", "date_published": "2020-03-17 00:00:00+00:00", "persistent": false, "user": null, "language": "en-US"}, {"source": "https://www.youtube.com/feeds/videos.xml?channel_id=UCNvzD7Z-g64bPXxGzaQaa4g", "title": "XBOX Series X: CPU, GPU, SSD Storage & RAM Specs Revealed", "description": "Microsoft/Xbox just dropped tons of new information about the upcoming Xbox Series X. From specs, to memory cards, to smaller hardware details, we've got you covered here.\nSubscribe for more: http://youtube.com/gameranxtv", "link": "https://www.youtube.com/watch?v=o8oWzddltZ4", "date_published": "2020-03-16 00:00:00+00:00", "persistent": false, "user": null, "language": "en-US"}]