[{"source": "https://www.youtube.com/feeds/videos.xml?channel_id=UC5UAwBUum7CPN5buc-_N1Fw", "title": "Open Source More Vulnerable, Linux game benchmarks, and GNOME 3.36 - Linux News 1-15th March", "description": "Visit http://linode.com/linuxexperiment for a 20$ credit on your new Linode account !\nHere are some Linux, privacy, and open source news for the first half of march 2020, and we have some interesting stuff, including the release of GNOME 3.36, an interesting game benchmarking tool, and a surge in open source vulnerabilities.\n\nSupport the channel on Patreon: https://www.patreon.com/thelinuxexperiment\nFollow me on Twitter : http://twitter.com/thelinuxEXP\n\nWhat I use to make my videos:\nMicrophone: https://amzn.to/2PsNWXl\nGPU: https://amzn.to/2LHZ5o5\nMotherboard: https://amzn.to/2KZt63t\nCPU: https://amzn.to/2IFjKrw\n\nUnity8, the continuation of the Ubuntu Unity project, will get a name change: the desktop will now be called Lomiri.\nhttps://itsfoss.com/unity8-lomiri/\n\nUbuntu will ship the GNOME Software store as a snap, starting from 20.04 https://www.omgubuntu.co.uk/2020/02/ubuntu-snap-store-transition\n\nDXVK 1.5.5 was released, improving directX9 support for older intel hardware, and correcting bugs for a huge number of games, including Skyrim, Elite Dangerous, Just Cause, Saint\u2019s Row III and IV, Rocket League, and Vampire the Masquerade.\nhttps://github.com/doitsujin/dxvk/releases/tag/v1.5.5\n\nThe freedesktop.org gitlab is in danger of losing its continuous integration servers.\nhttps://www.phoronix.com/scan.php?page=news_item&px=X.Org-Cloud-CI-Cost-Sponsors\n\nA little study ranked various web browsers in terms of what telemetry data they send to their home companies. Brave, ranks first, and Edge and the Yandex browser rank last.\nhttps://www.zdnet.com/article/brave-deemed-most-private-browser-in-terms-of-phoning-home/\n\nZorin OS 15.2 was released. Although it doesn\u2019t bring any specific new features to Zorin OS, it now benefits from newer software versions, and from the latest hardware enablement stack from Ubuntu 18.04 LTS.\nhttps://www.omgubuntu.co.uk/2020/03/zorin-os-15-2-release\n\nDuck Duck Go announced Tracker Radar, a publicly available data set about trackers on the web. it\u2019s open source, and can be used to create block lists to stay free of tracking when you\u2019re browsing. https://spreadprivacy.com/duckduckgo-tracker-radar/\n\nThe website Its FOSS published an interesting interview of Gael Duval, the founder of the ./e/ project. For those who haven\u2019t heard of it, it aims to provide an Android distribution completely de-googled.\nhttps://itsfoss.com/gael-duval-interview/\n\nFirefox 74 was released, with DNS over HTTPS enabled by default for american users. \nhttps://www.mozilla.org/en-US/firefox/74.0/releasenotes/\n\nProton 5.0-4 was released, and it fixes quite a lot of bugs. https://github.com/ValveSoftware/Proton/wiki/Changelog\n\nGNOME 3.36 was released, with performance improvements, and a lot of attention focused on the shell itself.\nhttps://help.gnome.org/misc/release-notes/3.36/index.html.cs\n\nWine 5.4 was released, with more features for DIrect2D, and support for drawing text using DirectX9, which should fix a bunch of games that didn\u2019t display text correctly. 30 bugs were also fixed, including for Divinity Original sin 2, Final Fantasy V, Nier Automata or RPG Maker.\nhttps://www.winehq.org/announce/5.4\n\nThe number of reported vulnerabilites in open source projects has surged 50% in 2019, with over 6000 vulnerabilities disclosed. The good news is, these are very often reported with a patch to fix them, in 85% of cases, and this means that open source projects are still being watched for security and fixed rapidly. Still, it also means that open source teams have to spend more of their time on these issues than on improving the projects in other ways, and since open source developers don\u2019t always have enough time already, it could put a strain on the advancement of various FOSS projects.\n\nhttps://www.theregister.co.uk/2020/03/13/open_source_bugs/\n\nMangoHUD, the overlay designed to benchmark and oversee gaming performance on Linux has a new release. While it was limited to recording performance on vulkan games, it now can handle OpenGL as well ! This means that the overlay should now be compatible with most games running on Linux. It also now displays Input output read and write speeds, the GPU clock speed, and the ability to change to color of the HUD elements.\n\nhttps://www.gamingonlinux.com/articles/mangohud-the-excellent-linux-overlay-layer-adds-opengl-support-in-addition-to-vulkan.16215", "link": "https://www.youtube.com/watch?v=QqKL761hvM0", "date_published": "2020-03-16 00:00:00+00:00", "persistent": false, "user": null, "language": "en-US"}]