[{"source": "https://www.youtube.com/feeds/videos.xml?channel_id=UC-2YHgc363EdcusLIBbgxzg", "title": "5 Good Ideas That Went Horribly Wrong | Answers With Joe", "description": "First 200 people to sign up at http://www.brilliant.org/answerswithjoe will get 20% off their subscription for life! Go get it!\nYou never know what life's gonna throw at you. Often our best efforts and most brilliant ideas turn into hellish nightmares. From the plant that ate the south to a pill that destroyed a generation, here are 5 times that's happened.\n\nWant to support the channel? Here's how:\nPatreon: http://www.patreon.com/answerswithjoe\r\n\rChannel Memberships: https://www.youtube.com/channel/UC-2YHgc363EdcusLIBbgxzg/join\r\n\rCheck out the store: http://www.answerswithjoe.com/store\n\nJoin me on the Our Ludicrous Future Podcast:\r\nhttps://www.youtube.com/channel/UCvUf_yOU_swE6PtOuv2yBqg\r\n\r\r\nInterested in getting a Tesla? Use my referral link and get discounts and perks:\r\nhttps://ts.la/joe74700\r\n\r\nFollow me at all my places!\r\nInstagram: https://instagram.com/answerswithjoe\r\nSnapchat: https://www.snapchat.com/add/answerswithjoe\r\nFacebook: http://www.facebook.com/answerswithjoe\r\nTwitter: https://www.twitter.com/answerswithjoe\n\nLINKS LINKS LINKS:\n\nThalidomide:\nhttps://americanpregnancy.org/pregnancy-health/morning-sickness-during-pregnancy/\nhttp://broughttolife.sciencemuseum.org.uk/broughttolife/themes/controversies/thalidomide\nhttps://www.dailymail.co.uk/health/article-6024765/Scientists-FINALLY-discover-thalidomide-caused-birth-defects.html\n\nKudzu:\nhttps://science.howstuffworks.com/life/botany/kudzu.htm\nhttps://www.smithsonianmag.com/science-nature/true-story-kudzu-vine-ate-south-180956325/\nhttps://www.aces.edu/blog/topics/invasive-species/history-use-of-kudzu-in-southeastern-united-states/\n\nMTBE:\nhttps://archive.epa.gov/mtbe/web/html/faq.html\nhttps://www.eesi.org/papers/view/fact-sheet-a-brief-history-of-octane\nhttps://www.health.state.mn.us/communities/environment/risk/docs/guidance/gw/methbutylethinfo.pdf\nhttps://www.eia.gov/todayinenergy/detail.php?id=36614\n\nCane Toads:\nhttps://www.wptv.com/news/region-n-palm-beach-county/palm-beach-gardens/palm-beach-gardens-community-concerned-over-outbreak-of-toads\nhttps://www.maitlandmercury.com.au/story/5968050/have-we-lost-the-battle-against-the-cane-toad/\nhttps://www.smithsonianmag.com/smart-news/plague-invasive-cane-toads-overruns-florida-community-180971797/\nhttps://www.nationalgeographic.com/animals/amphibians/c/cane-toad/\n\nAsbestos:\nhttps://www.epa.gov/asbestos/epa-actions-protect-public-exposure-asbestos\nhttps://www.asbestos.com/asbestos/\nhttps://www.mesotheliomadiagnosis.com/asbestos/\nhttps://listverse.com/2014/07/06/10-popular-ideas-that-turned-out-to-be-really-dangerous/", "link": "https://www.youtube.com/watch?v=9oDaRS_rUko", "date_published": "2020-03-16 00:00:00+00:00", "persistent": false, "user": null, "language": "en-US"}]