[{"source": "https://www.youtube.com/feeds/videos.xml?channel_id=UCsM-ZFKD_8vlDjfhKRNUk1A", "title": "Rufus Wainwright - Going To A Town - live MUZO.FM", "description": "Rufus Wainwright - Going To A Town na \u017cywo w MUZO.FM. Utw\u00f3r Goint To A Town pochodzi z p\u0142yty Rufusa Wainwrighta Release The Stars. \n\n\nSubskrybuj nasz kana\u0142: http://www.muzo.tv\nFacebook: http://www.facebook.com/MUZO.FM\nFacebook: http://www.facebook.com/MUZO.TV\nFacebook Rufus Wainwright: http://www.facebook.com/rufuswainwrightofficial\nInstagram Rufus Wainwright: http://www.instagram.com/rufuswainwright\nInstagram: http://www.instagram.com/muzofm\nTwitter: http://twitter.com/muzo_fm\nStrona: http://www.muzo.fm\n\n\nRufus Wainwright Going To A Town tekst\n\nI'm going to a town that has already been burnt down\nI'm going to a place that has already been disgraced\nI'm gonna see some folks who have already been let down\nI'm so tired of America\nI'm gonna make it up for all of The Sunday Times\nI'm gonna make it up for all of the nursery rhymes\nThey never really seem to want to tell the truth\nI'm so tired of you, America\nMaking my own way home\nAin't gonna be alone\nI've got a life to lead, America\nI've got a life to lead\nTell me, do you really think you go to hell for having loved?\nTell me, enough of thinking everything that you've done is good\nI really need to know, after soaking the body of Jesus Christ in blood\nI'm so tired of America\nI really need to know\nI may just never see you again, or might as well\nYou took advantage of a world that loved you well\nI'm going to a town that has already been burnt down\nI'm so tired of you, America\nMaking my own way home\nAin't gonna be alone\nI've got a life to lead, America\nI've got a life to lead\nI got a soul to feed\nI got a dream to heed\nAnd that's all I need\nMaking my own way home\nAin't gonna be alone\nI'm going to a town\nThat has already been burnt down", "link": "https://www.youtube.com/watch?v=o1u3-yXxnds", "date_published": "2020-03-17 00:00:00+00:00", "persistent": false, "user": null, "language": "en-US"}]