[{"source": "https://www.youtube.com/feeds/videos.xml?channel_id=UCZYTClx2T1of7BRZ86-8fow", "title": "Where Are All the Tiny Dinosaurs?", "description": "What was the smallest non-avian dinosaur, and why were there so few tiny dinos running around the Mesozoic?\n\nHosted by: Stefan Chin \n\nSciShow has a spinoff podcast! It's called SciShow Tangents. Check it out at http://www.scishowtangents.org\n----------\nSupport SciShow by becoming a patron on Patreon: https://www.patreon.com/scishow\n----------\nHuge thanks go to the following Patreon supporters for helping us keep SciShow free for everyone forever:\n\nKevin Bealer, Jacob, KatieMarie Magnone, D.A. Noe, Charles Southerland, Christopher R Boucher, Alex Hackman, Matt Curls, Adam Brainard, Scott Satovsky Jr, Sam Buck, Avi Yashchin, Ron Kakar, Chris Peters, Kevin Carpentier, Patrick D. Ashmore, Piya Shedden, Sam Lutfi, charles george, Greg\n----------\nLooking for SciShow elsewhere on the internet?\nFacebook: http://www.facebook.com/scishow\nTwitter: http://www.twitter.com/scishow\nTumblr: http://scishow.tumblr.com\nInstagram: http://instagram.com/thescishow\n----------\nSources:\nhttps://www.nature.com/articles/s41598-018-35289-4\nhttps://www.scientificamerican.com/article/tiny-footprints-may-have-been-made-by-worlds-smallest-nonavian-dinosaur/\nhttps://www.nature.com/articles/s41598-019-38633-4\nhttps://www.smithsonianmag.com/smart-news/exquisitely-preserved-skin-impressions-found-dinosaur-footprints-180971935/\nhttps://www.geol.umd.edu/~tholtz/G104/lectures/104fossils.html\nhttps://www.audubon.org/news/get-know-bee-hummingbird-worlds-smallest-bird\nhttps://www.theguardian.com/science/lost-worlds/2012/aug/17/bias-fossil-record\nhttps://www.researchgate.net/publication/226523720_A_new_feathered_maniraptoran_dinosaur_fossil_that_fills_a_morphological_gap_in_avian_origin\nhttp://www.prehistoric-wildlife.com/species/m/microraptor.html\nhttps://www.theguardian.com/science/lost-worlds/2012/dec/19/dinosaurs-fossils\n\nImage Sources:\nhttps://www.istockphoto.com/photo/stegosaurus-forest-scene-3d-illustration-gm1168444910-322629921\nhttps://www.istockphoto.com/photo/cuban-bee-hummingbird-gm505799948-83844847\nhttps://en.wikipedia.org/wiki/Microraptor#/media/File:Microraptor_by_durbed.jpg\nhttps://en.wikipedia.org/wiki/Microraptor#/media/File:Microraptor_scale.png\nhttps://www.istockphoto.com/photo/dinosaur-fossil-found-by-archaeologists-gm1187632820-335571627\nhttps://www.istockphoto.com/vector/seamless-repeat-pattern-with-different-shape-colorful-dinosaur-foot-prints-tracks-gm1196114133-341112918\nhttps://www.istockphoto.com/vector/world-map-countries-gm1098288750-294967258\nhttps://www.nature.com/articles/s41598-019-38633-4/figures/4\nhttps://www.istockphoto.com/photo/male-red-winged-blackbird-perched-on-green-plant-with-yellow-flowers-next-to-lake-gm1153355584-313205504\nhttps://www.istockphoto.com/photo/pack-of-raptor-dinosaurs-running-dromaeosaurs-3d-illustration-isolated-on-white-gm849159090-139334479", "link": "https://www.youtube.com/watch?v=Tiq14EhZREQ", "date_published": "2020-03-17 00:00:00+00:00", "persistent": false, "user": null, "language": "en-US"}, {"source": "https://www.youtube.com/feeds/videos.xml?channel_id=UCZYTClx2T1of7BRZ86-8fow", "title": "Why Scientists Keep Trying to Break This 18th Century Law", "description": "It\u2019s usually not a great idea to break laws, but breaking the laws of science is an exception! In fact, it\u2019s often how we make progress.\n\nHosted by: Stefan Chin\n\nSciShow has a spinoff podcast! It's called SciShow Tangents. Check it out at http://www.scishowtangents.org\n----------\nSupport SciShow by becoming a patron on Patreon: https://www.patreon.com/scishow\n----------\nHuge thanks go to the following Patreon supporters for helping us keep SciShow free for everyone forever:\n\nKevin Bealer, Jacob, KatieMarie Magnone, D.A. Noe, Charles Southerland, Christopher R Boucher, Alex Hackman, Matt Curls, Adam Brainard, Scott Satovsky Jr, Sam Buck, Avi Yashchin, Ron Kakar, Chris Peters, Kevin Carpentier, Patrick D. Ashmore, Piya Shedden, Sam Lutfi, charles george, Greg\n----------\nLooking for SciShow elsewhere on the internet?\nFacebook: http://www.facebook.com/scishow\nTwitter: http://www.twitter.com/scishow\nTumblr: http://scishow.tumblr.com\nInstagram: http://instagram.com/thescishow\n----------\nSources:\nhttp://hyperphysics.phy-astr.gsu.edu/hbase/Forces/isq.html\nhttp://articles.adsabs.harvard.edu/full/seri/PAAS./0003//0000102.000.html\nhttps://books.google.com/books?id=lGMyBwAAQBAJ&pg=PA462&lpg=PA462&dq=2.0000001612+Newcomb&source=bl&ots=3-b8Ox4rEK&sig=ACfU3U2PfhBTnT3EpBXX2DbKYSa_znkXSw&hl=en&sa=X&ved=2ahUKEwitjJLL-aPnAhWFWM0KHUqDDWYQ6AEwAHoECAcQAQ#v=onepage&q=2.0000001612%20Newcomb&f=false\nhttps://www.sciencenews.org/article/einsteins-genius-changed-sciences-perception-gravity\nhttps://arxiv.org/pdf/1608.01520.pdf\nhttps://arxiv.org/pdf/hep-ph/0307284.pdf\nhttps://journals.aps.org/pr/abstract/10.1103/PhysRev.50.1066\nhttps://journals.aps.org/prl/abstract/10.1103/PhysRevLett.26.721\nhttps://plato.stanford.edu/entries/quantum-field-theory/qft-history.html\nhttps://arxiv.org/pdf/hep-ph/9212283.pdf\nhttps://iopscience.iop.org/article/10.1088/0026-1394/41/5/S04\nhttp://www.desy.de/user/projects/Physics/ParticleAndNuclear/photon_mass.html\nhttp://www.bbc.com/earth/story/20160429-the-real-reasons-nothing-can-ever-go-faster-than-light\nhttps://arxiv.org/pdf/0809.1003.pdf\n\nImages:\nhttps://commons.wikimedia.org/wiki/File:Feeling_magnetic_repulsion.JPG\nhttps://commons.wikimedia.org/wiki/File:Coulomb.jpg\nhttps://svs.gsfc.nasa.gov/13425\nhttps://commons.wikimedia.org/wiki/File:Mercuryorbitsolarsystem.gif\nhttps://commons.wikimedia.org/wiki/File:Simon_Newcomb_01.jpg\nhttps://commons.wikimedia.org/wiki/File:Albert_Einstein_(Nobel).png\nhttps://commons.wikimedia.org/wiki/File:Gravitation_space_source.svg\nhttps://commons.wikimedia.org/wiki/File:Giant_prominence_on_the_sun_erupted.jpg\nhttps://www.videoblocks.com/video/space-time-theories-of-relativity-i-njwwe\nhttps://www.istockphoto.com/photo/abstract-background-of-shining-particles-digital-sparkling-blue-particles-beautiful-gm1166376707-321284828\nhttps://www.istockphoto.com/vector/grid-square-graph-line-full-page-on-white-paper-background-paper-grid-square-graph-gm1185342390-334019560\nhttps://www.istockphoto.com/photo/hispanic-male-wearing-lab-coat-gesturing-two-fists-in-air-gm182454515-11938984\nhttps://www.istockphoto.com/photo/equations-on-blackboard-gm1167968032-322305890\nhttps://www.istockphoto.com/photo/beautiful-light-photons-running-fast-blue-color-on-black-gm1200538585-343921568\nhttps://www.istockphoto.com/photo/slow-down-warning-sign-gm185118776-19438675", "link": "https://www.youtube.com/watch?v=13fjIjoFNVU", "date_published": "2020-03-16 00:00:00+00:00", "persistent": false, "user": null, "language": "en-US"}]