[{"source": "https://www.youtube.com/feeds/videos.xml?channel_id=UC4eYXhJI4-7wSWc8UNRwD4A", "title": "Rising Appalachia: NPR Music Tiny Desk Concert", "description": "Watch Rising Appalachia play \"Resilient\", \"Medicine\" and \"Cuckoo\" at the Tiny Desk.\n\nDid you know you can watch Tiny Desk Concerts on npr.org ONE WEEK before they go up on YouTube? Click here: https://www.npr.org/tinydesk\n\nFollow NPR Music:\nTwitter: https://twitter.com/nprmusic\nInstagram: https://www.instagram.com/nprmusic\n\n\nRising Appalachia's Tiny Desk Concert is charged with the roots music that sisters Leah Song and Chloe Smith learned in fiddle camps as kids. Growing up in urban Atlanta and beyond, they also heard rhythms from a wider world, and their music grew to reflect new sounds and their activism. When they came to NPR, their van was packed with a bodhr\u00e1n (Irish drum), an ngoni (West African harp) a huge gourd, a cello, a baritone guitar and more, including the other musicians who make up this wandering, Atlanta-based band: David Brown, Biko Casini, Arouna Diarra and Duncan Wickel.\n\nBut American roots music sure seems to be the connecting tissue for this group. They end the set with a song Leah and Chloe \"learned from our mama, an old boot-stompin' Appalachian folk tune\" called \"Cuckoo,\" where the many worlds of American, Irish and African music and storytelling combine, and Rising Appalachia shines.\n\nSET LIST\n\"Resilient\"\n\"Medicine\"\n\"Cuckoo\"\n\nMUSICIANS\nLeah Song: vocals, banjo, bodhr\u00e1n; Chloe Smith: vocals, guitar, fiddle, banjo; David Brown: baritone guitar; Biko Casini: percussion; Arouna Diarra: ngoni; Duncan Wickel: fiddle, cello\n\nCREDITS\nProducers: Bob Boilen, Maia Stern, Morgan Noelle Smith; Creative director: Bob Boilen; Audio engineers: Josh Rogosin, Natasha Branch; Editor: Maia Stern; Videographers: Kara Frame, Morgan Noelle Smith, Maia Stern, Jack Corbett; Associate producer: Bobby Carter; Executive producer: Lauren Onkey; VP, programming: Anya Grundmann; Photo: Mhari Shaw", "link": "https://www.youtube.com/watch?v=vnQA-A2ZvE8", "date_published": "2020-02-07 00:00:00+00:00", "persistent": false, "user": null, "language": "en-US"}]