[{"source": "https://www.youtube.com/feeds/videos.xml?channel_id=UCxt2r57cLastdmrReiQJkEg", "title": "The Frankfurt School: From a Failed Revolution to Critical Theory | Tom Nicholas", "description": "Watch this video ad-free on Nebula: https://nebula.tv/videos/tom-nicholas-the-frankfurt-school-from-a-failed-revolution-to-critical-theory\n\nThe Frankfurt School get mentioned a lot on this website. Alongside being celebrated for their contributions to philosophy, sociology and political science, however, Max Horkheimer, Theodor Adorno, Herbert Marcuse and the various other scholars who worked at what was (and is) officially known as the Institute for Social Research, are the target of a lot of vitriol.\n\nCommentators on the political right including Jordan Peterson and Ben Shapiro will often invoke the Frankfurt School as a group of intellectual bogey men and the progenitors of political correctness, cultural marxism, postmodernism or whatever else they seek to porn scorn on that day.\n\nIn today's episode of What the Theory?, I seek to provide some insight into what the Frankfurt School actually was (and is). Beginning with the perceived failure of the German Revolution, I track the history of the Frankfurt School through formation, exile in the United States during the Second World War and up to the student revolts of May 1968.\n\nAlongside this institutional history, I also provide some insight into the work of the Frankfurt School, introducing ideas such as critical theory and the culture industry as well as touching on seminal texts such as Dialectic of Enlightenment, The Authoritarian Personality, One-Dimensional Man and more.\n\nIf you'd like to support me to make more videos like this then I'd be very grateful if you'd check out my Patreon page at http://patreon.com/tomnicholas\n\nFurther Reading\n\nGrand Hotel Abyss by Stuart Jeffries\nUS: https://amzn.to/2UwcjrU\nUK: https://amzn.to/2SmepYC\n\nCritical Theory: A Very Short Introduction by Stephen Eric Bronner\nUS: https://amzn.to/2SjEjfw\nUK: https://amzn.to/3b9GkDA\n\nDialectic of Enlightenment by Theodor Adorno and Max Horkheimer\nUS: https://amzn.to/31t8h51\nUK: https://amzn.to/31xgbKD\n\n[The above are affiliate links. I receive a small kickback from anything you buy which, in turn, helps to support the channel.]\n\nIf you've enjoyed this video and would like to see more including my What The Theory? series in which I provide some snappy introductions to key theories in the humanities as well as video essays and more then do consider subscribing.\n\nThanks for watching!\n\nTwitter: @Tom_Nicholas\nWebsite: www.tomnicholas.com", "link": "https://www.youtube.com/watch?v=6g5_tuXwOUg", "date_published": "2020-02-07 00:00:00+00:00", "persistent": false, "user": null, "language": "en-US"}]