[{"source": "https://www.youtube.com/feeds/videos.xml?channel_id=UCZYTClx2T1of7BRZ86-8fow", "title": "Chemical Earmuffs: The Future of Hearing Protection? | SciShow News", "description": "A group of scientists this week has found a chemical trick that might one day help block the harmful effects of loud noises on our ears, and another has built an underwater robot to take a look underneath Thwaites glacier.\n\nCheck out Tigli the Arctic Fox on Animal Wonders: https://youtu.be/tyK21xUnGrk \n\nHosted by: Hank Green\n\nSciShow has a spinoff podcast! It's called SciShow Tangents. Check it out at http://www.scishowtangents.org\n----------\nSupport SciShow by becoming a patron on Patreon: https://www.patreon.com/scishow\n----------\nHuge thanks go to the following Patreon supporters for helping us keep SciShow free for everyone forever:\n\nKevin Bealer, KatieMarie Magnone, D.A. Noe, Charles Southerland, Eric Jensen, Christopher R Boucher, Alex Hackman, Matt Curls, Adam Brainard, Scott Satovsky Jr, Sam Buck, Avi Yashchin, Ron Kakar, Chris Peters, Kevin Carpentier, Patrick D. Ashmore, Piya Shedden, Sam Lutfi, charles george, Greg \n----------\nLooking for SciShow elsewhere on the internet?\nFacebook: http://www.facebook.com/scishow\nTwitter: http://www.twitter.com/scishow\nTumblr: http://scishow.tumblr.com\nInstagram: http://instagram.com/thescishow\n----------\nSources:\nhttps://www.eurekalert.org/emb_releases/2020-02/uoi-ec013020.php \nhttps://www.ncbi.nlm.nih.gov/pubmed/20167368\nhttps://schmidt.eas.gatech.edu/2019-field/firstlookunderthwaitesglacier/\nhttps://www.sciencemag.org/news/2020/01/underwater-robot-reveals-hidden-base-antarctica-s-doomsday-glacier\nhttp://www.antarcticglaciers.org/glaciers-and-climate/ice-ocean-interactions/grounding-lines/\n\nImage Sources:\nhttps://www.nidcd.nih.gov/health/journey-of-sound-video\nhttps://commons.wikimedia.org/wiki/File:L-Glutamate_Structural_Formulae.png\nhttps://commons.wikimedia.org/wiki/File:Excitotoxicity_Animation_Speed_2.gif\nhttps://commons.wikimedia.org/wiki/File:Organ_of_corti.svg\nhttps://www.jpl.nasa.gov/news/news.php?feature=7322\nhttps://www.nasa.gov/feature/jpl/new-light-on-the-future-of-a-key-antarctic-glacier\nhttps://commons.wikimedia.org/wiki/File:Pine_Island_Glacier.ogv\nhttps://commons.wikimedia.org/wiki/File:Ross_Ice_Shelf_1997.jpg\nhttps://commons.wikimedia.org/wiki/File:Glacier-ice_shelf_interactions.svg", "link": "https://www.youtube.com/watch?v=owc9icFFst8", "date_published": "2020-02-07 00:00:00+00:00", "persistent": false, "user": null, "language": "en-US"}]