[{"source": "https://www.youtube.com/feeds/videos.xml?channel_id=UCNvzD7Z-g64bPXxGzaQaa4g", "title": "Top 15 NEW War Games of 2020", "description": "Looking for some war action in your video games? Here are some war games to keep an eye on throughout 2020 for PC, PS4, Xbox One, and more.\nSubscribe for more: http://youtube.com/gameranxtv\n\n#15 Days of War: Definitive Edition\nPC\nJan 30, 2020\n\n#14 Broken Lines\nPC\n25 Feb, 2020\n\n#13 Blunt Force\nPC[VR]\nTBA 2020\n\n#12 Comanche\nPC\nTBA 2020\n\n#11 Panzer Corps 2\nPC\nMARCH 19, 2020\n\n#10 Starship Troopers - Terran Command\nPC\nTBA 2020\n\n#9 Medal of Honor: Above and Beyond\nOCULUS VR\n2020\n\n#8 Land Of War The Beginning\nPC \n2020\n\n#7 Project Wingman\nPC\n2020\n\n#6 Wasteland 3\nPC, PS4, XBOX ONE\n19 May 2020\n\n#5 Call of Duty: Black Ops 5\nPC, PS4, XBOX ONE\n2020\n\n#4 CrossfireX\nXBOX ONE\n2020\n\n#3 Tom Clancy's Rainbow Six Quarantine\nPC, PS4, XBOX ONE, PS5, XBOX SERIES X\n2020\n\n#2 Outriders\nPC, PS4, XBOX ONE, PS5, XBOX SERIES X\n2020\n\n#1 Halo Infinite\nPC, XBOX ONE, XBOX SERIES X\n2020\n\nBONUS\n\nDeath Stranding\nPC\nJUNE 2, 2020", "link": "https://www.youtube.com/watch?v=xGkesCqv8Dg", "date_published": "2020-03-07 00:00:00+00:00", "persistent": false, "user": null, "language": "en-US"}, {"source": "https://www.youtube.com/feeds/videos.xml?channel_id=UCNvzD7Z-g64bPXxGzaQaa4g", "title": "WHY GOOGLE STADIA HAS ALMOST NO GAMES, AMNESIA RETURNS, & MORE", "description": "Thanks to Puma and Finish Line for sponsoring this video. Check out some kicks here: http://www.finishline.com/puma?icid=app_pumapaxeast\n\n\nNew details explain why Stadia has limited games, the horror heavyweight Amnesia makes a comeback, The Last of Us is getting a TV show, and more stuff happening in the world of gaming news.\nSubscribe for more: http://youtube.com/gameranxtv \n\n*Jakes twitter: https://twitter.com/jakebaldino \n*Instagram: https://goo.gl/HH6mTW \n\n discord.gg/gameranx \n\n Weekly giveaway link: https://goo.gl/forms/a7zCtr1HuTkzWuOo2 \n\n\n\n ~~~~STORIES~~~~\n\n\n\nWhy Google Stadia might be struggling\nhttps://www.businessinsider.com/why-are-so-few-games-on-google-stadia-2020-2\n\nThe Last of Us on TV\nhttps://variety.com/2020/tv/news/the-last-of-us-series-hbo-craig-mazin-neil-druckmann-1203524989/\n\nAmnesia returns\nhttps://twitter.com/frictionalgames/status/1235913505812946945?s=20\n\n\nGhost of Tsushima (June 26)\nhttps://youtu.be/24jDIftu97s\n\n\nAmazing God of War camera hack\nhttps://www.vg247.com/2020/03/05/god-of-war-baldur-flips-off/\n\n\n\nNew Grounded gameplay\nhttps://youtu.be/vTSBLqAjMSA\n\nBlack Mesa digital foundry\nhttps://youtu.be/EDquIZPXxWA\n\nValorant gameplay\nhttps://youtu.be/g8amyzDHOKw\n\n\n\nMore Half Life?\nhttps://www.ign.com/articles/half-life-3-half-life-alyx-sequel\n\nStar Wars game leaked\nhttps://twitter.com/psnrelease/status/1235166862591352832", "link": "https://www.youtube.com/watch?v=lPZdxtZMZgg", "date_published": "2020-03-06 00:00:00+00:00", "persistent": false, "user": null, "language": "en-US"}]