[{"source": "https://www.youtube.com/feeds/videos.xml?channel_id=UCqg5FCR7NrpvlBWMXdt-5Vg", "title": "Murder by Numbers | Review in 3 Minutes", "description": "Subscribe to Escapist Magazine! \u25ba\u25ba http://bit.ly/Sub2Escapist\r\n\nJesse Galena reviews Murder by Numbers developed by Mediatonic.\n\nMurder by Numbers on Steam: https://store.steampowered.com/app/1140290/Murder_by_Numbers/\n\r\nWant to see the next episode a week early? Check out http://www.escapistmagazine.com for the latest episodes of your favorite shows.\r\n\r\n---\r\n\r\n\r\n\r\n---\r\n\r\n\r\nZero Punctuation Merch Store \u25ba\u25ba https://sharkrobot.com/collections/zero-punctuation \r\n\r\nJoin us on Twitch \u25ba\u25ba https://www.twitch.tv/escapistmagazine \r\n\r\nLike us on Facebook \u25ba\u25ba http://www.facebook.com/EscapistMag\r\n\r\nFollow us on Twitter \u25ba\u25ba https://twitter.com/EscapistMag\n\n#MurderbyNumbers", "link": "https://www.youtube.com/watch?v=WyD9GCosRfs", "date_published": "2020-03-07 00:00:00+00:00", "persistent": false, "user": null, "language": "en-US"}, {"source": "https://www.youtube.com/feeds/videos.xml?channel_id=UCqg5FCR7NrpvlBWMXdt-5Vg", "title": "Yes, Your Grace | Review in 3 Minutes", "description": "Subscribe to Escapist Magazine! \u25ba\u25ba http://bit.ly/Sub2Escapist\r\n\nKC Nwosu reviews Yes, Your Grace, developed by Brave At Night.\n\nYes, Your Grace on Steam: https://store.steampowered.com/app/1115690/Yes_Your_Grace/\n\r\nWant to see the next episode a week early? Check out http://www.escapistmagazine.com for the latest episodes of your favorite shows.\r\n\r\n---\r\n\r\n\r\n\r\n---\r\n\r\n\r\nZero Punctuation Merch Store \u25ba\u25ba https://sharkrobot.com/collections/zero-punctuation \r\n\r\nJoin us on Twitch \u25ba\u25ba https://www.twitch.tv/escapistmagazine \r\n\r\nLike us on Facebook \u25ba\u25ba http://www.facebook.com/EscapistMag\r\n\r\nFollow us on Twitter \u25ba\u25ba https://twitter.com/EscapistMag\n\n#YesYourGrace", "link": "https://www.youtube.com/watch?v=ApnwNxa-jcM", "date_published": "2020-03-06 00:00:00+00:00", "persistent": false, "user": null, "language": "en-US"}]