[{"source": "http://feeds.bbci.co.uk/news/rss.xml", "title": "Injured Woods out of Players Championship", "description": "Tiger Woods will miss next week's Players Championship at Sawgrass because of a back injury.", "link": "https://www.bbc.co.uk/sport/golf/51777581", "date_published": "2020-03-06 23:40:04+00:00", "persistent": false, "user": null, "language": "en-US"}, {"source": "http://feeds.bbci.co.uk/news/rss.xml", "title": "Budget 2020: What we already know about our changing finances", "description": "Your finances are changing in April, irrespective of speculation about the Budget. Here is a guide.", "link": "https://www.bbc.co.uk/news/business-51769694", "date_published": "2020-03-06 22:09:28+00:00", "persistent": false, "user": null, "language": "en-US"}, {"source": "http://feeds.bbci.co.uk/news/rss.xml", "title": "International Women's Day 2020: Giant Greta Thunberg portrait unveiled", "description": "Children at a Yorkshire school chose the \"inspiring\" activist as the subject of the huge portrait.", "link": "https://www.bbc.co.uk/news/uk-england-leeds-51774063", "date_published": "2020-03-06 20:22:14+00:00", "persistent": false, "user": null, "language": "en-US"}, {"source": "http://feeds.bbci.co.uk/news/rss.xml", "title": "Biggar v Ford and more England v Wales key battles at Twickenham", "description": "England host Wales at Twickenham in the Six Nations on Saturday and BBC pundits Paul Grayson and James Hook look at four key battles.", "link": "https://www.bbc.co.uk/sport/rugby-union/51753892", "date_published": "2020-03-06 19:54:10+00:00", "persistent": false, "user": null, "language": "en-US"}, {"source": "http://feeds.bbci.co.uk/news/rss.xml", "title": "Bernie Sanders: How much would his spending plans cost?", "description": "The US Democratic frontrunner has been criticised over his spending plans - so how much would they cost?", "link": "https://www.bbc.co.uk/news/51662741", "date_published": "2020-03-06 19:31:11+00:00", "persistent": false, "user": null, "language": "en-US"}, {"source": "http://feeds.bbci.co.uk/news/rss.xml", "title": "Up there with Aguero? Greenwood's rise to Man Utd first team", "description": "One year on from making his Manchester United debut, teenager Mason Greenwood appears to be realising the potential he showed from a young age.", "link": "https://www.bbc.co.uk/sport/football/51699592", "date_published": "2020-03-06 19:26:23+00:00", "persistent": false, "user": null, "language": "en-US"}, {"source": "http://feeds.bbci.co.uk/news/rss.xml", "title": "Coronavirus: Minister reassures public over food supplies", "description": "Retailers have \"robust plans\" in place to ensure people can buy the supplies they need, George Eustice says.", "link": "https://www.bbc.co.uk/news/uk-51775980", "date_published": "2020-03-06 18:41:43+00:00", "persistent": false, "user": null, "language": "en-US"}, {"source": "http://feeds.bbci.co.uk/news/rss.xml", "title": "Ellie Goulding: 'I was unprepared for fame'", "description": "The star says \"there definitely wasn't enough help\" to cope with fame when she launched her career.", "link": "https://www.bbc.co.uk/news/entertainment-arts-51775824", "date_published": "2020-03-06 17:44:02+00:00", "persistent": false, "user": null, "language": "en-US"}, {"source": "http://feeds.bbci.co.uk/news/rss.xml", "title": "Prince Harry joins Lewis Hamilton to open Silverstone museum", "description": "Prince Harry joins Lewis Hamilton to cut the ribbon on the Silverstone Experience.", "link": "https://www.bbc.co.uk/news/uk-england-northamptonshire-51770835", "date_published": "2020-03-06 16:31:21+00:00", "persistent": false, "user": null, "language": "en-US"}, {"source": "http://feeds.bbci.co.uk/news/rss.xml", "title": "Coronavirus: Fear returns to stock markets", "description": "Global stocks slide again as investors continue to worry about the economic effects of the coronavirus.", "link": "https://www.bbc.co.uk/news/business-51766782", "date_published": "2020-03-06 12:26:05+00:00", "persistent": false, "user": null, "language": "en-US"}, {"source": "http://feeds.bbci.co.uk/news/rss.xml", "title": "Coronavirus: Supermarkets won't run out of food, vows Matt Hancock", "description": "Industry sources question whether supply can be guaranteed, as sales of basics go \"through the roof\".", "link": "https://www.bbc.co.uk/news/uk-51764225", "date_published": "2020-03-06 12:25:53+00:00", "persistent": false, "user": null, "language": "en-US"}, {"source": "http://feeds.bbci.co.uk/news/rss.xml", "title": "Coronavirus: Starbucks bans reusable cups to help tackle spread", "description": "Customers with personal cups will still get a 25p discount - but drinks will be served in paper cups.", "link": "https://www.bbc.co.uk/news/uk-51767092", "date_published": "2020-03-06 12:02:13+00:00", "persistent": false, "user": null, "language": "en-US"}, {"source": "http://feeds.bbci.co.uk/news/rss.xml", "title": "Shropshire baby deaths: Trust will return \u00a31m it received for 'good care'", "description": "Shrewsbury and Telford NHS trust received almost \u00a31m despite an inquiry into preventable baby deaths.", "link": "https://www.bbc.co.uk/news/uk-england-shropshire-51755934", "date_published": "2020-03-06 11:48:55+00:00", "persistent": false, "user": null, "language": "en-US"}, {"source": "http://feeds.bbci.co.uk/news/rss.xml", "title": "Sophia Loren: 'Female directors don't yell'", "description": "The star extols the virtues of female directors, as she helps curate a list of films for Women's Day.", "link": "https://www.bbc.co.uk/news/entertainment-arts-51750210", "date_published": "2020-03-06 11:35:28+00:00", "persistent": false, "user": null, "language": "en-US"}, {"source": "http://feeds.bbci.co.uk/news/rss.xml", "title": "Roy Hodgson: Crystal Palace manager signs one-year extension to deal", "description": "Manager Roy Hodgson signs a one-year contract extension at Crystal Palace to stay at the club until the end of the 2020-21 campaign.", "link": "https://www.bbc.co.uk/sport/football/51769824", "date_published": "2020-03-06 11:30:46+00:00", "persistent": false, "user": null, "language": "en-US"}, {"source": "http://feeds.bbci.co.uk/news/rss.xml", "title": "Supermarket rejects minister's food supplies claim", "description": "Health Secretary Matt Hancock's claim the government is working with retailers left one executive \"baffled\".", "link": "https://www.bbc.co.uk/news/business-51769184", "date_published": "2020-03-06 11:24:14+00:00", "persistent": false, "user": null, "language": "en-US"}, {"source": "http://feeds.bbci.co.uk/news/rss.xml", "title": "Have England gone backwards since Women's World Cup?", "description": "After England women lose their sixth match in nine, BBC Sport asks if the Lionesses have regressed since reaching the World Cup semi-finals.", "link": "https://www.bbc.co.uk/sport/football/51763414", "date_published": "2020-03-06 10:57:51+00:00", "persistent": false, "user": null, "language": "en-US"}, {"source": "http://feeds.bbci.co.uk/news/rss.xml", "title": "Why Aldcroft went on a journey to find a rugby future", "description": "When Zoe Aldcroft was 12 she could not even play at her local club, but now she is closing in on a Grand Slam with England.", "link": "https://www.bbc.co.uk/sport/rugby-union/51742690", "date_published": "2020-03-06 10:29:05+00:00", "persistent": false, "user": null, "language": "en-US"}, {"source": "http://feeds.bbci.co.uk/news/rss.xml", "title": "Young Ukraine chess couple 'killed by laughing gas'", "description": "A 27-year-old Ukrainian chess champion and his girlfriend aged 18 are found dead in a Moscow flat.", "link": "https://www.bbc.co.uk/news/world-europe-51767082", "date_published": "2020-03-06 10:25:31+00:00", "persistent": false, "user": null, "language": "en-US"}, {"source": "http://feeds.bbci.co.uk/news/rss.xml", "title": "Dead baby boy found in Hampshire woodland", "description": "Officers are trying to trace the mother after the newborn was discovered near Southampton.", "link": "https://www.bbc.co.uk/news/uk-england-hampshire-51763103", "date_published": "2020-03-06 09:26:12+00:00", "persistent": false, "user": null, "language": "en-US"}, {"source": "http://feeds.bbci.co.uk/news/rss.xml", "title": "Sir Billy Connolly says Parkinson's means he won't perform live again", "description": "He says he's \"finished with stand-up\" because Parkinson's has \"made my brain work differently\".", "link": "https://www.bbc.co.uk/news/entertainment-arts-51766079", "date_published": "2020-03-06 09:19:48+00:00", "persistent": false, "user": null, "language": "en-US"}, {"source": "http://feeds.bbci.co.uk/news/rss.xml", "title": "One billion Android devices at risk of hacking", "description": "Watchdog Which? wants Google to be more transparent about security updates for old phones", "link": "https://www.bbc.co.uk/news/technology-51751950", "date_published": "2020-03-06 09:15:28+00:00", "persistent": false, "user": null, "language": "en-US"}, {"source": "http://feeds.bbci.co.uk/news/rss.xml", "title": "Flybe's collapse could be 'first of many' airlines", "description": "The airline industry is under huge financial pressure as passenger numbers drop during the coronavirus.", "link": "https://www.bbc.co.uk/news/business-51748139", "date_published": "2020-03-06 08:28:30+00:00", "persistent": false, "user": null, "language": "en-US"}, {"source": "http://feeds.bbci.co.uk/news/rss.xml", "title": "Troy Collings: North Korea's 'first budget travel agent' dies aged 33", "description": "New Zealander Troy Collings wanted to make North Korea affordable - even for backpackers.", "link": "https://www.bbc.co.uk/news/world-asia-51732244", "date_published": "2020-03-06 08:05:50+00:00", "persistent": false, "user": null, "language": "en-US"}, {"source": "http://feeds.bbci.co.uk/news/rss.xml", "title": "Will Olympics be cancelled because of coronavirus?", "description": "BBC sports editor Dan Roan looks at the key questions as the Tokyo 2020 Olympics faces up to the challenges posed by the coronavirus outbreak.", "link": "https://www.bbc.co.uk/sport/olympics/51756253", "date_published": "2020-03-06 07:40:31+00:00", "persistent": false, "user": null, "language": "en-US"}, {"source": "http://feeds.bbci.co.uk/news/rss.xml", "title": "Riz Ahmed on The Long Goodbye: Why he says 'Britain's broken up with me'", "description": "The actor and rapper makes an album about being dumped by an abusive lover - his home country.", "link": "https://www.bbc.co.uk/news/entertainment-arts-51697553", "date_published": "2020-03-06 07:28:37+00:00", "persistent": false, "user": null, "language": "en-US"}, {"source": "http://feeds.bbci.co.uk/news/rss.xml", "title": "Alanis Morissette's debut album Jagged Little Pill is 25 years old", "description": "It's 25 years since Alanis Morissette's album Jagged Little Pill made her a household name - and to mark the anniversary she's going on tour.", "link": "https://www.bbc.co.uk/news/entertainment-arts-51763573", "date_published": "2020-03-06 06:54:10+00:00", "persistent": false, "user": null, "language": "en-US"}, {"source": "http://feeds.bbci.co.uk/news/rss.xml", "title": "Yung Filly hosts Man City & Man Utd fans in 'Penalties'", "description": "Yung Filly hosts Manchester City and Manchester United fans in 'Penalties'.", "link": "https://www.bbc.co.uk/sport/av/football/51742226", "date_published": "2020-03-06 06:25:57+00:00", "persistent": false, "user": null, "language": "en-US"}, {"source": "http://feeds.bbci.co.uk/news/rss.xml", "title": "The Papers: 'Menu of options' to fight 'killer bug'", "description": "Many of today's front pages lead on the death of a woman in her 70s who had contracted coronavirus.", "link": "https://www.bbc.co.uk/news/blogs-the-papers-51763005", "date_published": "2020-03-06 05:55:54+00:00", "persistent": false, "user": null, "language": "en-US"}, {"source": "http://feeds.bbci.co.uk/news/rss.xml", "title": "The TikTok stars giving diabetes the needle", "description": "They can hula hoop and inject insulin at the same time. Meet the duo who are using social media to destigmatise diabetes.", "link": "https://www.bbc.co.uk/news/disability-51726896", "date_published": "2020-03-06 04:02:57+00:00", "persistent": false, "user": null, "language": "en-US"}, {"source": "http://feeds.bbci.co.uk/news/rss.xml", "title": "The exhibition celebrating the knotty wonder of trees", "description": "The Hayward Gallery invites visitors to \"tree-bathe\" amidst the work of 38 artists.", "link": "https://www.bbc.co.uk/news/entertainment-arts-51734825", "date_published": "2020-03-06 03:07:05+00:00", "persistent": false, "user": null, "language": "en-US"}, {"source": "http://feeds.bbci.co.uk/news/rss.xml", "title": "School's out: Parents stressed by Italy coronavirus shutdown", "description": "Children being sent home from school and absent tourists leave Italy reeling from coronavirus.", "link": "https://www.bbc.co.uk/news/world-europe-51751031", "date_published": "2020-03-06 02:47:22+00:00", "persistent": false, "user": null, "language": "en-US"}, {"source": "http://feeds.bbci.co.uk/news/rss.xml", "title": "Calls about children witnessing domestic abuse 'rise 25%'", "description": "Youngsters are at \"huge risk of harm\" and should be given more protection, the NSPCC says.", "link": "https://www.bbc.co.uk/news/uk-51757753", "date_published": "2020-03-06 02:27:43+00:00", "persistent": false, "user": null, "language": "en-US"}, {"source": "http://feeds.bbci.co.uk/news/rss.xml", "title": "Can Tories and trade unions be friends?", "description": "One Conservative MP is urging the two sides to work together for their own good - and that of the UK.", "link": "https://www.bbc.co.uk/news/uk-politics-51707579", "date_published": "2020-03-06 02:01:17+00:00", "persistent": false, "user": null, "language": "en-US"}, {"source": "http://feeds.bbci.co.uk/news/rss.xml", "title": "'I received death threats for having coronavirus'", "description": "Carl Goldman, who first contracted the virus on board a cruise ship, urges everyone to stay calm.", "link": "https://www.bbc.co.uk/news/world-us-canada-51761713", "date_published": "2020-03-06 01:58:40+00:00", "persistent": false, "user": null, "language": "en-US"}, {"source": "http://feeds.bbci.co.uk/news/rss.xml", "title": "Coronavirus: What misinformation has spread in Africa?", "description": "Which claims about the coronavirus are gaining the most traction in Africa?", "link": "https://www.bbc.co.uk/news/world-africa-51710617", "date_published": "2020-03-06 01:53:04+00:00", "persistent": false, "user": null, "language": "en-US"}, {"source": "http://feeds.bbci.co.uk/news/rss.xml", "title": "Mulletfest winner Rob Ayton learned to love 'ironic' haircut", "description": "Rob Ayton used to dislike the much-maligned haircut but is now a prize-winning sporter of the style.", "link": "https://www.bbc.co.uk/news/uk-england-devon-51755463", "date_published": "2020-03-06 01:42:19+00:00", "persistent": false, "user": null, "language": "en-US"}, {"source": "http://feeds.bbci.co.uk/news/rss.xml", "title": "Quiz of the week: Who's taking Genesis back on the road?", "description": "Have you been paying attention to what's been going on during the past seven days?", "link": "https://www.bbc.co.uk/news/world-51748811", "date_published": "2020-03-06 01:39:31+00:00", "persistent": false, "user": null, "language": "en-US"}, {"source": "http://feeds.bbci.co.uk/news/rss.xml", "title": "Nottingham Trent University study to assess impact of traffic on hedgehogs", "description": "Hedgehog numbers are declining in part because so many are killed while crossing our roads.", "link": "https://www.bbc.co.uk/news/uk-england-nottinghamshire-51756873", "date_published": "2020-03-06 01:18:18+00:00", "persistent": false, "user": null, "language": "en-US"}, {"source": "http://feeds.bbci.co.uk/news/rss.xml", "title": "London Underground air used to heat homes above ground", "description": "The Tube can be unbearably warm at times. But what if all that hot air could be put to good use?", "link": "https://www.bbc.co.uk/news/uk-england-london-51749560", "date_published": "2020-03-06 01:12:08+00:00", "persistent": false, "user": null, "language": "en-US"}, {"source": "http://feeds.bbci.co.uk/news/rss.xml", "title": "Australian man gives police high five after tackling suspect", "description": "The man was walking his dog when he restrained a man who was being chased by police.", "link": "https://www.bbc.co.uk/news/world-australia-51763666", "date_published": "2020-03-06 01:06:04+00:00", "persistent": false, "user": null, "language": "en-US"}, {"source": "http://feeds.bbci.co.uk/news/rss.xml", "title": "Missing cat reunited with owner after 11 years on the street", "description": "Missy, from Birmingham, had been living on the streets almost eight miles from her owner's home.", "link": "https://www.bbc.co.uk/news/uk-england-birmingham-51738246", "date_published": "2020-03-06 00:56:37+00:00", "persistent": false, "user": null, "language": "en-US"}, {"source": "http://feeds.bbci.co.uk/news/rss.xml", "title": "The Scottish roots of Johnny Cash", "description": "Could Fife become a place of pilgrimage for fans of legendary country star Johnny Cash?", "link": "https://www.bbc.co.uk/news/uk-scotland-51750344", "date_published": "2020-03-06 00:34:39+00:00", "persistent": false, "user": null, "language": "en-US"}, {"source": "http://feeds.bbci.co.uk/news/rss.xml", "title": "The Greenham Common campaigner getting a purple plaque", "description": "Eunice Stallard campaigned for peace and was a founder of the Greenham Common camp.", "link": "https://www.bbc.co.uk/news/uk-wales-51755953", "date_published": "2020-03-06 00:29:38+00:00", "persistent": false, "user": null, "language": "en-US"}, {"source": "http://feeds.bbci.co.uk/news/rss.xml", "title": "My Money: 'Poor in money but rich in friends'", "description": "As part of a BBC blog series, Joy Sterling from Gloucestershire shares what she spent her money on for a week.", "link": "https://www.bbc.co.uk/news/business-51574245", "date_published": "2020-03-06 00:27:30+00:00", "persistent": false, "user": null, "language": "en-US"}, {"source": "http://feeds.bbci.co.uk/news/rss.xml", "title": "Electric cars are coming: but where will you recharge?", "description": "Charging points are springing up everywhere, but will there be enough and will the electricity grid be able to cope?", "link": "https://www.bbc.co.uk/news/business-51678830", "date_published": "2020-03-06 00:15:03+00:00", "persistent": false, "user": null, "language": "en-US"}, {"source": "http://feeds.bbci.co.uk/news/rss.xml", "title": "Budget 2020: Your essential guide to Rishi Sunak's debut", "description": "When is the Budget, what does it do and what should we expect to hear from the chancellor?", "link": "https://www.bbc.co.uk/news/business-51722438", "date_published": "2020-03-06 00:06:18+00:00", "persistent": false, "user": null, "language": "en-US"}, {"source": "http://feeds.bbci.co.uk/news/rss.xml", "title": "Black history: Should it be part of the wider curriculum?", "description": "A British education group wants black British history to be taught more widely in England's schools.", "link": "https://www.bbc.co.uk/news/education-51650417", "date_published": "2020-03-06 00:00:51+00:00", "persistent": false, "user": null, "language": "en-US"}, {"source": "http://feeds.bbci.co.uk/news/rss.xml", "title": "MMA fighter: 'I'm the pride of Palestine'", "description": "Abdul Kareem al-Selwady became a Mixed Martial Arts World Lightweight Champion in 2018, the first Palestinian to do so.", "link": "https://www.bbc.co.uk/news/world-middle-east-51613998", "date_published": "2020-03-06 00:00:48+00:00", "persistent": false, "user": null, "language": "en-US"}]