[{"source": "https://www.youtube.com/feeds/videos.xml?channel_id=UCORIeT1hk6tYBuntEXsguLg", "title": "Wannabe - Spice Girls (Vintage \"Andrews Sisters\" Style Cover) by Postmodern Jukebox", "description": "GET TIX TO OUR GRAND REOPENING WORLD TOUR: http://www.pmjtour.com\nDownload & Stream \"Wannabe\" Here: https://pmjlive.com/the90s-volume1\nShop PMJ Music/Merch:  https://smarturl.it/pmjshop?IQid=youtube\nFollow Us On Spotify: https://smarturl.it/pmjcomplete?IQid=youtube\n\nTo celebrate our new '90s compilation, Sara, Olivia and Therese joined us for our version of the '90s biggest girl group hit - \"Wannabe\" by the Spice Girls - done in the style of one of the original \"girl groups\": The Andrews Sisters.  \n\n____________________________________________\n\nFollow The Musicians:\nOlivia Kuper Harris (Vocals):\nFacebook: https://facebook.com/olivia.kuper.harris\nInstagram: https://instagram.com/olivia.kuper.harris\nTwitter: https://twitter.com/olivia_k_harris\n\nSara Niemietz (Vocals):\nFacebook: https://facebook.com/SaraNiemietzMusic/\nInstagram: http://instagram.com/sarapalooza \nTwitter: http://twitter.com/saraniemietz\n\nTherese Curatolo (Vocals):\nFacebook: https://facebook.com/therese.curatolo\nInstagram: https://instagram.com/reesetea/\nTwitter: https://twitter.com/reesetea\n\nMike Chisnall (Guitar):\nFacebook: https://facebook.com/mikechisnallmusic/\nInstagram: https://instagram.com/mikechisnallmusic/\n\nCooper Appelt (Bass):\nFacebook: https://facebook.com/cooper.appelt\nInstagram: https://instagram.com/cooperappelt\nTwitter: https://twitter.com/cooperappelt\n\nMartin Diller (Drums):\nFacebook: https://facebook.com/martindillermusic/\nInstagram:https://instagram.com/drummer510\nTwitter: https://twitter.com/MartinDiller\n\nScott Bradlee (Piano):\nYouTube: http://youtube.com/scottbradlee\nFacebook: http://facebook.com/scottbradleemusic\nInstagram: http://instagram.com/scottbradlee\nTwitter: http://twitter.com/scottbradlee\n\nArrangement by: Scott Bradlee\nEngineered by: Thai Long Ly\nCinematography by: Guy Livneh\nWardrobe: Sunny Holiday\n____________________________________________\n#SpiceGirls #WannaBe #Cover #PMJ", "link": "https://www.youtube.com/watch?v=u9jGGiqjwf4", "date_published": "2020-03-06 00:00:00+00:00", "persistent": false, "user": null, "language": "en-US"}]