[{"source": "https://www.youtube.com/feeds/videos.xml?channel_id=UCnxGkOGNMqQEUMvroOWps6Q", "title": "Andrew Santino: Bert Kreischer Looks Like Florida If it Was a Person", "description": "Taken from JRE #1438 w/Andrew Santino: https://youtu.be/eDzGRT06er0", "link": "https://www.youtube.com/watch?v=L7lIU0vh70o", "date_published": "2020-03-06 00:00:00+00:00", "persistent": false, "user": null, "language": "en-US"}, {"source": "https://www.youtube.com/feeds/videos.xml?channel_id=UCnxGkOGNMqQEUMvroOWps6Q", "title": "Does Running Really Ruin Your Knees?", "description": "Taken from JRE #1438 w/Andrew Santino: https://youtu.be/eDzGRT06er0", "link": "https://www.youtube.com/watch?v=HxPzll6J7YU", "date_published": "2020-03-06 00:00:00+00:00", "persistent": false, "user": null, "language": "en-US"}, {"source": "https://www.youtube.com/feeds/videos.xml?channel_id=UCnxGkOGNMqQEUMvroOWps6Q", "title": "How Andrew Santino Got Busted for Public Exposure", "description": "Taken from JRE #1438 w/Andrew Santino: https://youtu.be/eDzGRT06er0", "link": "https://www.youtube.com/watch?v=GcJjQF5NE0o", "date_published": "2020-03-06 00:00:00+00:00", "persistent": false, "user": null, "language": "en-US"}, {"source": "https://www.youtube.com/feeds/videos.xml?channel_id=UCnxGkOGNMqQEUMvroOWps6Q", "title": "How Did a Photo of Tennis Shoes \u201cDenigrate\u201d Ferrari\u2019s Brand?", "description": "Taken from JRE #1438 w/Andrew Santino: https://youtu.be/eDzGRT06er0", "link": "https://www.youtube.com/watch?v=mTUyilFkDQk", "date_published": "2020-03-06 00:00:00+00:00", "persistent": false, "user": null, "language": "en-US"}, {"source": "https://www.youtube.com/feeds/videos.xml?channel_id=UCnxGkOGNMqQEUMvroOWps6Q", "title": "Joe Rogan Details His Martial Arts Background", "description": "Taken from JRE #1438 w/Andrew Santino:\nhttps://youtu.be/eDzGRT06er0", "link": "https://www.youtube.com/watch?v=lrarNr3JWRg", "date_published": "2020-03-06 00:00:00+00:00", "persistent": false, "user": null, "language": "en-US"}, {"source": "https://www.youtube.com/feeds/videos.xml?channel_id=UCnxGkOGNMqQEUMvroOWps6Q", "title": "Joe Rogan Imagines Anti-Aging Medicine Gone Wrong", "description": "Taken from JRE #1438 w/Andrew Santino: https://youtu.be/eDzGRT06er0", "link": "https://www.youtube.com/watch?v=1Zt4agbW5D0", "date_published": "2020-03-06 00:00:00+00:00", "persistent": false, "user": null, "language": "en-US"}, {"source": "https://www.youtube.com/feeds/videos.xml?channel_id=UCnxGkOGNMqQEUMvroOWps6Q", "title": "Joe Rogan Reacts to Ankalaev vs. Cutelaba Stoppage", "description": "Taken from JRE #1438 w/Andrew Santino: https://youtu.be/eDzGRT06er0", "link": "https://www.youtube.com/watch?v=YQlhm9xsG3k", "date_published": "2020-03-06 00:00:00+00:00", "persistent": false, "user": null, "language": "en-US"}, {"source": "https://www.youtube.com/feeds/videos.xml?channel_id=UCnxGkOGNMqQEUMvroOWps6Q", "title": "Joe Rogan Reacts to Joe Biden Gaffes w/Andrew Santino", "description": "Taken from JRE #1438 w/Andrew Santino:\nhttps://youtu.be/eDzGRT06er0", "link": "https://www.youtube.com/watch?v=mhhXF6EOtoM", "date_published": "2020-03-06 00:00:00+00:00", "persistent": false, "user": null, "language": "en-US"}, {"source": "https://www.youtube.com/feeds/videos.xml?channel_id=UCnxGkOGNMqQEUMvroOWps6Q", "title": "Joe Rogan and Andrew Santino Watch Oprah Falling Video", "description": "Taken from JRE #1438 w/Andrew Santino: https://youtu.be/eDzGRT06er0", "link": "https://www.youtube.com/watch?v=EAdETHrrli4", "date_published": "2020-03-06 00:00:00+00:00", "persistent": false, "user": null, "language": "en-US"}]