[{"source": "https://www.youtube.com/feeds/videos.xml?channel_id=UC3I2GFN_F8WudD_2jUZbojA", "title": "GDRN - Hva\u00f0 Ef (Live on KEXP)", "description": "http://KEXP.ORG presents GDRN performing \"Hva\u00f0 Ef\" live at Kex Hostel in Reykjavik during Iceland Airwaves 2019. Recorded November 7, 2019.\n\nHost: John Richards\nAudio Engineers: Onundur Hofsteinn P\u00e1lsson, Kevin Suggs & R\u00f3bert H\u00f6gni \u00deorbj\u00f6rnsson\nAudio Mixer: Kevin Suggs\nCameras: Alaia D'Alessandro, Matt Ogaz & Kendall Rock\nDirector: Scott Holpainen\nEditor: Alaia D'Alessandro\n\nhttp://kexp.org\nhttps://www.facebook.com/pg/GDRNmusic", "link": "https://www.youtube.com/watch?v=GVGxQ-f2y28", "date_published": "2020-01-26 00:00:00+00:00", "persistent": false, "user": null, "language": "en-US"}, {"source": "https://www.youtube.com/feeds/videos.xml?channel_id=UC3I2GFN_F8WudD_2jUZbojA", "title": "GDRN - Komdu yfir (Live on KEXP)", "description": "http://KEXP.ORG presents GDRN performing \"Komdu yfir\" live at Kex Hostel in Reykjavik during Iceland Airwaves 2019. Recorded November 7, 2019.\n\nHost: John Richards\nAudio Engineers: Onundur Hofsteinn P\u00e1lsson, Kevin Suggs & R\u00f3bert H\u00f6gni \u00deorbj\u00f6rnsson\nAudio Mixer: Kevin Suggs\nCameras: Alaia D'Alessandro, Matt Ogaz & Kendall Rock\nDirector: Scott Holpainen\nEditor: Alaia D'Alessandro\n\nhttp://kexp.org\nhttps://www.facebook.com/pg/GDRNmusic", "link": "https://www.youtube.com/watch?v=t6_gkJK-qPU", "date_published": "2020-01-26 00:00:00+00:00", "persistent": false, "user": null, "language": "en-US"}, {"source": "https://www.youtube.com/feeds/videos.xml?channel_id=UC3I2GFN_F8WudD_2jUZbojA", "title": "GDRN - L\u00e6tur Mig (Live on KEXP)", "description": "http://KEXP.ORG presents GDRN performing \"L\u00e6tur Mig\" live at Kex Hostel in Reykjavik during Iceland Airwaves 2019. Recorded November 7, 2019.\n\nHost: John Richards\nAudio Engineers: Onundur Hofsteinn P\u00e1lsson, Kevin Suggs & R\u00f3bert H\u00f6gni \u00deorbj\u00f6rnsson\nAudio Mixer: Kevin Suggs\nCameras: Alaia D'Alessandro, Matt Ogaz & Kendall Rock\nDirector: Scott Holpainen\nEditor: Alaia D'Alessandro\n\nhttp://kexp.org\nhttps://www.facebook.com/pg/GDRNmusic", "link": "https://www.youtube.com/watch?v=ugV-UUueZn8", "date_published": "2020-01-26 00:00:00+00:00", "persistent": false, "user": null, "language": "en-US"}, {"source": "https://www.youtube.com/feeds/videos.xml?channel_id=UC3I2GFN_F8WudD_2jUZbojA", "title": "GDRN - Treystu me\u0301r (Live on KEXP)", "description": "http://KEXP.ORG presents GDRN performing \"Treystu me\u0301r\" live at Kex Hostel in Reykjavik during Iceland Airwaves 2019. Recorded November 7, 2019.\n\nHost: John Richards\nAudio Engineers: Onundur Hofsteinn P\u00e1lsson, Kevin Suggs & R\u00f3bert H\u00f6gni \u00deorbj\u00f6rnsson\nAudio Mixer: Kevin Suggs\nCameras: Alaia D'Alessandro, Matt Ogaz & Kendall Rock\nDirector: Scott Holpainen\nEditor: Alaia D'Alessandro\n\nhttp://kexp.org\nhttps://www.facebook.com/pg/GDRNmusic", "link": "https://www.youtube.com/watch?v=QoygQRdczDE", "date_published": "2020-01-26 00:00:00+00:00", "persistent": false, "user": null, "language": "en-US"}, {"source": "https://www.youtube.com/feeds/videos.xml?channel_id=UC3I2GFN_F8WudD_2jUZbojA", "title": "GDRN - Upp (Live on KEXP)", "description": "http://KEXP.ORG presents GDRN performing \"Upp\" live at Kex Hostel in Reykjavik during Iceland Airwaves 2019. Recorded November 7, 2019.\n\nHost: John Richards\nAudio Engineers: Onundur Hofsteinn P\u00e1lsson, Kevin Suggs & R\u00f3bert H\u00f6gni \u00deorbj\u00f6rnsson\nAudio Mixer: Kevin Suggs\nCameras: Alaia D'Alessandro, Matt Ogaz & Kendall Rock\nDirector: Scott Holpainen\nEditor: Alaia D'Alessandro\n\nhttp://kexp.org\nhttps://www.facebook.com/pg/GDRNmusic", "link": "https://www.youtube.com/watch?v=tbT4KJeJUKk", "date_published": "2020-01-26 00:00:00+00:00", "persistent": false, "user": null, "language": "en-US"}]