[{"source": "https://www.youtube.com/feeds/videos.xml?channel_id=UCSbdMXOI_3HGiFviLZO6kNA", "title": "Oculus Quest 2 specs and details", "description": "Hello and Welcome to! TUESDAY NEWSDAY! Your number one resource for the entire weeks worth of VR news. \n\nmy links:\nMy Stream:\nhttps://www.twitch.tv/thrilluwu\nJoin my discord for good times\nhttps://discord.gg/thrill\nPatreon link:Join\nhttps://www.patreon.com/Thrillseeker\nGAMERSUPPS Discount Code: THRILL\nhttp://gamersupps.gg/?afmc=thrill\n\n\nHere is what i cover this week:\n\n\nTwo Forbes articles battling about VR:\nhttps://www.forbes.com/sites/joeparlock/2020/05/05/stop-saying-virtual-reality-is-dying/#5c9e5ed8646e\nhttps://www.forbes.com/sites/barrycollins/2020/05/04/vr-headsets-are-dying-a-lonely-death/#205e57644d95\n\nVR has had MASSIVE growth recently:\nhttps://www.roadtovr.com/steam-survey-vr-headset-growth-april-2020-half-life-alyx/\n\nOculus Quest 2:\nhttps://www.bloomberg.com/news/articles/2020-05-05/facebook-s-oculus-developing-smaller-lighter-quest-vr-headset\nhttps://uploadvr.com/bloomberg-quest-refresh-report/\n\nMeme break:\nhttps://www.reddit.com/r/VR_memes/comments/gdlngy/at_least_it_has_prime/\n\nOculus has been profitable:\nhttps://www.roadtovr.com/facebooks-non-advertising-revenue-primarily-driven-oculus-80-year-year-297m/\n\nSony PSVR controller designs:\nhttps://www.roadtovr.com/sony-hand-tracking-vr-controller-knuckles/\n\nVader Immortal coming to PSVR This summer:\nhttps://www.roadtovr.com/vader-immortal-psvr-launch/", "link": "https://www.youtube.com/watch?v=aOpD6xxL_fU", "date_published": "2020-05-05 00:00:00+00:00", "persistent": false, "user": null, "language": "en-US"}, {"source": "https://www.youtube.com/feeds/videos.xml?channel_id=UCSbdMXOI_3HGiFviLZO6kNA", "title": "A completely new way to walk in VR: CyberShoes", "description": "Welcome to Virtually Odd! Where I take a look at some of the weirdest Virtual Reality devices over the course of history. Today we'll be focusing on the Cybershoes, a mobile, home sized alternative to something like an omni-directional treadmill. Buckle up though, this is about to get odd. \n\nHere are my links:\n\nMy Stream:\nhttps://www.twitch.tv/thrilluwu\nJoin my discord for good times\nhttps://discord.gg/thrill\nPatreon link:Join\nhttps://www.patreon.com/Thrillseeker\nGAMERSUPPS Discount Code: THRILL\nhttp://gamersupps.gg/?afmc=thrill", "link": "https://www.youtube.com/watch?v=Egv9iBRsaFA", "date_published": "2020-05-04 00:00:00+00:00", "persistent": false, "user": null, "language": "en-US"}]