[{"source": "https://www.youtube.com/feeds/videos.xml?channel_id=UCwSv086EAByBY-Z7y-QR_cQ", "title": "Przewodnicz\u0105cy PE: Auschwitz nie zbudowali Niemcy, tylko ...", "description": "\ud83e\udd2a Mi\u0142o, \u017ce tutaj zajrza\u0142e\u015b.  Zapraszam do ogl\u0105dania.\n\n\u2b07\ufe0fRozwi\u0144 opis\u2b07\ufe0f\n-------------------------------------------------------------\n\ud83d\udc40 Mroczne Podcasty: https://goo.gl/cdCFKe\n\ud83d\udc40 Tatusiek: http://bit.ly/3aSCheE\n-------------------------------------------------------------\n\ud83d\udc40 twitter: http://bit.ly/2B6jTPd\n-------------------------------------------------------------\n\u2709\ufe0f Ludzie listy pisz\u0105 \n\ud83d\udd8a\ufe0f uszi@protonmail.com\n-------------------------------------------------------------\n\ud83d\udc7a niecenzuralne i agresywne komentarze zostan\u0105 usuni\u0119te.  Jak ju\u017c musisz zakl\u0105\u0107 dawaj znaki (&*%@%).\n-------------------------------------------------------------\n\ud83d\udcb2 wsparcie\n\ud83d\udcb0 http://bit.ly/2ETKSyN\n-------------------------------------------------------------\n\u2705\u017ar\u00f3d\u0142a:\nLink 1:                   http://bit.ly/3b0NOJ2\nLink 2:                   http://bit.ly/390qidu\n-------------------------------------------------------------\n\ud83d\uddbcGrafika: \nPAP / EPA / Patrick Seeger \nhttp://bit.ly/2BvtOyk\nhttp://bit.ly/2lxUwAU\n---\nChristopher Furlong / Getty Images\r\nhttp://bit.ly/2R92ON4\n-------------------------------------------------------------\n\ud83d\udca1 Tagi: #Niemcy #DavidSassoli\n-------------------------------------------------------------", "link": "https://www.youtube.com/watch?v=II15LQGvJ-Y", "date_published": "2020-02-02 00:00:00+00:00", "persistent": false, "user": null, "language": "en-US"}, {"source": "https://www.youtube.com/feeds/videos.xml?channel_id=UCwSv086EAByBY-Z7y-QR_cQ", "title": "Ta\u015bmy Trumpa! Co my\u015bli o Unii Europejskiej, Polsce i Ukrainie?", "description": "\ud83e\udd2a Mi\u0142o, \u017ce tutaj zajrza\u0142e\u015b.  Zapraszam do ogl\u0105dania.\n\n\u2b07\ufe0fRozwi\u0144 opis\u2b07\ufe0f\n-------------------------------------------------------------\n\ud83d\udc40 Mroczne Podcasty: https://goo.gl/cdCFKe\n\ud83d\udc40 Tatusiek: http://bit.ly/3aSCheE\n-------------------------------------------------------------\n\ud83d\udc40 twitter: http://bit.ly/2B6jTPd\n-------------------------------------------------------------\n\u2709\ufe0f Ludzie listy pisz\u0105 \n\ud83d\udd8a\ufe0f uszi@protonmail.com\n-------------------------------------------------------------\n\ud83d\udc7a niecenzuralne i agresywne komentarze zostan\u0105 usuni\u0119te.  Jak ju\u017c musisz zakl\u0105\u0107 dawaj znaki (&*%@%).\n-------------------------------------------------------------\n\ud83d\udcb2 wsparcie\n\ud83d\udcb0 http://bit.ly/2ETKSyN\n-------------------------------------------------------------\n\u2705\u017ar\u00f3d\u0142a:\nLink 1:                   http://bit.ly/2uYaUja\nLink 2:                   http://bit.ly/2toEFZY\nLink 3:                   http://bit.ly/2UofT74\nLink 4:                   http://bit.ly/3aWo0h8\n-------------------------------------------------------------\n\ud83d\uddbcGrafika: \ncanva.com - http://bit.ly/39ba1Td\n-------------------------------------------------------------\n\ud83d\udca1 Tagi: #Trump\n-------------------------------------------------------------", "link": "https://www.youtube.com/watch?v=lREj5BUo7Io", "date_published": "2020-02-02 00:00:00+00:00", "persistent": false, "user": null, "language": "en-US"}]