[{"source": "https://www.youtube.com/feeds/videos.xml?channel_id=UCqg5FCR7NrpvlBWMXdt-5Vg", "title": "Every 2019 Zero Punctuation with No Punctuation", "description": "Subscribe to Escapist Magazine! \u25ba\u25ba http://bit.ly/Sub2Escapist\r\n\r\nWant to see the next episode a week early? Check out http://www.escapistmagazine.com for the latest episodes of your favorite shows.\r\n\r\n---\r\n\r\n\r\n\r\n---\r\n\r\n\r\nZero Punctuation Merch Store \u25ba\u25ba https://sharkrobot.com/collections/zero-punctuation \r\n\r\nJoin us on Twitch \u25ba\u25ba https://www.twitch.tv/escapistmagazine \r\n\r\nLike us on Facebook \u25ba\u25ba http://www.facebook.com/EscapistMag\r\n\r\nFollow us on Twitter \u25ba\u25ba https://twitter.com/EscapistMag\n\n#ZeroPunctuation", "link": "https://www.youtube.com/watch?v=AkammjlX_qs", "date_published": "2020-02-02 00:00:00+00:00", "persistent": false, "user": null, "language": "en-US"}, {"source": "https://www.youtube.com/feeds/videos.xml?channel_id=UCqg5FCR7NrpvlBWMXdt-5Vg", "title": "A Decade Later Mass Effect 2 Remains a Masterpiece | The Joy of Gaming", "description": "Subscribe to Escapist Magazine! \u25ba\u25ba http://bit.ly/Sub2Escapist\r\n\nMass Effect 2 recently celebrated it's 10th birthday and Nate took a look back at one of the greatest RPGs ever made.\n\r\nWant to see the next episode a week early? Check out http://www.escapistmagazine.com for the latest episodes of your favorite shows.\r\n\r\n---\r\n\r\n\r\n\r\n---\r\n\r\n\r\nZero Punctuation Merch Store \u25ba\u25ba https://sharkrobot.com/collections/zero-punctuation \r\n\r\nJoin us on Twitch \u25ba\u25ba https://www.twitch.tv/escapistmagazine \r\n\r\nLike us on Facebook \u25ba\u25ba http://www.facebook.com/EscapistMag\r\n\r\nFollow us on Twitter \u25ba\u25ba https://twitter.com/EscapistMag\n\n#MassEffect2", "link": "https://www.youtube.com/watch?v=i5vATqc_DtQ", "date_published": "2020-02-01 00:00:00+00:00", "persistent": false, "user": null, "language": "en-US"}]