[{"source": "https://www.youtube.com/feeds/videos.xml?channel_id=UCBJycsmduvYEL83R_U4JriQ", "title": "Galaxy S20 Impressions: New Year, New Samsung!", "description": "Samsung Galaxy S20 makes all the right moves in all right places.\n\nGalaxy S20 Ultra: https://youtu.be/WPsvw_Db-y4\n\nMKBHD Merch: http://shop.MKBHD.com\n\nVideo Gear I use: http://kit.co/MKBHD/video-gear#recom...\nTech I'm using right now: https://www.amazon.com/shop/MKBHD\n\nIntro Track: Jordyn Edmonds http://smarturl.it/jordynedmonds \nPlaylist of MKBHD Intro music: https://goo.gl/B3AWV5\n\n~\nhttp://twitter.com/MKBHD\nhttp://instagram.com/MKBHD\nhttp://facebook.com/MKBHD", "link": "https://www.youtube.com/watch?v=ZdC9soHxVC8", "date_published": "2020-02-11 00:00:00+00:00", "persistent": false, "user": null, "language": "en-US"}, {"source": "https://www.youtube.com/feeds/videos.xml?channel_id=UCBJycsmduvYEL83R_U4JriQ", "title": "Samsung Galaxy S20 Ultra Impressions: 108 Megapixels!", "description": "Galaxy S20 Ultra is the \"pro\" of Samsung's lineup.\n\nGalaxy S20 and S20+: https://youtu.be/ZdC9soHxVC8\n\nMKBHD Merch: http://shop.MKBHD.com\n\nVideo Gear I use: http://kit.co/MKBHD/video-gear#recom...\nTech I'm using right now: https://www.amazon.com/shop/MKBHD\n\nIntro Track: Alltta\nPlaylist of MKBHD Intro music: https://goo.gl/B3AWV5\n\n~\nhttp://twitter.com/MKBHD\nhttp://instagram.com/MKBHD\nhttp://facebook.com/MKBHD", "link": "https://www.youtube.com/watch?v=WPsvw_Db-y4", "date_published": "2020-02-11 00:00:00+00:00", "persistent": false, "user": null, "language": "en-US"}, {"source": "https://www.youtube.com/feeds/videos.xml?channel_id=UCBJycsmduvYEL83R_U4JriQ", "title": "Foldable Moto RAZR Unboxing & Second Thoughts!", "description": "The new RAZR: Is this really the best way to do a folding phone?\n\nMoto RAZR: https://motorola.com/us/products/razr\n\nMKBHD Merch: http://shop.MKBHD.com\n\nVideo Gear I use: http://kit.co/MKBHD/video-gear#recom...\nTech I'm using right now: https://www.amazon.com/shop/MKBHD\n\nIntro Track: Million Dreams by Alltta\nPlaylist of MKBHD Intro music: https://goo.gl/B3AWV5\n\n~\nhttp://twitter.com/MKBHD\nhttp://instagram.com/MKBHD\nhttp://facebook.com/MKBHD", "link": "https://www.youtube.com/watch?v=lCKcFFDgtNk", "date_published": "2020-02-10 00:00:00+00:00", "persistent": false, "user": null, "language": "en-US"}]