[{"source": "https://www.youtube.com/feeds/videos.xml?channel_id=UCswH8ovgUp5Bdg-0_JTYFNw", "title": "HE TOUCHED MY FACE!! | Russell Brand Storytime", "description": "IT'S STORYTIME! I was so full of rage about what happened to me at this Superbowl Party - I had to sit down and work it out.\n\nTell me in the comments below if you have a resentment against a person, place or thing. \n1. Who/what you have the resentment about...\n2. Because... (what they DID to you - a very plain and simple explanation e.g. because they cut me up in traffic, because my girlfriend broke up with me)\n\nSubscribe to my channel here: http://tinyurl.com/opragcg\n(make sure to hit the BELL icon to be notified of new videos!)\n\nListen to my Under The Skin podcast here: \nhttp://luminary.link/russell\n\nGet my book \"Recovery\" here: https://amzn.to/2R7c810\nGet my book \"Mentors\" here (and as an audiobook!): https://amzn.to/2t0Zu9U\n\nInstagram: http://instagram.com/russellbrand/\nTwitter: http://twitter.com/rustyrockets\n\nProduced by Jenny May Finn (Instagram: @jennymayfinn)", "link": "https://www.youtube.com/watch?v=1zF0E21cRtg", "date_published": "2020-02-10 00:00:00+00:00", "persistent": false, "user": null, "language": "en-US"}]