[{"source": "https://www.youtube.com/feeds/videos.xml?channel_id=UC-2YHgc363EdcusLIBbgxzg", "title": "Your Brain's Incredible Healing Powers | Answers With Joe", "description": "Get 1 month of CuriosityStream for free and access to Nebula when you sign up at http://www.curiositystream.com/joescott\nThe placebo effect is the phenomenon of your body responding to a treatment even if it's not real. It happens so much, so strongly, and so often that it has to be factored in to any medical study.\n\nIt speaks to the amazing ability of the brain to physiologically change the body in surprising ways.\n\nWant to support this channel? If so, Thanks! You're awesome! Here's how:\n\nPatreon: http://www.patreon.com/answerswithjoe\r\n\nChannel Memberships: https://www.youtube.com/channel/UC-2YHgc363EdcusLIBbgxzg/join\r\n\r\nCool shirts and stuff: http://www.answerswithjoe.com/store\n\nJoin me on the Our Ludicrous Future Podcast:\r\nhttps://www.youtube.com/channel/UCvUf_yOU_swE6PtOuv2yBqg\r\n\r\nInterested in getting a Tesla? Use my referral link to get discounts and perks:\r\nhttps://ts.la/joe74700\r\n\nJoin me on the Our Ludicrous Future Podcast:\nhttps://www.youtube.com/channel/UCvUf_yOU_swE6PtOuv2yBqg\r\n\r\nFollow me at all my places!\r\nInstagram: https://instagram.com/answerswithjoe\r\nSnapchat: https://www.snapchat.com/add/answerswithjoe\r\nFacebook: http://www.facebook.com/answerswithjoe\r\nTwitter: https://www.twitter.com/answerswithjoe\n\nLINKS LINKS LINKS:\n\nStanford video on placebo:\nhttps://www.youtube.com/watch?v=udJ31KKXBKk\n\nTED-Ed\nhttps://www.youtube.com/watch?v=z03FQGlGgo0\n\nTED Med\nhttps://www.youtube.com/watch?v=WcQnSW1wpGA\n\nhttps://www.popsci.com/science/article/2013-06/were-making-less-effective-drugs-now-40-years-ago-study-finds/\n\nhttps://www.smithsonianmag.com/science-nature/what-is-the-nocebo-effect-5451823/", "link": "https://www.youtube.com/watch?v=Ug9vGRVas2Q", "date_published": "2020-02-10 00:00:00+00:00", "persistent": false, "user": null, "language": "en-US"}]