[{"source": "http://feeds.bbci.co.uk/news/rss.xml", "title": "Sharp rise in brain injuries from Iran raid on US base", "description": "President Trump initially said no US troops were injured in the Iranian attack on US bases in Iraq.", "link": "https://www.bbc.co.uk/news/world-us-canada-51453829", "date_published": "2020-02-10 23:59:47+00:00", "persistent": false, "user": null, "language": "en-US"}, {"source": "http://feeds.bbci.co.uk/news/rss.xml", "title": "That Peter Crouch Podcast: Rooney was the 'life and soul of the dressing room' at the World Cup", "description": "Peter Crouch says Wayne Rooney was \"always jovial\" and would set quizzes to keep everyone entertained at the World Cup in 2006.", "link": "https://www.bbc.co.uk/sport/av/football/51453397", "date_published": "2020-02-10 20:53:37+00:00", "persistent": false, "user": null, "language": "en-US"}, {"source": "http://feeds.bbci.co.uk/news/rss.xml", "title": "Women's Six Nations: Abby Dow scores two tries in treacherous Murrayfield conditions", "description": "England winger Abby Dow scores two great tries in England's 53-0 thumping of Scotland in terrible conditions at Murraryfield.", "link": "https://www.bbc.co.uk/sport/av/rugby-union/51451217", "date_published": "2020-02-10 16:24:44+00:00", "persistent": false, "user": null, "language": "en-US"}, {"source": "http://feeds.bbci.co.uk/news/rss.xml", "title": "Scotland-Northern Ireland bridge: How likely is it to be built?", "description": "The PM's official spokesman says there is a \"proper piece of work\" being carried out into the feasibility of the idea.", "link": "https://www.bbc.co.uk/news/uk-scotland-south-scotland-49661019", "date_published": "2020-02-10 12:59:34+00:00", "persistent": false, "user": null, "language": "en-US"}, {"source": "http://feeds.bbci.co.uk/news/rss.xml", "title": "Storm Ciara: Man dies after tree falls on car during gales", "description": "Police say a 58-year-old man died in Hampshire after his car was hit during the storm on Sunday.", "link": "https://www.bbc.co.uk/news/uk-51439152", "date_published": "2020-02-10 11:58:49+00:00", "persistent": false, "user": null, "language": "en-US"}, {"source": "http://feeds.bbci.co.uk/news/rss.xml", "title": "Oscars 2020: The Vanity Fair after party", "description": "The BBC's Sophie Long and Colin Paterson spoke to stars at the Vanity Fair Oscar party.", "link": "https://www.bbc.co.uk/news/entertainment-arts-51443499", "date_published": "2020-02-10 11:35:38+00:00", "persistent": false, "user": null, "language": "en-US"}, {"source": "http://feeds.bbci.co.uk/news/rss.xml", "title": "Irish general election: Second day of counting under way", "description": "The left-wing republican party heralds a historic result as it takes 24.5% of first-preference votes.", "link": "https://www.bbc.co.uk/news/world-europe-51441410", "date_published": "2020-02-10 11:34:22+00:00", "persistent": false, "user": null, "language": "en-US"}, {"source": "http://feeds.bbci.co.uk/news/rss.xml", "title": "Coronavirus: Four more people diagnosed in UK", "description": "The new cases bring the total number of people diagnosed in the UK to eight, the government says.", "link": "https://www.bbc.co.uk/news/uk-51442314", "date_published": "2020-02-10 11:29:24+00:00", "persistent": false, "user": null, "language": "en-US"}, {"source": "http://feeds.bbci.co.uk/news/rss.xml", "title": "Phillip Schofield: Wife Stephanie supports presenter's 'brave step'", "description": "Stephanie Lowe says she loves her husband \"as much as ever\" following his announcement he is gay.", "link": "https://www.bbc.co.uk/news/entertainment-arts-51443989", "date_published": "2020-02-10 11:22:36+00:00", "persistent": false, "user": null, "language": "en-US"}, {"source": "http://feeds.bbci.co.uk/news/rss.xml", "title": "Oscars 2020: 10 things we learned", "description": "How the Oscars fared for diversity, Brad Pitt gets serious and Cats is laughed at - again.", "link": "https://www.bbc.co.uk/news/entertainment-arts-51432470", "date_published": "2020-02-10 10:53:03+00:00", "persistent": false, "user": null, "language": "en-US"}, {"source": "http://feeds.bbci.co.uk/news/rss.xml", "title": "Mislabelled MPs criticise media's 'racial bias'", "description": "Dawn Butler, Marsha de Cordova and Bell Ribeiro-Addy were all wrongly captioned by the media last week.", "link": "https://www.bbc.co.uk/news/uk-51444119", "date_published": "2020-02-10 10:42:58+00:00", "persistent": false, "user": null, "language": "en-US"}, {"source": "http://feeds.bbci.co.uk/news/rss.xml", "title": "Climate assembly considers flying bananas", "description": "The UK's climate assembly considers the issues of flying bananas and indoor fleeces.", "link": "https://www.bbc.co.uk/news/science-environment-51438317", "date_published": "2020-02-10 10:28:16+00:00", "persistent": false, "user": null, "language": "en-US"}, {"source": "http://feeds.bbci.co.uk/news/rss.xml", "title": "Spurs midfielder Alli apologises for coronavirus 'joke'", "description": "Tottenham's Dele Alli apologises for a social media post in which he joked about the coronavirus outbreak, saying \"I let myself down and the club\".", "link": "https://www.bbc.co.uk/sport/football/51441898", "date_published": "2020-02-10 10:14:22+00:00", "persistent": false, "user": null, "language": "en-US"}, {"source": "http://feeds.bbci.co.uk/news/rss.xml", "title": "East Kent baby deaths: Four more families come forward", "description": "Families say their babies would have survived had East Kent NHS Trust provided better care.", "link": "https://www.bbc.co.uk/news/uk-england-kent-51439593", "date_published": "2020-02-10 08:04:10+00:00", "persistent": false, "user": null, "language": "en-US"}, {"source": "http://feeds.bbci.co.uk/news/rss.xml", "title": "Parasite: Thrilled Koreans hail historic Oscars 2020 win for Bong Joon-ho", "description": "\"We should all really break out all the soju and makgeolli to celebrate with Bong,\" said one.", "link": "https://www.bbc.co.uk/news/world-asia-51439899", "date_published": "2020-02-10 08:02:36+00:00", "persistent": false, "user": null, "language": "en-US"}, {"source": "http://feeds.bbci.co.uk/news/rss.xml", "title": "Coronavirus claims 97 lives in one day - but number of infections stabilises", "description": "Meanwhile, another 60 people have caught the virus on a quarantined cruise ship in Japan.", "link": "https://www.bbc.co.uk/news/world-asia-china-51439450", "date_published": "2020-02-10 07:40:43+00:00", "persistent": false, "user": null, "language": "en-US"}, {"source": "http://feeds.bbci.co.uk/news/rss.xml", "title": "Oscars 2020: 13 looks that caused a stir", "description": "The most eye-catching outfits from the red carpet, the ceremony and the after parties.", "link": "https://www.bbc.co.uk/news/entertainment-arts-51439026", "date_published": "2020-02-10 07:19:59+00:00", "persistent": false, "user": null, "language": "en-US"}, {"source": "http://feeds.bbci.co.uk/news/rss.xml", "title": "Storm Ciara: In pictures", "description": "Pictures show the effects of Storm Ciara's strong winds and heavy rain in the UK.", "link": "https://www.bbc.co.uk/news/uk-51436720", "date_published": "2020-02-10 07:12:55+00:00", "persistent": false, "user": null, "language": "en-US"}, {"source": "http://feeds.bbci.co.uk/news/rss.xml", "title": "Newspaper review: 'Storm of the century' and virus 'super-spreader'", "description": "The paper's reflect on Storm Ciara, and a Briton is thought to have infected seven with coronavirus.", "link": "https://www.bbc.co.uk/news/blogs-the-papers-51438815", "date_published": "2020-02-10 06:54:33+00:00", "persistent": false, "user": null, "language": "en-US"}, {"source": "http://feeds.bbci.co.uk/news/rss.xml", "title": "'Ford was excellent - you would have said he was captain the way he stepped up\u2019", "description": "England fly-half George Ford stepped up as a leader in tough conditions at Murrayfield, says World Cup winner Matt Dawson.", "link": "https://www.bbc.co.uk/sport/rugby-union/51435385", "date_published": "2020-02-10 06:26:15+00:00", "persistent": false, "user": null, "language": "en-US"}, {"source": "http://feeds.bbci.co.uk/news/rss.xml", "title": "England U15 and AFC Wimbledon player Leo Castledine takes on football 'Wonderkids' challenge", "description": "England Under-15 and AFC Wimbledon player Leo Castledine takes on football 'Wonderkids' challenge.", "link": "https://www.bbc.co.uk/sport/av/football/51419890", "date_published": "2020-02-10 06:25:05+00:00", "persistent": false, "user": null, "language": "en-US"}, {"source": "http://feeds.bbci.co.uk/news/rss.xml", "title": "Oscars 2020: South Korea's Parasite makes history by winning best picture", "description": "Brad Pitt, Renee Zellweger and Joaquin Phoenix are among the other Academy Award winners.", "link": "https://www.bbc.co.uk/news/entertainment-arts-51440241", "date_published": "2020-02-10 05:58:34+00:00", "persistent": false, "user": null, "language": "en-US"}, {"source": "http://feeds.bbci.co.uk/news/rss.xml", "title": "The best of the ceremony in pictures", "description": "The ceremony saw history being made as the first non-English language film won the main award.", "link": "https://www.bbc.co.uk/news/in-pictures-51294945", "date_published": "2020-02-10 05:55:20+00:00", "persistent": false, "user": null, "language": "en-US"}, {"source": "http://feeds.bbci.co.uk/news/rss.xml", "title": "World's largest firework set off in Colorado, USA", "description": "It weighed 2,800lbs (1,270kg) and was successfully launched in the US state of Colorado.", "link": "https://www.bbc.co.uk/news/world-us-canada-51439246", "date_published": "2020-02-10 05:37:14+00:00", "persistent": false, "user": null, "language": "en-US"}, {"source": "http://feeds.bbci.co.uk/news/rss.xml", "title": "Solar Orbiter: Sun mission blasts off", "description": "The European probe will gather some of the most detailed ever pictures and movies of our star.", "link": "https://www.bbc.co.uk/news/science-environment-51420402", "date_published": "2020-02-10 04:57:49+00:00", "persistent": false, "user": null, "language": "en-US"}, {"source": "http://feeds.bbci.co.uk/news/rss.xml", "title": "A quick look at the looks on the Academy Awards red carpet", "description": "All the red carpet action on the film world's biggest night in just 30 seconds", "link": "https://www.bbc.co.uk/news/entertainment-arts-51440449", "date_published": "2020-02-10 04:56:11+00:00", "persistent": false, "user": null, "language": "en-US"}, {"source": "http://feeds.bbci.co.uk/news/rss.xml", "title": "Sydney weather: Record rainfall and flooding causes chaos", "description": "Travel chaos and flooded streets as Australia's biggest city has its wettest few days in 30 years.", "link": "https://www.bbc.co.uk/news/world-australia-51439179", "date_published": "2020-02-10 03:48:22+00:00", "persistent": false, "user": null, "language": "en-US"}, {"source": "http://feeds.bbci.co.uk/news/rss.xml", "title": "NHS cancer patients 'missing out on basics information'", "description": "NHS staff pressures are leaving 120,000 patients a year \"in the dark\" about their illness, a charity says.", "link": "https://www.bbc.co.uk/news/health-51439146", "date_published": "2020-02-10 03:37:27+00:00", "persistent": false, "user": null, "language": "en-US"}, {"source": "http://feeds.bbci.co.uk/news/rss.xml", "title": "The winners and nominees in full", "description": "Find out who won the golden statuettes at this year's Academy Awards.", "link": "https://www.bbc.co.uk/news/entertainment-arts-51093954", "date_published": "2020-02-10 01:55:41+00:00", "persistent": false, "user": null, "language": "en-US"}, {"source": "http://feeds.bbci.co.uk/news/rss.xml", "title": "Remarkable journey from refugee to Rhodes scholar", "description": "Getting an education was always a matter of life or death for Summia Tora.", "link": "https://www.bbc.co.uk/news/world-us-canada-51420370", "date_published": "2020-02-10 01:01:27+00:00", "persistent": false, "user": null, "language": "en-US"}, {"source": "http://feeds.bbci.co.uk/news/rss.xml", "title": "'Without suicide forums, Callie might still be alive'", "description": "The Samaritans have called for suicide forums to be \"buried\" online in a new Panorama documentary.", "link": "https://www.bbc.co.uk/news/newsbeat-51262240", "date_published": "2020-02-10 01:01:17+00:00", "persistent": false, "user": null, "language": "en-US"}, {"source": "http://feeds.bbci.co.uk/news/rss.xml", "title": "Mental health in Kenya: \u2018I was accused of bewitching my husband\u2019", "description": "Kenyan Esther Kiama's husband had a bipolar disorder, but his family thought she had cast a spell.", "link": "https://www.bbc.co.uk/news/world-africa-51222194", "date_published": "2020-02-10 00:59:47+00:00", "persistent": false, "user": null, "language": "en-US"}, {"source": "http://feeds.bbci.co.uk/news/rss.xml", "title": "Labour leadership: A century of ups and downs in charts", "description": "What 100 years of voting tells us about the scale of the task ahead for a new Labour leader.", "link": "https://www.bbc.co.uk/news/uk-politics-51193219", "date_published": "2020-02-10 00:57:13+00:00", "persistent": false, "user": null, "language": "en-US"}, {"source": "http://feeds.bbci.co.uk/news/rss.xml", "title": "Rio and Kate Ferdinand: 'I was naive about being a stepmum-of-three at 27'", "description": "The former Manchester United star and his new wife talk about their struggle to adapt to being a step family.", "link": "https://www.bbc.co.uk/news/newsbeat-51418020", "date_published": "2020-02-10 00:51:15+00:00", "persistent": false, "user": null, "language": "en-US"}, {"source": "http://feeds.bbci.co.uk/news/rss.xml", "title": "Norfolk film-makers explore 'heartbreaking' experiences of sexual harassment", "description": "Two women have made a film based on \"heartbreaking\" real experiences of sexual harassment.", "link": "https://www.bbc.co.uk/news/uk-england-norfolk-51418260", "date_published": "2020-02-10 00:48:47+00:00", "persistent": false, "user": null, "language": "en-US"}, {"source": "http://feeds.bbci.co.uk/news/rss.xml", "title": "Breathtaking images from the Landscape Photographer of the Year competition", "description": "The awe-inspiring images came from 840 photographers from around the world.", "link": "https://www.bbc.co.uk/news/in-pictures-51386024", "date_published": "2020-02-10 00:18:20+00:00", "persistent": false, "user": null, "language": "en-US"}, {"source": "http://feeds.bbci.co.uk/news/rss.xml", "title": "The 200-year-old diary that's rewriting gay history", "description": "A Yorkshire farmer's journal from 1810 reveals surprisingly modern views on being gay.", "link": "https://www.bbc.co.uk/news/education-51385884", "date_published": "2020-02-10 00:05:49+00:00", "persistent": false, "user": null, "language": "en-US"}, {"source": "http://feeds.bbci.co.uk/news/rss.xml", "title": "'I remember the roaches walking across the floor'", "description": "When Rob Bernshteyn and his family escaped the Soviet Union, they initially found the US was worse.", "link": "https://www.bbc.co.uk/news/business-51376973", "date_published": "2020-02-10 00:01:47+00:00", "persistent": false, "user": null, "language": "en-US"}, {"source": "http://feeds.bbci.co.uk/news/rss.xml", "title": "HS2: Six reasons why the rail route is so expensive", "description": "The controversial high-speed rail project could potentially cost as much as \u00a3106bn.", "link": "https://www.bbc.co.uk/news/business-51415590", "date_published": "2020-02-10 00:00:16+00:00", "persistent": false, "user": null, "language": "en-US"}, {"source": "http://feeds.bbci.co.uk/news/rss.xml", "title": "Bank of England gold: Rare look inside the vaults", "description": "The BBC's Frank Gardner is shown how \u00a3194bn worth of gold bars are stored.", "link": "https://www.bbc.co.uk/news/uk-51416500", "date_published": "2020-02-10 00:00:12+00:00", "persistent": false, "user": null, "language": "en-US"}]