[{"source": "https://www.youtube.com/feeds/videos.xml?channel_id=UC3ScyryU9Oy9Wse3a8OAmYQ", "title": "Netanyahu at War (full documentary) | FRONTLINE", "description": "An inside look at Israeli Prime Minister Benjamin Netanyahu\u2019s political rise and his combative relationship with past U.S. presidents.\n\nThis journalism is made possible by viewers like you. Support your local PBS station here: http://www.pbs.org/donate\n\nLove FRONTLINE? Find us on the PBS Video App where there are more than 250 FRONTLINE documentaries available for you to watch any time: https://to.pbs.org/FLVideoApp\n \nSubscribe on YouTube: http://bit.ly/1BycsJW\n\n#Netanyahu #Documentary #FrontlinePBS\n\nInstagram: https://www.instagram.com/frontlinepbs\nTwitter: https://twitter.com/frontlinepbs\nFacebook: https://www.facebook.com/frontline\n\nFRONTLINE is streaming more than 200 documentaries online, for free, here: http://to.pbs.org/hxRvQP \n\nFunding for FRONTLINE is provided through the support of PBS viewers and by the Corporation for Public Broadcasting. Major funding for FRONTLINE is provided by the John D. and Catherine T. MacArthur Foundation. Additional funding is provided by the Park Foundation, The John and Helen Glessner Family Trust, the Ford Foundation, the Wyncote Foundation, and the FRONTLINE Journalism Fund with major support from Jon and Jo Ann Hagler on behalf of the Jon L. Hagler Foundation.", "link": "https://www.youtube.com/watch?v=7W-xxpXzAC0", "date_published": "2020-02-11 00:00:00+00:00", "persistent": false, "user": null, "language": "en-US"}]