[{"source": "https://www.youtube.com/feeds/videos.xml?channel_id=UC2eYFnH61tmytImy1mTYvhA", "title": "Why I DON'T Use EMACS!", "description": "What I'm actually referring to Emacs is, in fact, GNU Emacs. Why don't I use it? \ud83d\udc49 Let's find out!\n\nWEBSITE: https://lukesmith.xyz \ud83c\udf10\u2753\ud83d\udd0e\r\nDONATE NOW: https://lukesmith.xyz/donate \ud83d\udcb0\ud83d\ude0e\ud83d\udc4c\ud83d\udcaf", "link": "https://www.youtube.com/watch?v=1mr3issv79s", "date_published": "2020-04-20 00:00:00+00:00", "persistent": false, "user": null, "language": "en-US"}, {"source": "https://www.youtube.com/feeds/videos.xml?channel_id=UC2eYFnH61tmytImy1mTYvhA", "title": "What to do with $1,200 free dollars?", "description": "\"Noooo!!! You can't use your money to actually improve your life over the long-term by increasing the viability of your survivalist homestead! You have to stimulate the economerino!!!! Don't you care about increasing the effective demand of consoooomer products to make the line go up?\"\n\nWEBSITE: https://lukesmith.xyz \ud83c\udf10\u2753\ud83d\udd0e\r\nDONATE NOW: https://lukesmith.xyz/donate \ud83d\udcb0\ud83d\ude0e\ud83d\udc4c\ud83d\udcaf", "link": "https://www.youtube.com/watch?v=vkRLxK5nAdo", "date_published": "2020-04-19 00:00:00+00:00", "persistent": false, "user": null, "language": "en-US"}]