[{"source": "https://www.youtube.com/feeds/videos.xml?channel_id=UCNu7GSRF7Y10OIWHQHpAx1g", "title": "Rwanda - ulice Kigali, opowie\u015b\u0107 Jonasa", "description": "Wszystkie odcinki chronologicznie: http://bit.ly/2MqAO7Q\n(mo\u017cna te\u017c klika\u0107 w kart\u0119 \"Nast\u0119pny odcinek\" pojawiaj\u0105c\u0105 si\u0119 pod koniec ka\u017cdego filmu po prawej stronie u g\u00f3ry) \n\n Poznajemy Kigali troch\u0119 lepiej: odwiedzamy z Ani\u0105, Ignalin i naszym przewodnikiem Jonasem targ warzywny Nyabugogo, dworzec autobusowy, centrum miasta oraz wzg\u00f3rze Mount Kigali, sk\u0105d udajemy si\u0119 pieszo do wioski naszego przewodnika. Po drodze zostaj\u0119 zaproszony do domu przez Rwandyjczyka, kt\u00f3ry twierdzi, \u017ce jego rodzina mieszka w Polsce\n\nPrzedmioty autorstwa mamy Jonasa:\nhttp://www.amahorobags.com/\n\nJonas:\nhttps://www.instagram.com/nsengiyumvajoney/\n\nAnia Markowska:\nhttps://instagram.com/annmarelo\n\nPierwszy odcinek BezPlanu z Ani\u0105 (miejsce: Bogota, Kolumbia):\nhttp://bit.ly/31ZCE3l\n\nMuzyka (12:49 i 34:40): Youth Novels - \"Bad Feelings\" - dzi\u0119kuj\u0119 i polecam:\nhttps://open.spotify.com/artist/3Mnsk5N6fdCc5svXTunb3D?si=UTBklZ5HRwOlKlDdVth1cg\n\nWsparcie na Patronite: http://bit.ly/2KsFTZk \nInstagram: http://instagram.com/bezplanu_czukesky \nFacebook: https://www.facebook.com/BezPlanu.tv \n\nCzas akcji: wrzesie\u0144 2019r.\n\nT\u0142umaczenie na angielski: Micha\u0142 Stadryniak\nwww.linkedin.com/in/micha\u0142-stadryniak-82b8491a6", "link": "https://www.youtube.com/watch?v=2FA5ctwYIPs", "date_published": "2020-04-19 00:00:00+00:00", "persistent": false, "user": null, "language": "en-US"}]