[{"source": "https://www.youtube.com/feeds/videos.xml?channel_id=UCnxGkOGNMqQEUMvroOWps6Q", "title": "Auto Makers Tried Building Cars Out of Plexiglass and Stainless Steel", "description": "Taken from JRE #1443 w/Jonathan Ward: https://youtu.be/Xd1IF8_FKBo", "link": "https://www.youtube.com/watch?v=zORC2SAx1gc", "date_published": "2020-03-18 00:00:00+00:00", "persistent": false, "user": null, "language": "en-US"}, {"source": "https://www.youtube.com/feeds/videos.xml?channel_id=UCnxGkOGNMqQEUMvroOWps6Q", "title": "ICON\u2019s Jonathan Ward on the Worst Car Ever Built", "description": "Taken from JRE #1443 w/Jonathan Ward: https://youtu.be/Xd1IF8_FKBo", "link": "https://www.youtube.com/watch?v=ZfrqlWn80kw", "date_published": "2020-03-18 00:00:00+00:00", "persistent": false, "user": null, "language": "en-US"}, {"source": "https://www.youtube.com/feeds/videos.xml?channel_id=UCnxGkOGNMqQEUMvroOWps6Q", "title": "Jonathan Ward on California\u2019s Horrible Business Environment", "description": "Taken from JRE #1443 w/Jonathan Ward: https://youtu.be/Xd1IF8_FKBo", "link": "https://www.youtube.com/watch?v=swzogcjasNY", "date_published": "2020-03-18 00:00:00+00:00", "persistent": false, "user": null, "language": "en-US"}, {"source": "https://www.youtube.com/feeds/videos.xml?channel_id=UCnxGkOGNMqQEUMvroOWps6Q", "title": "Jonathan Ward's Critique of Tesla | Joe Rogan", "description": "Taken from JRE #1443 w/Jonathan Ward:\nhttps://youtu.be/Xd1IF8_FKBo", "link": "https://www.youtube.com/watch?v=JfctbHsQYg8", "date_published": "2020-03-18 00:00:00+00:00", "persistent": false, "user": null, "language": "en-US"}, {"source": "https://www.youtube.com/feeds/videos.xml?channel_id=UCnxGkOGNMqQEUMvroOWps6Q", "title": "The Mystery of Cars That Ran on Air, Water w/Jonathan Ward | Joe Rogan", "description": "Taken from JRE #1443 w/Jonathan Ward:\nhttps://youtu.be/Xd1IF8_FKBo", "link": "https://www.youtube.com/watch?v=9fkikPii7AU", "date_published": "2020-03-18 00:00:00+00:00", "persistent": false, "user": null, "language": "en-US"}, {"source": "https://www.youtube.com/feeds/videos.xml?channel_id=UCnxGkOGNMqQEUMvroOWps6Q", "title": "Why Jonathan Ward Started Building \"Derelict\" Cars | Joe Rogan", "description": "Taken from JRE #1443 w/Jonathan Ward:\nhttps://youtu.be/Xd1IF8_FKBo", "link": "https://www.youtube.com/watch?v=fCimXV4Iv1A", "date_published": "2020-03-18 00:00:00+00:00", "persistent": false, "user": null, "language": "en-US"}, {"source": "https://www.youtube.com/feeds/videos.xml?channel_id=UCnxGkOGNMqQEUMvroOWps6Q", "title": "20,000 Native Children Died at America\u2019s Indian Boarding Schools", "description": "Taken from JRE #1442 w/Shannon O'Loughlin:\nhttps://youtu.be/UL3RvjhFu_s", "link": "https://www.youtube.com/watch?v=ZReDKru1aOg", "date_published": "2020-03-17 00:00:00+00:00", "persistent": false, "user": null, "language": "en-US"}, {"source": "https://www.youtube.com/feeds/videos.xml?channel_id=UCnxGkOGNMqQEUMvroOWps6Q", "title": "How Treaties Broken with Native Americans Resonate Even Today", "description": "Taken from JRE #1442 w/Shannon O'Loughlin:\nhttps://youtu.be/UL3RvjhFu_s", "link": "https://www.youtube.com/watch?v=C4thtYDf9S0", "date_published": "2020-03-17 00:00:00+00:00", "persistent": false, "user": null, "language": "en-US"}, {"source": "https://www.youtube.com/feeds/videos.xml?channel_id=UCnxGkOGNMqQEUMvroOWps6Q", "title": "How the Chitimacha Tribe Saved Their Native Language", "description": "Taken from JRE #1442 w/Shannon O'Laughlin: https://youtu.be/UL3RvjhFu_s", "link": "https://www.youtube.com/watch?v=H3dp136PA04", "date_published": "2020-03-17 00:00:00+00:00", "persistent": false, "user": null, "language": "en-US"}, {"source": "https://www.youtube.com/feeds/videos.xml?channel_id=UCnxGkOGNMqQEUMvroOWps6Q", "title": "Shannon O\u2019Laughiln on the Path Forward for Native Americans", "description": "Taken from JRE #1442 w/Shannon O'Laughlin: https://youtu.be/UL3RvjhFu_s", "link": "https://www.youtube.com/watch?v=CLMu5YCR8_8", "date_published": "2020-03-17 00:00:00+00:00", "persistent": false, "user": null, "language": "en-US"}, {"source": "https://www.youtube.com/feeds/videos.xml?channel_id=UCnxGkOGNMqQEUMvroOWps6Q", "title": "Shannon O\u2019Laughlin Explains What Casinos Do for Tribes", "description": "Taken from JRE #1442 w/Shannon O'Laughlin: https://youtu.be/UL3RvjhFu_s", "link": "https://www.youtube.com/watch?v=EKoRAWTvn7Q", "date_published": "2020-03-17 00:00:00+00:00", "persistent": false, "user": null, "language": "en-US"}, {"source": "https://www.youtube.com/feeds/videos.xml?channel_id=UCnxGkOGNMqQEUMvroOWps6Q", "title": "Shannon O\u2019Laughlin and Joe Rogan on Native American Origin Stories", "description": "Taken from JRE #1442 w/Shannon O'Laughlin: https://youtu.be/UL3RvjhFu_s", "link": "https://www.youtube.com/watch?v=fyPMQ3Qwiqg", "date_published": "2020-03-17 00:00:00+00:00", "persistent": false, "user": null, "language": "en-US"}, {"source": "https://www.youtube.com/feeds/videos.xml?channel_id=UCnxGkOGNMqQEUMvroOWps6Q", "title": "Shannon O\u2019Laughlin on Spurring Economic Development in Indian Country", "description": "Taken from JRE #1442 w/Shannon O'Laughlin: https://youtu.be/UL3RvjhFu_s", "link": "https://www.youtube.com/watch?v=pPzaAks8-0E", "date_published": "2020-03-17 00:00:00+00:00", "persistent": false, "user": null, "language": "en-US"}, {"source": "https://www.youtube.com/feeds/videos.xml?channel_id=UCnxGkOGNMqQEUMvroOWps6Q", "title": "Shannon O\u2019Laughlin on the Struggle to Reclaim Stolen Native Artifacts", "description": "Taken from JRE #1442 w/Shannon O'Loughlin:\nhttps://youtu.be/UL3RvjhFu_s", "link": "https://www.youtube.com/watch?v=RSKJmjkMhJM", "date_published": "2020-03-17 00:00:00+00:00", "persistent": false, "user": null, "language": "en-US"}, {"source": "https://www.youtube.com/feeds/videos.xml?channel_id=UCnxGkOGNMqQEUMvroOWps6Q", "title": "Shannon O\u2019Laughlin: Let Native Americans Tell Their Own Stories!", "description": "Taken from JRE #1442 w/Shannon O'Laughlin: https://youtu.be/UL3RvjhFu_s", "link": "https://www.youtube.com/watch?v=D4QC-hZ5Xn8", "date_published": "2020-03-17 00:00:00+00:00", "persistent": false, "user": null, "language": "en-US"}, {"source": "https://www.youtube.com/feeds/videos.xml?channel_id=UCnxGkOGNMqQEUMvroOWps6Q", "title": "The Origins of Indian Reservations w/Shannon O'Loughlin | Joe Rogan", "description": "Taken from JRE #1442 w/Shannon O'Loughlin:\nhttps://youtu.be/UL3RvjhFu_s", "link": "https://www.youtube.com/watch?v=OkoCZnDBNqQ", "date_published": "2020-03-17 00:00:00+00:00", "persistent": false, "user": null, "language": "en-US"}, {"source": "https://www.youtube.com/feeds/videos.xml?channel_id=UCnxGkOGNMqQEUMvroOWps6Q", "title": "The Problem with DNA Testing for Native American Heritage w/Shannon O'Loughlin | Joe Rogan", "description": "Taken from JRE #1442 w/Shannon O'Loughlin:\nhttps://youtu.be/UL3RvjhFu_s", "link": "https://www.youtube.com/watch?v=XyXF_LffAM0", "date_published": "2020-03-17 00:00:00+00:00", "persistent": false, "user": null, "language": "en-US"}, {"source": "https://www.youtube.com/feeds/videos.xml?channel_id=UCnxGkOGNMqQEUMvroOWps6Q", "title": "They\u2019re Blowing Up Native American Sacred Sites to Build the Wall", "description": "Taken from JRE #1442 w/Shannon O'Laughlin: https://youtu.be/UL3RvjhFu_s", "link": "https://www.youtube.com/watch?v=vLUgUimGJx4", "date_published": "2020-03-17 00:00:00+00:00", "persistent": false, "user": null, "language": "en-US"}, {"source": "https://www.youtube.com/feeds/videos.xml?channel_id=UCnxGkOGNMqQEUMvroOWps6Q", "title": "What Does the Next Century Hold for Native Americans?", "description": "Taken from JRE #1442 w/Shannon O'Laughlin: https://youtu.be/UL3RvjhFu_s", "link": "https://www.youtube.com/watch?v=FklWrF2pM1Y", "date_published": "2020-03-17 00:00:00+00:00", "persistent": false, "user": null, "language": "en-US"}, {"source": "https://www.youtube.com/feeds/videos.xml?channel_id=UCnxGkOGNMqQEUMvroOWps6Q", "title": "Why Are People Attacking the Indian Child Welfare Act?", "description": "Taken from JRE #1442 w/Shannon O'Laughlin: https://youtu.be/UL3RvjhFu_s", "link": "https://www.youtube.com/watch?v=18UewMPUIoc", "date_published": "2020-03-17 00:00:00+00:00", "persistent": false, "user": null, "language": "en-US"}, {"source": "https://www.youtube.com/feeds/videos.xml?channel_id=UCnxGkOGNMqQEUMvroOWps6Q", "title": "Why Sports Teams with Native American Names are Controversial w/Shannon O'Loughlin | Joe Rogan", "description": "Taken from JRE #1442 w/Shannon O'Loughlin:\nhttps://youtu.be/UL3RvjhFu_s", "link": "https://www.youtube.com/watch?v=XOlI9OjQZHA", "date_published": "2020-03-17 00:00:00+00:00", "persistent": false, "user": null, "language": "en-US"}]