[{"source": "https://www.youtube.com/feeds/videos.xml?channel_id=UCwSv086EAByBY-Z7y-QR_cQ", "title": "Dlaczego najwi\u0119ksi producenci ropy graj\u0105 na jej spadki?", "description": "\ud83e\udd2a Mi\u0142o, \u017ce tutaj zajrza\u0142e\u015b.  Zapraszam do ogl\u0105dania.\n\n\u2b07\ufe0fRozwi\u0144 opis\u2b07\ufe0f\n-------------------------------------------------------------\n\ud83d\udc40 Mroczne Podcasty: https://goo.gl/cdCFKe\n\ud83d\udc40 Hello World_: http://bit.ly/31BEhnv\n\ud83d\udc40 Tatusiek: http://bit.ly/3aSCheE\n-------------------------------------------------------------\n\ud83d\udc40 twitter: http://bit.ly/2B6jTPd\n-------------------------------------------------------------\n\u2709\ufe0f Ludzie listy pisz\u0105 \n\ud83d\udd8a\ufe0f uszi@protonmail.com\n-------------------------------------------------------------\n\ud83d\udc7a niecenzuralne i agresywne komentarze zostan\u0105 usuni\u0119te.  Jak ju\u017c musisz zakl\u0105\u0107 dawaj znaki (&*%@%).\n-------------------------------------------------------------\n\ud83d\udcb2 wsparcie\n\ud83d\udcb0 http://bit.ly/2ETKSyN\n-------------------------------------------------------------\n\u2705\u017ar\u00f3d\u0142a:\nLink 1:                   http://bit.ly/2TVjU2s\nLink 2:                   http://bit.ly/2IUQTxy\nLink 3:                   http://bit.ly/39W62KY\nLink 4:                   http://bit.ly/390YCEO\nLink 5:                   https://reut.rs/38Y3lqS\nLink 6:                   http://bit.ly/2vpE6Qq\nLink 7:                   http://bit.ly/3b4cGPc\nLink 8:                   http://bit.ly/33r2bTN\nLink 9:                   http://bit.ly/3d4VV8t\n---------------------------------------------------------------\n\ud83d\uddbcGrafika: \nGovernment.ru / CC BY 4.0\nhttp://bit.ly/2sub8h1\nhttp://bit.ly/33UhhQU\n---\nFAYEZ NURELDINE / AFP / Getty \nhttp://bit.ly/2k7MHBQ\nhttp://bit.ly/2R92ON4\n---\nShutterstock\nhttps://shutr.bz/2JmqPLG\n-------------------------------------------------------------\n\ud83d\udca1 Tagi: #ropa #OPEC #gospodarka\n-------------------------------------------------------------", "link": "https://www.youtube.com/watch?v=vF16KF2fi1M", "date_published": "2020-03-17 00:00:00+00:00", "persistent": false, "user": null, "language": "en-US"}]