[{"source": "https://www.youtube.com/feeds/videos.xml?channel_id=UCH4BNI0-FOK2dMXoFtViWHw", "title": "What This Chart Actually Means for COVID-19", "description": "PBS Member Stations rely on viewers like you. To support your local station, go to: http://to.pbs.org/DonateOKAY\n\u2193 More info and sources below \u2193\n\nWe're on PATREON now! Join the community \u25ba\u25ba https://www.patreon.com/itsokaytobesmart\nSUBSCRIBE so you don't miss a video! \u25ba\u25ba http://bit.ly/iotbs_sub \n\nStay informed. Stay cautious, but not scared. Listen to scientists and public health officials and follow their guidance. By protecting yourself, you're protecting the most vulnerable among us. Together we can flatten the curve on COVID-19 and SARS-CoV-2. More resources below!\n#COVID-19 #SARS-CoV-2 #FlattenTheCurve\n\n3Blue1Brown on exponential growth: https://www.youtube.com/watch?v=Kas0tIxDvrg\n\nGet info from trusted sources:\nhttps://www.cdc.gov/coronavirus/2019-ncov/index.html\nhttps://www.who.int/emergencies/diseases/novel-coronavirus-2019\nhttps://ourworldindata.org/coronavirus\n\nReferences used: https://sites.google.com/view/covid-19-flattenthecurve/home \n\nSpecial thanks to our Brain Trust Patrons:\nAlecZero\nBrent M.\nDiego Lombeida\nDustin\nErnesto Silva\nGeorge Gladding\nMarcus Tuepker\nRon Kakar\nvincbis\n\n-----------\nJoin us on Patreon! \nhttps://patreon.com/itsokaytobesmart\n\nTwitter \nhttp://www.twitter.com/DrJoeHanson\nhttp://www.twitter.com/okaytobesmart \n\nInstagram \nhttp://www.instagram.com/DrJoeHanson \nhttp://www.instagram.com/okaytobesmart \n\nMerch\nhttps://store.dftba.com/collections/its-okay-to-be-smart\n\nFacebook\nhttps://www.facebook.com/itsokaytobesmartpbs/", "link": "https://www.youtube.com/watch?v=fgBla7RepXU", "date_published": "2020-03-17 00:00:00+00:00", "persistent": false, "user": null, "language": "en-US"}]