[{"source": "https://www.youtube.com/feeds/videos.xml?channel_id=UCLr4hMhk_2KE0GUBSBrspGA", "title": "Samsung Galaxy Z Flip: Po z\u0142o\u017ceniu telefonu ekran nie ga\u015bnie!", "description": "Poza tym dowiecie si\u0119 jak dzia\u0142a ma\u0142y sk\u0142adak Samsunga po miesi\u0105cu intensywnego u\u017cywania, odpowiem na Wasze pytania z Twittera (http://bit.ly/TTKlawitera), wr\u00f3cimy do tego o czym gadali\u015bmy na insta (http://bit.ly/InstaKlawiatur) i FB (http://bit.ly/FBKlawiatur)\n\nCeny Galaxy Z Flipa: http://bit.ly/2whYiEp", "link": "https://www.youtube.com/watch?v=mx67mP_SzhA", "date_published": "2020-03-18 00:00:00+00:00", "persistent": false, "user": null, "language": "en-US"}]