[{"source": "https://www.youtube.com/feeds/videos.xml?channel_id=UCSbdMXOI_3HGiFviLZO6kNA", "title": "This new VR Headset could change the entire VR market", "description": "Hello and welcome to TUESDAY NEWSDAY! Your number one resource for the entire weeks worth of VR news. \n\nHere are my links:\nPatreon link:Join\nhttps://www.patreon.com/Thrillseeker\nMy Stream:\nhttps://www.twitch.tv/thrilluwu\nJoin my discord for good times\nhttps://discord.gg/thrill\nGAMERSUPPS Discount Code: THRILL\nhttp://gamersupps.gg/?afmc=thrill\n\n\nToday I will cover:\nMeme break clip: https://twitter.com/DBLTAPesports/status/1261766400470855680?s=20\n\nvideo clips used: https://www.youtube.com/watch?v=C7YycpxoKSw\n\nOculus Quest and Rift S one year anniversary \nOculus Quest Hand Tracking receives large update\nOculus store sale\nBeat saber receives 40 new beatmaps\nhttps://www.oculus.com/blog/celebrating-the-one-year-anniversary-of-oculus-quest-and-rift-s/\n\nThis new chinese headset:\nhttps://www.jd.com/pinpai/12349-253559.html\nhttps://item.jd.com/100011903114.html#none\n\nOculus link updates:\nhttps://uploadvr.com/oculus-link-usb-2-update/\n\nApple buys out NExtVR:\nhttps://www.theverge.com/2020/5/14/21211254/apple-confirms-nextvr-acquisition-purchase-vr-virtual-reality-company\n\nGoogle takes down fake Oculus Ads:\nhttps://www.bbc.com/news/technology-52668164", "link": "https://www.youtube.com/watch?v=k7pZOLdnLLA", "date_published": "2020-05-19 00:00:00+00:00", "persistent": false, "user": null, "language": "en-US"}]