[{"source": "https://www.youtube.com/feeds/videos.xml?channel_id=UCBJycsmduvYEL83R_U4JriQ", "title": "Surface Headphones 2: Matte Black Everything!", "description": "Microsoft. Do you think you can get me to like your headphones just for a new color?\nRidge Wallet: http://ridge.com/MKBHD\nThat shirt! http://shop.MKBHD.com\n\nVideo Gear I use: http://kit.co/MKBHD/video-gear#recom...\nTech I'm using right now: https://www.amazon.com/shop/MKBHD\n\nIntro Beats: http://youtube.com/20syl \nPlaylist of MKBHD Intro music: https://goo.gl/B3AWV5\n\n~\nhttp://twitter.com/MKBHD\nhttp://instagram.com/MKBHD\nhttp://facebook.com/MKBHD", "link": "https://www.youtube.com/watch?v=ByayqNQU2fA", "date_published": "2020-05-19 00:00:00+00:00", "persistent": false, "user": null, "language": "en-US"}]