[{"source": "https://www.youtube.com/feeds/videos.xml?channel_id=UCBa659QWEk1AI4Tg--mrJ2A", "title": "Why some \"remastered\" music videos look awful", "description": "This isn't \"the way they were meant to be seen\". \u2022 Join CuriosityStream, including access to Nebula and my original series, for only $2.99/month here: https://curiositystream.com/tomscott\n\nWhen YouTube allowed music labels to \"remaster\" their original uploads, different videos had very different approaches. Some are in crystal-clear 4K; others are very definitely not. Here's why some of them look terrible.\n\nAnimation by William Marler: https://wmad.co.uk\nSound mix by Graham Haerther: https://haerther.net\n\nI'm at https://tomscott.com\r\non Twitter at https://twitter.com/tomscott\r\non Facebook at https://facebook.com/tomscott\r\nand on Instagram as tomscottgo", "link": "https://www.youtube.com/watch?v=CkysCJBdGtw", "date_published": "2020-05-18 00:00:00+00:00", "persistent": false, "user": null, "language": "en-US"}]