[{"source": "https://www.youtube.com/feeds/videos.xml?channel_id=UCG2kQBVlgG7kOigXZTcKrQw", "title": "Czarnog\u00f3ra - 4 PORY ROKU.  Film, kt\u00f3ry powstawa\u0142 3 lata \ud83e\udd2f", "description": "Zapisz si\u0119 i pode\u015bl\u0119 wi\u0119cej info o kursie: https://www.subscribepage.com/kurswideo\n\n\u25ba\u25baZach\u0119cam do subskrypcji: http://bit.ly/2cmWbSO \n\nZapraszam te\u017c na:\nFacebook: http://bit.ly/2flU84f\nInstagram: http://bit.ly/2eTrIMc\nBlog: http://kolemsietoczy.pl/\n\nDzie\u0144 dobry Czarnog\u00f3ra to film, a w\u0142a\u015bciwie odpowiednim s\u0142owem b\u0119dzie tutaj PROJEKT, kt\u00f3ry kosztowa\u0142 mnie chyba najwi\u0119cej pracy ever (no mo\u017ce poza kursem :D). Trzy razy wracali\u015bmy do Czarnog\u00f3ry, aby nagra\u0107 materia\u0142 z mo\u017cliwie najwi\u0119cej ciekawych miejsc Czarnog\u00f3ry w mo\u017cliwie jak najbardziej r\u00f3\u017cnej scenerii. Zimowe, jesiennej, wczesnowiosennej i letniej rzecz jasna. Je\u015bli interesuje Was Czarnog\u00f3ra, to ja zapraszam do innych film\u00f3w, w tym vlog\u00f3w. A tak\u017ce na bloga, gdzie masa przydatnych informacji praktycznych o Czarnog\u00f3rze. Ciekawe miejsca, porady, transport, noclegi i wszystko co chcecie o Czarnog\u00f3rze wiedzie\u0107:\nTutaj g\u0142\u00f3wny wpis:\nhttps://kolemsietoczy.pl/czarnogora-ciekawe-miejsca-atrakcje-zabytki-porady-noclegi-co-zobaczyc-czarnogorze/\n\ntutaj pozosta\u0142e kilkana\u015bcie  wpis\u00f3w:\nhttps://kolemsietoczy.pl/category/czarnogora/", "link": "https://www.youtube.com/watch?v=DqUCU-7TBKA", "date_published": "2020-05-18 00:00:00+00:00", "persistent": false, "user": null, "language": "en-US"}]