[{"source": "https://www.youtube.com/feeds/videos.xml?channel_id=UCR-DXc1voovS8nhAvccRZhg", "title": "Drupal 7 to 8 LIVE Migration - Ep 16 - TODAY IS THE DAY!", "description": "In this sixteenth and final livestream, we'll run the Drupal 7 to Drupal 8 migration, LIVE! In the last livestream, Jeff accidentally took down his live server. What damage will he do *this* week? Tune in to find out whether the migration is a success or a total disaster!\n\nSupport me on Patreon: https://www.patreon.com/geerlingguy\n\nSponsor me on GitHub: https://github.com/sponsors/geerlingguy\n\n\n\nSee more: https://www.jeffgeerling.com/blog/2020/migrating-jeffgeerlingcom-drupal-7-drupal-8-how-video-series", "link": "https://www.youtube.com/watch?v=4ehIIFGtMRg", "date_published": "2020-05-19 00:00:00+00:00", "persistent": false, "user": null, "language": "en-US"}]