[{"source": "https://www.youtube.com/feeds/videos.xml?channel_id=UCZYTClx2T1of7BRZ86-8fow", "title": "How Sea Butterflies \"Fly\" in Water", "description": "Check out Nature: Spy in the Wild 2 on PBS (http://pbs.org/spyinthewild) to follow more than 50 animatronic spy creatures as they go undercover in the animal world. And check out their YouTube channel (https://www.youtube.com/user/NaturePBS) for more great videos of the natural world.\n\nBirds fly, and fish swim. We learn this when we are children. But not everything in nature is quite so simple\u2026 Meet Limacina helicina, an artic-dwelling sea butterfly that flies through the water.\n\nHosted by: Hank Green\n\nSciShow has a spinoff podcast! It's called SciShow Tangents. Check it out at http://www.scishowtangents.org\n----------\nSupport SciShow by becoming a patron on Patreon: https://www.patreon.com/scishow\n----------\nHuge thanks go to the following Patreon supporters for helping us keep SciShow free for everyone forever:\n\nKevin Bealer, Jacob, Katie Marie Magnone, D.A. Noe, Charles Southerland, Eric Jensen, Christopher R Boucher, Alex Hackman, Matt Curls, Adam Brainard, Scott Satovsky Jr, Sam Buck, Ron Kakar, Chris Peters, Kevin Carpentier, Patrick D. Ashmore, Piya Shedden, Sam Lutfi, Charles George, Christoph Schwanke, Greg\n\n----------\nLooking for SciShow elsewhere on the internet?\nFacebook: http://www.facebook.com/scishow\nTwitter: http://www.twitter.com/scishow\nTumblr: http://scishow.tumblr.com\nInstagram: http://instagram.com/thescishow\n----------\nSources:\nhttps://jeb.biologists.org/content/219/4/535\nhttps://link.springer.com/article/10.1007/BF00397570\nhttps://www.int-res.com/articles/meps/77/m077p125.pdf\n\nImage Sources:\nhttps://commons.wikimedia.org/wiki/File:Limacina_helicina_2_color.png\nhttps://commons.wikimedia.org/wiki/File:Limacina_helicina.png\nhttps://commons.wikimedia.org/wiki/File:LimacinaHelicinaNOAA.jpg\nhttps://commons.wikimedia.org/wiki/File:Limacina_antarctica.png\nhttps://commons.wikimedia.org/wiki/File:Limacina_helicina_3.png\nhttps://oceanexplorer.noaa.gov/explorations/05arctic/background/biodiversity/media/limacina_helicina.html\nhttps://www.nsf.gov/news/mmg/mmg_disp.jsp?med_id=62709&from=search_list\nhttps://www.climate.gov/news-features/featured-images/ocean-acidity-dissolving-tiny-snails%E2%80%99-protective-shell\nhttps://commons.wikimedia.org/wiki/File:Toky.png\nhttps://commons.wikimedia.org/wiki/File:Reynolds_behaviors.png\nhttps://www.flickr.com/photos/internetarchivebookimages/17968453060/\nhttp://movie.biologists.com/video/10.1242/jeb.129205/video-1\nhttps://commons.wikimedia.org/wiki/File:Marinesnow-splash.jpg\nhttps://commons.wikimedia.org/wiki/File:Limacina_helicina_4.png\nhttps://jeb.biologists.org/content/jexbio/suppl/2016/02/11/219.4.535.DC1/JEB129205supp.pdf\nwww.murphyfluidslab.com", "link": "https://www.youtube.com/watch?v=ohu-t49IbBI", "date_published": "2020-05-19 00:00:00+00:00", "persistent": false, "user": null, "language": "en-US"}, {"source": "https://www.youtube.com/feeds/videos.xml?channel_id=UCZYTClx2T1of7BRZ86-8fow", "title": "Hydrogen: The Savior of the Shipping Industry", "description": "To learn more about the fight to stop climate change go to https://gatesnot.es/3dkhdhH. Thanks to Bill Gates and Breakthrough Energy for supporting this episode of SciShow. \n\nHuge container ships relying on fossil fuels transport all kinds of goods across the ocean, creating a huge climate change impact. But there's a better way to power this transport using, of all things, water.\n\nHosted by: Hank Green\n\nSciShow has a spinoff podcast! It's called SciShow Tangents. Check it out at http://www.scishowtangents.org\n----------\nSupport SciShow by becoming a patron on Patreon: https://www.patreon.com/scishow\n----------\nHuge thanks go to the following Patreon supporters for helping us keep SciShow free for everyone forever:\n\nKevin Bealer, Jacob, Katie Marie Magnone, D.A.Noe, Charles Southerland, Eric Jensen, Christopher R Boucher, Alex Hackman, Matt Curls, Adam Brainard, Scott Satovsky Jr, Sam Buck, Ron Kakar, Chris Peters, Kevin Carpentier, Patrick D. Ashmore, Piya Shedden, Sam Lutfi, charles george, Greg\n\n----------\nLooking for SciShow elsewhere on the internet?\nFacebook: http://www.facebook.com/scishow\nTwitter: http://www.twitter.com/scishow\nTumblr: http://scishow.tumblr.com\nInstagram: http://instagram.com/thescishow\n----------\nSources:\nhttps://energy.sandia.gov/wp-content/uploads/2017/12/SAND2017-12665.pdf\nhttp://butane.chem.uiuc.edu/pshapley/Environmental/L11/2.html\nhttps://www.sciencedirect.com/science/article/pii/B9780128050521000309?via%3Dihub\nhttps://www.npr.org/2019/07/16/716693006/the-dawn-of-low-carbon-shipping\nhttps://www.npr.org/2019/07/15/736565697/giant-shipper-bets-big-on-ending-its-carbon-emissions-will-it-pay-off\nhttps://www.rivieramm.com/news-content-hub/news-content-hub/hydrogen-fuel-cells-becoming-viable-in-maritime-sector-56714\nSecondary:\nhttps://www.ucsusa.org/resources/how-hydrogen-made\nhttps://www.truckinginfo.com/339798/will-future-trucks-be-powered-by-batteries-of-fuel-cells\nhttps://www.forbes.com/sites/jeremybogaisky/2019/08/14/zeroavia-alakai-hydrogen-fuel-cell/#4543983818aa\nhttps://www.theverge.com/2019/8/14/20804257/zeroavia-hydrogen-airplane-electric-flight\n\nImages:\nhttps://commons.wikimedia.org/wiki/File:Residual_fuel_oil.JPG", "link": "https://www.youtube.com/watch?v=nuLvohkOLNY", "date_published": "2020-05-18 00:00:00+00:00", "persistent": false, "user": null, "language": "en-US"}]