[{"source": "https://www.youtube.com/feeds/videos.xml?channel_id=UCNTqu16j3F6RbtHZI-3untg", "title": "Saving Your Father From the Belly of the Whale", "description": "In dark and uncertain times, people are looking for guidance now more than ever, even if we are often limited to screens and the internet. Online father figures have garnered dedicated followers and large audiences, but with great influence comes great responsibility. Ranging from Commentary Youtubers to Comedians, the father figures and\n\nSPECIAL THANKS: \nVH21 for helping with research\n@ikanaide_music for producing the Family Business cover \nKevin Bessey for producing the Brother Sport cover\nSlush for vocals on the cover of Brother Sport\nSam Beros for letting me use music from his EP (found here: https://open.spotify.com/album/5uLoZslmKGLQtL0Mh8NG9D?highlight=spotify:track:1CtxKiDEYYmXlTF9WS4jw7)\nEnding art animation created by @vrcade00 on Instagram (https://www.instagram.com/vrcade00/)\n\nSONG CREDITS:\nEz - Epidemic Sound\nReasons - Epidemic Sound\nOverdrive - Sam Beros\nElectropulse - Sam Beros\nKomm, Susser Tod (Pokemon GBA soundfont) - M. V. Shooting\nBig Flue - F Zero OST\nIn The Loopholes - Epidemic Sound\nDuke - Epidemic Sound\nI Got A Name Jime Croce Cover - Larry L\nOrdon Village - Zelda Twilight Princess OST\nThe Great Ascension - Halo 3 OST\nFinish the Fight - Halo 3 OST\nFamily Business Kanye West Instrumental Cover - Original Production by Ikanide\nBrothersport Animal Collective Cover - Original Production by Kevin Bressey, Performed by Slush\n\nMy stuff:\nPatreon - https://www.patreon.com/Glink\nTwitter - https://twitter.com/GlinkLive\nReddit - https://www.reddit.com/r/glink/\nInstagram - https://www.instagram.com/glink_between_worlds/\nDiscord - https://discord.gg/5f3CBA", "link": "https://www.youtube.com/watch?v=u0YclPlwhAI", "date_published": "2020-09-02 00:00:00+00:00", "persistent": false, "user": null, "language": "en-US"}]