[{"source": "https://www.youtube.com/feeds/videos.xml?channel_id=UCtZO3K2p8mqFwiKWb9k7fXA", "title": "Revisiting old videos - How wrong was I?", "description": "Sponsored by Skillshare. The first 1000 people who click this link will get 2 free months of Skillshare Premium: https://skl.sh/techaltar0920\n\n\n\u25ac\u25ac\u25ac\u25ac\u25ac\u25ac\u25ac\u25ac\u25ac\u25ac\u25ac\u25ac\u25ac\u25ac\u25ac\u25ac\u25ac\u25ac\u25ac\u25ac\u25ac\u25ac\u25ac\u25ac\n\n\u25ba\u25ba\u25ba About the video \u25c4\u25c4\u25c4\n\nWe've just reached episode 69 (very nice!) of The Story Behind series. To celebrate, I've decided to take a look back at some of my first videos in the series and see how well they have held up over time!\n\nNew operating systems: https://youtu.be/-N80hzTpglQ\nStock Android: https://youtu.be/jGmW_lHRZk4\nPixel: https://youtu.be/br-7RDIcG5Q\nWindows 10 Mobile: https://youtu.be/7O_EvSTth-A\nEuropean smartphones: https://youtu.be/zjcVPZCG4sM\nXiaomi's miracle: https://youtu.be/yUd7-0RO1bw\n\n\u25ac\u25ac\u25ac\u25ac\u25ac\u25ac\u25ac\u25ac\u25ac\u25ac\u25ac\u25ac\u25ac\u25ac\u25ac\u25ac\u25ac\u25ac\u25ac\u25ac\u25ac\u25ac\u25ac\u25ac\n\n\u25ba\u25ba\u25ba Quiz \u25c4\u25c4\u25c4\n\nWeekly tech quiz: \nhttps://crrowd.com/quiz \n\n\u25ac\u25ac\u25ac\u25ac\u25ac\u25ac\u25ac\u25ac\u25ac\u25ac\u25ac\u25ac\u25ac\u25ac\u25ac\u25ac\u25ac\u25ac\u25ac\u25ac\u25ac\u25ac\u25ac\u25ac\n\n\u25ba\u25ba\u25ba TechAltar links \u25c4\u25c4\u25c4\n\nMerch: \nhttp://enthusiast.store \n\nSocial media: \nhttps://twitter.com/TechAltar \nhttps://instagram.com/TechAltar \nhttps://facebook.com/TechAltar \n\nIf you want to support TechAltar directly: \nhttps://flattr.com/@techaltar \n\n\u25ac\u25ac\u25ac\u25ac\u25ac\u25ac\u25ac\u25ac\u25ac\u25ac\u25ac\u25ac\u25ac\u25ac\u25ac\u25ac\u25ac\u25ac\u25ac\u25ac\u25ac\u25ac\u25ac\u25ac\n\n\u25ba\u25ba\u25ba Attributions \u25c4\u25c4\u25c4\n\nMusic: \nMajestic Casual - Kenny Segal - Procrastination: http://bit.ly/29CWdE2\n\nRegular music by Edemski: https://soundcloud.com/edemski", "link": "https://www.youtube.com/watch?v=UvtVacoW0Ss", "date_published": "2020-09-02 00:00:00+00:00", "persistent": false, "user": null, "language": "en-US"}]