[{"source": "https://www.youtube.com/feeds/videos.xml?channel_id=UCAKcSON6PSG_JkTbXh2WdIg", "title": "Pieta Brown - Ask for More (Live at Radio Heartland)", "description": "Pieta Brown performs 'Ask for More' from her 2019 album, 'Freeway,' live in the Radio Heartland studio at The Current.\nLike/Follow:\nhttps://www.facebook.com/TheCurrent/\nhttps://twitter.com/TheCurrent\nhttps://www.instagram.com/thecurrent/\nhttps://www.facebook.com/RadioHeartlandMPR/\nhttps://twitter.com/RadioHeartland", "link": "https://www.youtube.com/watch?v=JAFKfmP8KfA", "date_published": "2020-01-02 00:00:00+00:00", "persistent": false, "user": null, "language": "en-US"}, {"source": "https://www.youtube.com/feeds/videos.xml?channel_id=UCAKcSON6PSG_JkTbXh2WdIg", "title": "Pieta Brown - Bring Me (Live at Radio Heartland)", "description": "Pieta Brown performs 'Bring Me' from her 2019 album, 'Freeway,' live in the Radio Heartland studio at The Current.\nLike/Follow:\nhttps://www.facebook.com/TheCurrent/\nhttps://twitter.com/TheCurrent\nhttps://www.instagram.com/thecurrent/\nhttps://www.facebook.com/RadioHeartlandMPR/\nhttps://twitter.com/RadioHeartland", "link": "https://www.youtube.com/watch?v=f_-JUnn0XXw", "date_published": "2020-01-02 00:00:00+00:00", "persistent": false, "user": null, "language": "en-US"}]