[{"source": "https://www.youtube.com/feeds/videos.xml?channel_id=UCORIeT1hk6tYBuntEXsguLg", "title": "Mr. Blue Sky (Electric Light Orchestra) - Postmodern Jukebox ft. Allison Young", "description": "Download & Stream \"Mr. Blue Sky\": https://pmjlive.com/okcrooner\nExperience PMJ Live: https://www.pmjtour.com\nShop PMJ Music/Merch:  https://www.shoppmj.com\nFollow Us On Spotify: https://pmjlive.com/pmjspotify\n\nOK Internet - you've been requesting ELO's \"Mr. Blue Sky\" for quite some time now, so here's our first video of the 'Twenties. We're joined by Nashville's Allison Young - a young artist with a classic style and an undeniable vocal gift.\n____________________________________________\r\n\r\nFollow The Musicians:\r\nAllison Young (Vocals)\r\nFacebook: https://www.facebook.com/allisonyoungmusic/\nInstagram: https://www.instagram.com/allisonyoung.xo/\nYouTube: https://www.youtube.com/channel/UCyVttxb4-zHo62CB4lwvMXg\n\nMegan Mullins (Violin)\r\nInstagram: https://www.instagram.com/meganmullins10/\n\r\nEmily Nelson (Cello):\r\nInstagram: https://www.instagram.com/enelsoncello/\n\nCJ Colandrea (Pedal Steel Guitar):\r\nInstagram: https://www.instagram.com/cjcolandrea/?hl=en\n\r\nDarius Salazar (Bass)\nTwitter: https://twitter.com/king_salz\n\nPatrick Bubert (Drums)\nInstagram: https://www.instagram.com/patbubert/ \n\nScott Bradlee (Piano):\r\nYouTube: http://youtube.com/scottbradlee\r\nFacebook: http://facebook.com/scottbradleemusic\r\nInstagram: http://instagram.com/scottbradlee\r\nTwitter: http://twitter.com/scottbradlee\r\n\r\nArrangement by: Scott Bradlee\nEngineered by: Thai Ly Long\nVideo by: Andrew Rozario and Mike Stryker\n____________________________________________\r\n#ElectricLightOrchestra #MrBlueSky #Cover", "link": "https://www.youtube.com/watch?v=NTbNCezCJNM", "date_published": "2020-01-03 00:00:00+00:00", "persistent": false, "user": null, "language": "en-US"}]