[{"source": "https://www.youtube.com/feeds/videos.xml?channel_id=UCwSv086EAByBY-Z7y-QR_cQ", "title": "Ukrai\u0144ska aktywistka chce zmieni\u0107 polsk\u0105 gramatyk\u0119!", "description": "\ud83e\udd2a Mi\u0142o, \u017ce tutaj zajrza\u0142e\u015b.  Zapraszam do ogl\u0105dania.\n\n\u2b07\ufe0fRozwi\u0144 opis\u2b07\ufe0f\n-------------------------------------------------------------\n\ud83d\udc40 Mroczne Podcasty: https://goo.gl/cdCFKe\n\ud83d\udc40 twitter: http://bit.ly/2B6jTPd\n-------------------------------------------------------------\n\u2709\ufe0f Napisz do mnie \u2709\ufe0f \n\ud83d\udd8a\ufe0f uszi@protonmail.com\n-------------------------------------------------------------\n\ud83d\udc7a niecenzuralne i agresywne komentarze zostan\u0105 usuni\u0119te.  Jak ju\u017c musisz zakl\u0105\u0107 dawaj znaki (&*%@%).\n-------------------------------------------------------------\n\ud83d\udcb2 wsparcie\n\ud83d\udcb0 http://bit.ly/2ETKSyN\n-------------------------------------------------------------\n\u2705\u017ar\u00f3d\u0142a:\nLink 1:                   http://bit.ly/39Bm794\nLink 2:                   http://bit.ly/2FlYd3e\nLink 3:                   http://bit.ly/2to7lC3\nLink 4:                   http://bit.ly/2QGS3QQ\n-------------------------------------------------------------\n\ud83d\udca1 Tagi: #Ukraina\n-------------------------------------------------------------", "link": "https://www.youtube.com/watch?v=Au4lOUmcs9o", "date_published": "2020-01-03 00:00:00+00:00", "persistent": false, "user": null, "language": "en-US"}, {"source": "https://www.youtube.com/feeds/videos.xml?channel_id=UCwSv086EAByBY-Z7y-QR_cQ", "title": "Z jakiego powodu dziadek i babcia braci Kaczy\u0144skich przybyli do Polski?", "description": "\ud83e\udd2a Mi\u0142o, \u017ce tutaj zajrza\u0142e\u015b.  Zapraszam do ogl\u0105dania.\n\n\u2b07\ufe0fRozwi\u0144 opis\u2b07\ufe0f\n-------------------------------------------------------------\n\ud83d\udc40 Mroczne Podcasty: https://goo.gl/cdCFKe\n\ud83d\udc40 twitter: http://bit.ly/2B6jTPd\n-------------------------------------------------------------\n\u2709\ufe0f Napisz do mnie \u2709\ufe0f \n\ud83d\udd8a\ufe0f uszi@protonmail.com\n-------------------------------------------------------------\n\ud83d\udc7a niecenzuralne i agresywne komentarze zostan\u0105 usuni\u0119te.  Jak ju\u017c musisz zakl\u0105\u0107 dawaj znaki (&*%@%).\n-------------------------------------------------------------\n\ud83d\udcb2 wsparcie\n\ud83d\udcb0 http://bit.ly/2ETKSyN\n-------------------------------------------------------------\n\u2705\u017ar\u00f3d\u0142a:\nLink 1:                   http://bit.ly/2rM4oe1\nLink 2:                   http://bit.ly/36ilkYt\nLink 3:                   http://bit.ly/2F9AV0A\nLink 4:                   http://bit.ly/36ilrmR\nLink 5:                   http://bit.ly/2SJiaJp\nLink 6:                   http://bit.ly/2FdLO1u\n-------------------------------------------------------------\n\ud83d\uddbcGrafika: \npresident.pl - http://bit.ly/37pNd0U\n---\nPiotr Drabik - http://bit.ly/2rPQk3c\n-------------------------------------------------------------\n\ud83d\udca1 Tagi: #Kaczy\u0144ski #historia\n-------------------------------------------------------------", "link": "https://www.youtube.com/watch?v=Pss3y9PjOEU", "date_published": "2020-01-02 00:00:00+00:00", "persistent": false, "user": null, "language": "en-US"}]