[{"source": "https://www.youtube.com/feeds/videos.xml?channel_id=UCzQUP1qoWDoEbmsQxvdjxgQ", "title": "Joe Rogan Experience #1408 - Ed Calderon", "description": "Ed Calderon is a security specialist and combatives instructor with over 10 years experience in public safety along the northern border area of Mexico. Follow him online @EdsManifesto http://edsmanifesto.com", "link": "https://www.youtube.com/watch?v=xPBejhoKlb8", "date_published": "2020-01-08 00:00:00+00:00", "persistent": false, "user": null, "language": "en-US"}, {"source": "https://www.youtube.com/feeds/videos.xml?channel_id=UCzQUP1qoWDoEbmsQxvdjxgQ", "title": "Joe Rogan Experience #1407 - Michael Malice", "description": "Michael Malice is an author and also hosts a podcast called \u201cYour Welcome with Michael Malice\u201d available on the GaS Digital Network. His new book called  \u201cThe New Right\u201d is available now.", "link": "https://www.youtube.com/watch?v=83ysf_GO2aw", "date_published": "2020-01-07 00:00:00+00:00", "persistent": false, "user": null, "language": "en-US"}]