[{"source": "https://www.youtube.com/feeds/videos.xml?channel_id=UC7v3-2K1N84V67IF-WTRG-Q", "title": "New Mutants - Official Trailer (My Thoughts)", "description": "After 2 years of delays, and unknowns, we have a trailer for NEW MUTANTS! Here are my thoughts on it.\n\nWatch the trailer here: https://www.youtube.com/watch?v=W_vJhUAOFpI&t=3s", "link": "https://www.youtube.com/watch?v=KPEHi4A2ksE", "date_published": "2020-01-07 00:00:00+00:00", "persistent": false, "user": null, "language": "en-US"}]