[{"source": "https://www.youtube.com/feeds/videos.xml?channel_id=UCwSv086EAByBY-Z7y-QR_cQ", "title": "Do polskich las\u00f3w powr\u00f3cili grzybiarze z Rumunii i S\u0142owacji!", "description": "\ud83e\udd2a Mi\u0142o, \u017ce tutaj zajrza\u0142e\u015b.  Zapraszam do ogl\u0105dania.\n\n\u2b07\ufe0fRozwi\u0144 opis\u2b07\ufe0f\n------------------------------------------------------------\n\ud83d\udc40 Mroczne Podcasty: https://goo.gl/cdCFKe\n\ud83d\udc40 Hello World_: http://bit.ly/31BEhnv\n\ud83d\udc40 Tatusiek: http://bit.ly/3aSCheE\n------------------------------------------------------------\n\ud83d\udc40 twitter: http://bit.ly/2B6jTPd\n------------------------------------------------------------\n\ud83d\udd12 Do\u0142\u0105cz do Sp\u00f3\u0142dzielni\nhttps://discord.gg/RSEUaR3\n------------------------------------------------------------\n\u2709\ufe0f Ludzie listy pisz\u0105 \n\ud83d\udd8a\ufe0f uszi@protonmail.com\n------------------------------------------------------------\n\ud83d\udc7a niecenzuralne i agresywne komentarze zostan\u0105 usuni\u0119te.  Jak ju\u017c musisz zakl\u0105\u0107 dawaj znaki (&*%@%).\n------------------------------------------------------------\n\ud83d\udcb2 Donate/ Darowizna\nPLN / SMS / Blik: http://bit.ly/2ETKSyN\nBTC: 174EmE88YFtvs6fuM8ZL5yYbik8hcaY6ud\n---------------------------------------------------------------\n\ud83d\uddbcGrafika - wykorzystano elementy ze stron: \nlasy.gov.pl / https://bit.ly/2Iezgf5\n---------------------------------------------------------------\n\u2705\u017ar\u00f3d\u0142a:\nhttps://bit.ly/3iNMFam\nhttps://bit.ly/34FfG35\nhttps://bit.ly/34Fcgx9\n-------------------------------------------------------------\n\ud83d\udca1 Tagi: #grzybobranie #grzyby\n--------------------------------------------------------------", "link": "https://www.youtube.com/watch?v=_cpkhy0twR8", "date_published": "2020-10-09 00:00:00+00:00", "persistent": false, "user": null, "language": "en-US"}, {"source": "https://www.youtube.com/feeds/videos.xml?channel_id=UCwSv086EAByBY-Z7y-QR_cQ", "title": "Bez kija nie podchod\u017a, czyli polska s\u0142u\u017cba zdrowia w czasach Covid-19!", "description": "\ud83e\udd2a Mi\u0142o, \u017ce tutaj zajrza\u0142e\u015b.  Zapraszam do ogl\u0105dania.\n\n\u2b07\ufe0fRozwi\u0144 opis\u2b07\ufe0f\n------------------------------------------------------------\n\ud83d\udc40 Mroczne Podcasty: https://goo.gl/cdCFKe\n\ud83d\udc40 Hello World_: http://bit.ly/31BEhnv\n\ud83d\udc40 Tatusiek: http://bit.ly/3aSCheE\n------------------------------------------------------------\n\ud83d\udc40 twitter: http://bit.ly/2B6jTPd\n------------------------------------------------------------\n\ud83d\udd12 Do\u0142\u0105cz do Sp\u00f3\u0142dzielni\nhttps://discord.gg/RSEUaR3\n------------------------------------------------------------\n\u2709\ufe0f Ludzie listy pisz\u0105 \n\ud83d\udd8a\ufe0f uszi@protonmail.com\n------------------------------------------------------------\n\ud83d\udc7a niecenzuralne i agresywne komentarze zostan\u0105 usuni\u0119te.  Jak ju\u017c musisz zakl\u0105\u0107 dawaj znaki (&*%@%).\n------------------------------------------------------------\n\ud83d\udcb2 Donate/ Darowizna\nPLN / SMS / Blik: http://bit.ly/2ETKSyN\nBTC: 174EmE88YFtvs6fuM8ZL5yYbik8hcaY6ud\n---------------------------------------------------------------\n\ud83d\uddbcGrafika - wykorzystano elementy ze stron: \nnadwisla24.pl / https://bit.ly/3db0iPH\n---------------------------------------------------------------\n\u2705\u017ar\u00f3d\u0142a:\nhttps://bit.ly/3db0iPH\nhttps://bit.ly/3nyvzkk\nhttps://bit.ly/3dwPUll\nhttps://bit.ly/33EQI4G\n-------------------------------------------------------------\n\ud83d\udca1 Tagi: #covid-19\n--------------------------------------------------------------", "link": "https://www.youtube.com/watch?v=y-a4xjV1YpU", "date_published": "2020-10-08 00:00:00+00:00", "persistent": false, "user": null, "language": "en-US"}, {"source": "https://www.youtube.com/feeds/videos.xml?channel_id=UCwSv086EAByBY-Z7y-QR_cQ", "title": "Jaros\u0142aw Ko\u015bcielny: lubelska policja ustawi\u0142a przetarg na radiowozy", "description": "\ud83e\udd2a Mi\u0142o, \u017ce tutaj zajrza\u0142e\u015b.  Zapraszam do ogl\u0105dania.\n\n\u2b07\ufe0fRozwi\u0144 opis\u2b07\ufe0f\n------------------------------------------------------------\n\ud83d\udc40 Mroczne Podcasty: https://goo.gl/cdCFKe\n\ud83d\udc40 Hello World_: http://bit.ly/31BEhnv\n\ud83d\udc40 Tatusiek: http://bit.ly/3aSCheE\n------------------------------------------------------------\n\ud83d\udc40 twitter: http://bit.ly/2B6jTPd\n------------------------------------------------------------\n\ud83d\udd12 Do\u0142\u0105cz do Sp\u00f3\u0142dzielni\nhttps://discord.gg/RSEUaR3\n------------------------------------------------------------\n\u2709\ufe0f Ludzie listy pisz\u0105 \n\ud83d\udd8a\ufe0f uszi@protonmail.com\n------------------------------------------------------------\n\ud83d\udc7a niecenzuralne i agresywne komentarze zostan\u0105 usuni\u0119te.  Jak ju\u017c musisz zakl\u0105\u0107 dawaj znaki (&*%@%).\n------------------------------------------------------------\n\ud83d\udcb2 Donate/ Darowizna\nPLN / SMS / Blik: http://bit.ly/2ETKSyN\nBTC: 174EmE88YFtvs6fuM8ZL5yYbik8hcaY6ud\n---------------------------------------------------------------\n\ud83d\uddbcGrafika - wykorzystano elementy ze stron: \nnasygnale.com.pl / https://bit.ly/3ntVBVW\n---------------------------------------------------------------\n\u2705\u017ar\u00f3d\u0142a:\nhttps://bit.ly/2SCS6OJ\nhttps://bit.ly/2GMXc8o\nhttps://bit.ly/34yXJTF\nhttps://bit.ly/3lkoZw7\nhttps://bit.ly/2Gsjflj\n-------------------------------------------------------------\n\ud83d\udca1 Tagi: #przetarg #motoryzacja\n--------------------------------------------------------------", "link": "https://www.youtube.com/watch?v=88LNj0_Sf3E", "date_published": "2020-10-08 00:00:00+00:00", "persistent": false, "user": null, "language": "en-US"}]