[{"source": "https://www.youtube.com/feeds/videos.xml?channel_id=UCF9IOB2TExg3QIBupFtBDxg", "title": "Long term COVID", "description": "Long-term Health Consequences of COVID-19\n(JAMA, 5th October)\n\nhttps://www.telegraph.co.uk/global-health/science-and-disease/long-covid-can-really-grim-rarer-think/\n\nOngoing symptoms to substantial end-organ dysfunction\n\nhttps://jamanetwork.com/journals/jama/fullarticle/2771581?guestAccessKey=6c60fb00-1424-47b5-abc9-0b502a194f46&utm_source=silverchair&utm_medium=email&utm_campaign=article_alert-jama&utm_content=olf&utm_term=100520\n\nPost-Acute COVID\n\nPersistent severe symptoms, beyond 3 weeks\n\nChronic COVID-19\n\nBeyond 12 weeks\n\nCommon complaints\n\nhttps://www.bbc.co.uk/news/health-54296223\n\nCrippling fatigue\n\nBreathlessness\n\nPersistent cough\n\nJoint pain\n\nMuscle aches\n\nChest pain\n\nHearing and eyesight problems\n\nHeadaches\n\nLoss of smell and taste\n\nDamage to the heart, lungs, kidneys and gut\n\nDepression\n\nAnxiety\n\nStruggling to think clearly\n\nNot directly related to severity of acute phase\n\nSome cases may be related to pneumonia\n\n\n\nSymptom Duration and Risk Factors for Delayed Return to Usual Health Among Outpatients with COVID-19\n\nhttps://pubmed.ncbi.nlm.nih.gov/32730238/\n\nUS CDC\n\nRandom sample of 292 adults who had tested positive\n\n35% of 274 symptomatic respondents, not returned to usual health 14 \u2013 16 days after testing\n\n18 \u2013 34 year olds\n\nN = 85, 26%. (74% returned to normal)\n\n35-49 years\n\nN = 96, 32% (68% returned to normal)\n\n50 and older\n\nN = 89, 47% (53% returned to normal)\n\nPost\u2013intensive care syndrome\n\n6 \u2013 12 months, cognitive, mental health, physical function\n\nPersistent Symptoms in Patients After Acute COVID-19 (JAMA, July 2020, Rome)\n\nhttps://jamanetwork.com/journals/jama/fullarticle/2768351\n\n143 patients discharged from the hospital\n\n18 patients (12.6%) were completely free of any COVID-19\u2013related symptoms after a mean of 60 days\n\nTherefore 87.4 not returned to full normal\n\nManifestations\n\nNone of the patients had fever or any signs or symptoms of acute illness\n\nWorsened quality of life, 44.1% \n\nPathogenesis\n\nDirect tissue invasion by the virus\n\nThe virus cleares from most of the body, but lingers in some small pockets\n \nIf there's long-term diarrhoea then you find the virus in the gut, if there's loss of smell it is in the nerves - so that could be what's causing the problem (Tim Spector) \n\nMetabolic effects\n\nNew-Onset Diabetes in Covid-19\n\nhttps://www.nejm.org/doi/full/10.1056/NEJMc2018688\n\nCOVID induced diabetes\n\nProfound inflammation and cytokine storm\n\nImmune system does not return to normal\n\nhttps://www.immunology.org/sites/default/files/BSI_Briefing_Note_August_2020_FINAL.pdf\n\nOngoing immunological effects\n\nOrgan damage\n\nSeen in MERS and SARS\n\nhttps://www.medicaljournals.se/jrm/content/abstract/10.2340/16501977-2694\n\nLung function abnormalities\n\nPsychological impairment \n\nReduced exercise capacity\n\nBrain alterations\n\nCerebral Micro-Structural Changes in COVID-19 Patients.  An MRI-based 3-month Follow-up Study \n\nhttps://www.thelancet.com/journals/eclinm/article/PIIS2589-5370(20)30228-5/fulltext\n\nHypercoagulable state\n\nBlood vessel damage\n\nhttps://www.bbc.co.uk/news/health-54296223\n\nPossible inflammation of coronary arteries\n\n\nThe Post-hospitalisation COVID-19 study (PHOSP-COVID)\n\nhttps://www.phosp.org\n\nhttps://www.youtube.com/watch?v=IiOpm_UAjgI&feature=emb_logo\n\nMRC study under Professor Chris Brightling\n\nFollowing up 10, 000 people post COVID\n\nDevelop trials of new strategies for clinical care", "link": "https://www.youtube.com/watch?v=H7-pLxvf9dk", "date_published": "2020-10-09 00:00:00+00:00", "persistent": false, "user": null, "language": "en-US"}, {"source": "https://www.youtube.com/feeds/videos.xml?channel_id=UCF9IOB2TExg3QIBupFtBDxg", "title": "A new symptom and more argument", "description": "Delirium, a new clinical feature (5th October)\n\nhttps://covid.joinzoe.com/post/delirium-covid-older-people\n\nhttps://academic.oup.com/ageing/advance-article/doi/10.1093/ageing/afaa223/5912424?searchresult=1\n\nA key sign in frail, older people\n\nN = 322 patients admitted to hospital\n\nN = 535 users of the COVID Symptom Study app who tested positive\n\nA state of acute confusion\n\nAssociated with a higher risk of serious illness and death\n\nBe aware of delirium as a possible early warning sign in the elderly\n\nDelirium, tiredness, breathlessness, more common in frailer people\n\nA third experiencing delirium lacked \u2018classic\u2019 COVID-19 symptoms of cough and fever\n\nFor 18.9 % delirium was the only symptom\n\nDr Rose Penfold\n\nWatch out for any changes in mental state in elderly people\n\nConfusion or strange behaviour\n\nCould be an early sign of coronavirus infection\n\nPut in place infection control measures such as isolation\n\nIncreased hygiene and personal protective equipment\n\nLog health reports on behalf of friends and family who aren\u2019t able to access the app\n\nSignificantly increased the number of older people in the study\n\nUS\n\nAntibody therapy free for all\n\nWisconsin, field hospital opens\n\nPopulation, 5.8 million\n\nU.S. Army Corps of Engineers, 530-bed, April\n\nhttps://www.fox6now.com/news/gov-evers-activates-field-hospital-as-covid-19-keeps-surging\n\nState fairgrounds near Milwaukee\n\nSurge in cases threatens to overwhelm hospitals\n\nGov. Tony Evers\n\nThis alternative care facility will take some of the pressure off our healthcare facilities\n\n16% of the state's 11,452 hospital beds were available as of Tuesday\n\nHospitalized COVID-19 patients, 853, (216)\n\nLow-level care\n\nNo visitors\n\nStaffed by volunteers, state workers, National Guard\n\nPatients will not be allowed to have visitors.\n\nCauses\n\nReopening of colleges and K-12 schools\n\nCoronavirus fatigue, masks, socially distancing\n\n? alternative reasons\n\n2,472 cases per 100,000 over past 7 days\n\nFlorida,   3,340\nNorth Dakota, 3,270\nSouth Dakota, 2,879\nTennessee,  3,034\nAlabama,  3,283\nMississippi,  3,405\n\nCurrent cases\n\nhttps://covid.cdc.gov/covid-data-tracker/#trends_dailytrends\n\nHospital data\n\nhttps://gis.cdc.gov/grasp/COVIDNet/COVID19_3.html", "link": "https://www.youtube.com/watch?v=r0RtXqSPnis", "date_published": "2020-10-08 00:00:00+00:00", "persistent": false, "user": null, "language": "en-US"}, {"source": "https://www.youtube.com/feeds/videos.xml?channel_id=UCF9IOB2TExg3QIBupFtBDxg", "title": "Arguments, Great Barrington Declaration", "description": "Great Barrington Declaration\n\nhttps://gbdeclaration.org\n\nBerkshire County, Massachusetts\n\nGrave concerns \n\nDamaging physical and mental health impacts of prevailing policies\n\nRecommend Focused Protection \n\nCurrent lockdown policies are producing devastating effects on short and long-term public health\n\nLower childhood vaccination rates\n\nWorsening cardiovascular disease outcomes\n\nFewer cancer screenings\n\nDeteriorating mental health\n\nLeading to greater excess mortality in years to come\n\nWorking class and younger members of society carrying the heaviest burden\n\nKeeping students out of school is a grave injustice\n\nIrreparable damage\n\nUnderprivileged disproportionately harmed\n\nVulnerability to death from COVID-19 is more than a thousand-fold higher in the old and infirm than the young\n\nFor children, COVID-19 is less dangerous than influenza \n\nAs immunity builds in the population\n\nRisk of infection to all falls\n\nAll populations will eventually reach herd immunity\n\nThe point at which the rate of new infections is stable\n\nThis can be assisted by (but is not dependent upon) a vaccine\n\nOur goal, minimize mortality and social harm until we reach herd immunity\n\nAllow those who are at minimal risk of death to live their lives normally\n\nBuild up immunity to the virus through natural infection\n\nWhile better protecting those who are at highest risk\n\nWe call this Focused Protection \n\nFor example\n\nNursing homes should use staff with acquired immunity\n\nFrequent PCR testing of other staff and all visitors\n\nStaff rotation should be minimized\n\nRetired people living at home should have groceries and other essentials delivered to their home\n\nMeet family members outside rather than inside\n\nA comprehensive and detailed list of measures, is well within the scope and capability of public health professionals\n\nThose who are not vulnerable should immediately be allowed to resume life as normal\n\nSimple hygiene measures, and staying home when sick to reduce the herd immunity threshold\n\nSchools and universities should be open for in-person teaching\n\nExtracurricular activities, such as sports, should be resumed\n\nYoung low-risk adults should work normally, rather than from home\n\nRestaurants and other businesses should open\n\nArts, music, sport and other cultural activities should resume\n\nPeople who are more at risk may participate if they wish", "link": "https://www.youtube.com/watch?v=9lSmSWx6kjA", "date_published": "2020-10-08 00:00:00+00:00", "persistent": false, "user": null, "language": "en-US"}]