[{"source": "https://www.youtube.com/feeds/videos.xml?channel_id=UCSiPjfAJBgbFlIUsxOWpK0w", "title": "Blue + Around the World MASHUP | Daft Punk | Pomplamoose", "description": "All of our Daft Punk covers are now on one Daft Pomp album. Also there is vinyl. It\u2019s very exciting. Get your limited edition \ud83d\ude0e vinyl at http://pomplamoose.com\n\n Gardenview out now, listen on Spotify (https://sptfy.com/gardenview) or wherever you listen to music.\n\n A mashup of Eiffel 65's \"Blue (Da Ba Dee)\" and Daft Punk's \"Around the World\"\n\nSave this song on Spotify: https://spoti.fi/2r3Yqkh\nFollow us on instagram: https://instagram.com/pomplamoosemusic\nBecome a patron of our music (to vote on the songs we cover and get merch and stuff like that): http://www.patreon.com/pomplamoose\n\nCREDITS\n\nLead Vocals: Nataly Dawn\nKeys: Jack Conte\nGuitar: Ryan Lerman \nBass: Nick Campbell\nDrums: Tamir Barzilay\nBackground vocals: Loren Battley\nEngineer: Tim Sonnefeld \nAssistant Engineer: Tyler Karmen\nMixing/Mastering: Yianni AP\nProducer: Ben Rose\nVideo Director: George Sloan\nDP: Ricky Chavez\nCamera Operators: Ricky Chavez, Merlin Showalter & Sammy Rothman\nVideo Editor: Dominic Mercurio\n\nRecorded at 64 Sound in Los Angeles.", "link": "https://www.youtube.com/watch?v=1xdA6IJW8hQ", "date_published": "2020-10-08 00:00:00+00:00", "persistent": false, "user": null, "language": "en-US"}]