[{"source": "https://www.youtube.com/feeds/videos.xml?channel_id=UCnxGkOGNMqQEUMvroOWps6Q", "title": "Colin Quinn Remembers Tough Crowd", "description": "#1547 w/Colin Quinn:\nhttps://open.spotify.com/episode/11JDrGSsaOIczYZhWUTsNh", "link": "https://www.youtube.com/watch?v=SYSESexbI3A", "date_published": "2020-10-08 00:00:00+00:00", "persistent": false, "user": null, "language": "en-US"}, {"source": "https://www.youtube.com/feeds/videos.xml?channel_id=UCnxGkOGNMqQEUMvroOWps6Q", "title": "Colin Quinn on Why Post Lockdown NYC is Not Like NYC in the 80's", "description": "#1547 w/Colin Quinn:\nhttps://open.spotify.com/episode/11JDrGSsaOIczYZhWUTsNh", "link": "https://www.youtube.com/watch?v=cSYxu6wE5jE", "date_published": "2020-10-08 00:00:00+00:00", "persistent": false, "user": null, "language": "en-US"}, {"source": "https://www.youtube.com/feeds/videos.xml?channel_id=UCnxGkOGNMqQEUMvroOWps6Q", "title": "Colin Quinn's Odd Encounter with Bill Cosby", "description": "#1547 w/Colin Quinn:\nhttps://open.spotify.com/episode/11JDrGSsaOIczYZhWUTsNh", "link": "https://www.youtube.com/watch?v=EmxFDvxO07g", "date_published": "2020-10-08 00:00:00+00:00", "persistent": false, "user": null, "language": "en-US"}]