[{"source": "https://www.youtube.com/feeds/videos.xml?channel_id=UCyl5V3-J_Bsy3x-EBCJwepg", "title": "Get Dead Soon/Fact Checks/Bee Kid Pitches News Show 10.9.2020", "description": "Today on The Babylon Bee Podcast, Kyle and Ethan talk about the week\u2019s biggest stories like Democrats hoping Trump \u201cgets dead soon\u201d after coming down with coronavirus, USA Today keeping the internet safe from satire, and Bee kids sending The Babylon Bee their best headline pitches. \n\nKyle and Ethan also talk about murderous witches, Satanic billboards, and fat bears and get a chance to speak with filmmaker Matt Chastain about his new movie Small Group.\n\nSubscribe on iTunes: https://podcasts.apple.com/us/podcast/the-babylon-bee/id1468715531\n\nGain Access to the Exclusive Content and Writing Forum: https://babylonbee.com/plans\n\nThe Official Babylon Bee Store: https://shop.babylonbee.com\n\nFollow The Babylon Bee:\nWebsite: https://babylonbee.com\nTwitter: http://twitter.com/thebabylonbee\nFacebook: http://facebook.com/thebabylonbee\nInstagram: http://instagram.com/thebabylonbee", "link": "https://www.youtube.com/watch?v=-rodN2LSSVw", "date_published": "2020-10-09 00:00:00+00:00", "persistent": false, "user": null, "language": "en-US"}, {"source": "https://www.youtube.com/feeds/videos.xml?channel_id=UCyl5V3-J_Bsy3x-EBCJwepg", "title": "Kevin Sorbo Talks About An Inappropriate Looking Prop On Andromeda", "description": "Kevin Sorbo tells a story about bad Hollywood props on the set of Andromeda. Before Kevin Sorbo was exiled from Hollywood sets he was able to get a full view of all the craziness that is Hollywood.\u00a0\n\nCheck out the full episode in all its craziness \u25b6\ufe0f \nhttps://www.youtube.com/watch?v=xEAMkTq3eH4\n\nSubscribe to the Babylon Bee to gaze upon the world on fire with a smile on your face.\u00a0\n\nHit the bell to get our content before the haters do.", "link": "https://www.youtube.com/watch?v=b1YlKsq0oN0", "date_published": "2020-10-08 00:00:00+00:00", "persistent": false, "user": null, "language": "en-US"}, {"source": "https://www.youtube.com/feeds/videos.xml?channel_id=UCyl5V3-J_Bsy3x-EBCJwepg", "title": "What Does Kevin Sorbo Really Feel About Antifa And Wearing Masks?", "description": "Kevin Sorbo talks about why this is not the new normal. Come hear the tough questions he wants to ask Antifa members, his feelings about masks, and a new movie that Kevin Sorbo Directed and starred in.\u00a0\n\nSee the whole episode in all its greatness:\u00a0\nhttps://www.youtube.com/watch?v=xEAMkTq3eH4\n\nSubscribe to the Babylon Bee to hear the life of a conservative Christian in Hollywood\n\nHit the bell to get all the content before it gets censored.", "link": "https://www.youtube.com/watch?v=9rrnrZEC1oA", "date_published": "2020-10-08 00:00:00+00:00", "persistent": false, "user": null, "language": "en-US"}]