[{"source": "https://www.youtube.com/feeds/videos.xml?channel_id=UC1gVCrX5uEFc0s_8TIYGqmw", "title": "Scarlet Street (1945) Full Movie - [ Color - 4K ] - Old footage restoration with Machine Learning", "description": "When a man in mid-life crisis befriends a young woman, her venal fianc\u00e9 persuades her to con him out of the fortune they mistakenly assume he possesses.\n\nDirector: Fritz Lang\nStars: Edward G. Robinson, Joan Bennett, Dan Duryea\n\nIMDB:\n\ud83d\udd17 https://www.imdb.com/title/tt0038057/\n\nOriginal video was processed with Deep Learning algorithms to achieve modern look and quality. Here is the process:\n\n1. Footage stabilization and noise/dust/scratches removal with After Effects and Neat Video \u2714\ufe0f\n\ud83d\udd17 https://www.neatvideo.com/?linkID=p7845\n2. Restoration with DeepRemaster, removing scratches and film damage \u2714\ufe0f\n\ud83d\udd17 https://github.com/satoshiiizuka/siggraphasia2019_remastering\n3. Frame interpolation to get smooth look using DAIN method. Result is 60 FPS video \u2714\ufe0f\n\ud83d\udd17 https://github.com/baowenbo/DAIN\n4. Colorization using DeOldify with NoGAN. Colors are not accurate, only for ambient mood \u2714\ufe0f\n\ud83d\udd17 https://github.com/jantic/DeOldify\n5. Upscaling using Topaz Video Enhance AI, upscale preserving detail and reducing noise \u2714\ufe0f\n\ud83d\udd17 https://topazlabs.com/video-enhance-ai/ref/755/\n\u2b50\u2b50\u2b50 15% DISCOUNT CODE: oldendays15\n6. Automation with Python scripts and AWS Thinkbox Deadline as queue manager \u2714\ufe0f\n\ud83d\udd17 https://www.awsthinkbox.com/deadline\n7. RTX 2070 Super 8GB, 32GB RAM, Ryzen 9 3900X 12-core. Approx 48hrs/10min video processing.\n\n\ud83c\udfb5 Intro Music:\nTimelapse by boomopera\nhttps://1.envato.market/om6ao\n\nSocial Media:\nhttps://www.facebook.com/oldendayschannel\nhttps://www.twitter.com/OldenDaysYT\nhttps://www.instagram.com/oldendayschannel\nhttps://www.pinterest.ca/OldenDaysYT/old-footage-restoration\nhttps://www.patreon.com/oldendays\n\n#deoldify #colorize #upscale #topazlabs #veai #dain #60fps #4k", "link": "https://www.youtube.com/watch?v=72koIWWz5r8", "date_published": "2020-10-09 00:00:00+00:00", "persistent": false, "user": null, "language": "en-US"}, {"source": "https://www.youtube.com/feeds/videos.xml?channel_id=UC1gVCrX5uEFc0s_8TIYGqmw", "title": "Snowball Fight in Lyon, France 1896 - [ 60 FPS - Color - 4K ] - Old footage restoration with AI", "description": "Wintertime in Lyon. About a dozen people, men and women, are having a snowball fight in the middle of a tree-lined street. The cyclist coming along the road becomes the target of opportunity. He falls off his bicycle. He's not hurt, but he rides back the way he came, as the fight continues. Uh-oh. He forgot his cap in the snow.\n\nDirector: Louis Lumi\u00e8re\n\nIMDB:\n\ud83d\udd17 https://www.imdb.com/title/tt0000041/\n\nOriginal video was processed with Deep Learning algorithms to achieve modern look and quality. Here is the process:\n\n1. Footage stabilization and noise/dust/scratches removal with After Effects and Neat Video \u2714\ufe0f\n\ud83d\udd17 https://www.neatvideo.com/?linkID=p7845\n2. Restoration with DeepRemaster, removing scratches and film damage \u2714\ufe0f\n\ud83d\udd17 https://github.com/satoshiiizuka/siggraphasia2019_remastering\n3. Frame interpolation to get smooth look using DAIN method. Result is 60 FPS video \u2714\ufe0f\n\ud83d\udd17 https://github.com/baowenbo/DAIN\n4. Colorization using DeOldify with NoGAN. Colors are not accurate, only for ambient mood \u2714\ufe0f\n\ud83d\udd17 https://github.com/jantic/DeOldify\n5. Upscaling using Topaz Video Enhance AI, upscale preserving detail and reducing noise \u2714\ufe0f\n\ud83d\udd17 https://topazlabs.com/video-enhance-ai/ref/755/\n\u2b50\u2b50\u2b50 15% DISCOUNT CODE: oldendays15\n6. Automation with Python scripts and AWS Thinkbox Deadline as queue manager \u2714\ufe0f\n\ud83d\udd17 https://www.awsthinkbox.com/deadline\n7. RTX 2070 Super 8GB, 32GB RAM, Ryzen 9 3900X 12-core. Approx 48hrs/10min video processing.\n\n\ud83c\udfb5 Intro Music:\nTimelapse by boomopera\nhttps://1.envato.market/om6ao\n\nSocial Media:\nhttps://www.facebook.com/oldendayschannel\nhttps://www.twitter.com/OldenDaysYT\nhttps://www.instagram.com/oldendayschannel\nhttps://www.pinterest.ca/OldenDaysYT/old-footage-restoration\nhttps://www.patreon.com/oldendays\n\n#deoldify #colorize #upscale #topazlabs #veai #dain #60fps #4k", "link": "https://www.youtube.com/watch?v=AjToVdbPxbw", "date_published": "2020-10-09 00:00:00+00:00", "persistent": false, "user": null, "language": "en-US"}]