[{"source": "https://www.youtube.com/feeds/videos.xml?channel_id=UCXuqSBlHAE6Xw-yeJA0Tunw", "title": "Intel's Giant Leak... - WAN Show August 7, 2020", "description": "** Video starts at 5:16. There doesn't seem to be any way to edit the first few minutes out of this due to some changes YouTube made to the live streaming system... Also can't enable monetization. Weird - LS **\n\nGet the KernelCare & Extended Lifecycle Support* for CentOS\u00ae 6 Bundle today at https://lp.kernelcare.com/bundle-wan\n\nHoney automatically applies the best coupon codes to save you money at \ndifferent online checkouts, try it now at https://www.joinhoney.com/linus\n\nVisit https://www.squarespace.com/WAN and use offer code WAN for 10% off\n\nCheck out Carpool Critics, our new movie podcast: https://www.youtube.com/channel/UCt-oJR5teQIjOAxCmIQvcgA\n\nPodcast Download: https://dts.podtrac.com/redirect.mp3/traffic.libsyn.com/secure/linustechtips/Intels_Giant_Leak..._-_WAN_Show_August_7_2020.mp3\n\nTimestamps: (courtesy of Michael O'Brien)\n\n00:00:00 - Stream Start!\n00:00:04 - WOOOOOOO BOY! WELCOME!\n 00:00:12 - Topic #1: Floatplane v App Store (Jump to 00:02:06)\n 00:00:35 - Topic #2: Intel Leak (Jump to 00:13:06)\n 00:01:10 - Topic #3: TikTok & WeChat (Jump to 00:37:05)\n 00:01:18 - Topic #4: Get Unpacked (Jump to 00:50:27)\n00:01:37 - Roll the Intro\n00:02:06 - Topic #1: Floatplane on iOS\n 00:02:40 - Relevancy of topic\n 00:04:12 - \"Great User Experience\"\n 00:06:08 - How Floatplane is impacted\n 00:08:16 - Additional restrictions from Apple\n 00:10:28 - Apple's hypocrisy\n00:13:06 - Topic #2.1: Intel's 20GB of IP (not of the v4 or v6 variety)\n 00:14:27 - Backdoor in firmware?\n 00:14:37 - Password practices are the best!\n 00:15:09 - How it was found & where it was\n 00:17:01 - Initial meta overview of why it was offsite\n 00:18:53 - TRAINING VIDEOS!\n00:18:57 - Meme opportunity #1\n00:19:38 - Topic #2.2: Nintendo tie-in\n 00:20:46 - Weird Yoshi\n 00:22:23 - Overview of the Nintendo leak\n 00:23:35 - LTT Confessions\n 0:26:33 - And this is when Luke gets hatemail\n00:27:04 - Sponsors!\n 00:27:14 - SquareSpace - 10% Off - squarespace.com/wan\n 00:28:04 - Honey - joinhoney.com/linus\n00:28:44 - Technical problems!\n 00:29:08 - Cloudlinux - ELS for CentOS 6 30% off, 15% discount on KernelCare lp.kernelcare.com/bundle-wan\n00:30:31 - Happy Linus! Sebastian, not Torvalds\n00:31:57 - Dr DisRespect Streams!\n 00:32:15 - Linus is famous\n 00:32:48 - \"Too Mad PC\" Colab Details\n00:34:37 - To PC or not to PC?\n00:35:47 - lttstore.com\n00:37:05 - Topic #3: US Banning TikTok & WeChat in 45 days\n 00:38:03 - \"Poorly worded, ill prepared\"\n 00:39:46 - Getting past The Great Firewall\n 00:42:09 - Trillian nostalgia et al.\n00:44:44 - Tangent #1: Current state of notifications on Windows & Android\n 00:46:15 - Google, Listen up!\n 00:47:32 - Luke's trials & tribulations\n 00:49:41 - [Microsoft] Teams' woes\n00:50:27 - Topic #4: \"Get Unpacked\" the Samsung event\n 00:51:06 - Note 20 hot take\n 00:52:05 - Note 20 Ultra hot take\n 00:52:51 - Math!\n 00:53:39 - Galaxy Watch 3 hot take\n 00:54:20 - Galaxy Z Fold 2 hot take\n00:55:55 - Tangent #2: Buy a car or a phone?\n00:57:16 - Tangent #3: Buying a Tesla\n 00:58:38 - Tesla's delivery process\n 01:00:14 - Fanboys!\n 01:01:43 - \"Fix the roof\" analogy\n 01:02:29 - Luke's self-proclaimed Nintendo fanboy\n 01:03:51 - Today's Guest on The View, Linus Sebastian\n 01:06:33 - No apology videos!\n01:07:25 - PC Tech Support Challenge Sponsored by Intel Stream on August 8th\n 01:08:15 - #Lienus\n 01:09:25 - 3 [fixed] computer systems given away\n 01:09:57 - Stream is at 12:00 pm PDT, August 8th\n 01:10:14 - The will to prove that the other is not as good...\n01:10:50 - Meme opportunity #2\n01:11:34 - Linus' Bounty - $2500 (Watch for details)\n01:14:50 - SUPERCHATS!\n 01:16:14 - Tangent #4: Honesty\n01:17:55 - Inexperience vs Maliciousness\n01:19:13 - Linus will do anything for money\n 01:19:24 - Luke schools Linus' on technique\n01:20:07 - Loving the Gestapo\n01:22:35 - Luke's missing \"Bye\"", "link": "https://www.youtube.com/watch?v=Rs4hTm6B9QQ", "date_published": "2020-08-07 00:00:00+00:00", "persistent": false, "user": null, "language": "en-US"}, {"source": "https://www.youtube.com/feeds/videos.xml?channel_id=UCXuqSBlHAE6Xw-yeJA0Tunw", "title": "The CLEANEST Living Room Tech Setup!!", "description": "Thanks to LG for sponsoring this video! Check out the LG OLED GX 77\" TV and SN11RG Sound Bar at US - LG OLED GX 77\u201d TV https://bit.ly/311MgKz\nUS - LG SN11RG Sound Bar https://bit.ly/3jRbAM2\nCAN - LG OLED GX 77\u201d TV https://bit.ly/3jY1hFS\nCAN - LG SN11RG Sound Bar https://bit.ly/2CVh08l\n\nRemodeling an entire room is easy, right? Well, it's a bit easier when Yvonne and Linus do it together! Also, don't forget to comment below which chair should be used in the living room. Linus is counting....\n\nBuy Living Room Chairs on Amazon (PAID LINK): https://geni.us/919P   \n\nBuy Cable Management Products\nOn Amazon (PAID LINK): https://geni.us/OIvjY\nOn Newegg (PAID LINK): https://geni.us/tky6z3q\nOn B&H (PAID LINK): https://geni.us/1VLu6PH   \n\nPurchases made through some store links may provide some compensation to Linus Media Group.\n\nDiscuss on the forum: **LINK TO DISCUSSION THREAD**\n\n\nGET MERCH: http://www.LTTStore.com/\nSUPPORT US ON FLOATPLANE: https://www.floatplane.com/  \nLTX EXPO: https://www.ltxexpo.com/   \n\nAFFILIATES & REFERRALS\n---------------------------------------------------\nAffiliates, Sponsors & Referrals: https://lmg.gg/sponsors\nGet Private Internet Access VPN at https://lmg.gg/pialinus2\nGet a Mech Keyboard: https://geni.us/RecNBTI\nNerd or Die Stream Overlays & Templates: https://geni.us/s8hBAgR\nNEEDforSEAT Gaming Chairs: https://geni.us/needforseat\nGet a Displate Metal Print at https://lmg.gg/displateltt\nUse code LINUSMEDIAGROUP on Epic Games Store: https://lmg.gg/kRTpY\nGet a 30-day free trial of Amazon Prime at https://lmg.gg/8KV1v\nOur Gear on Amazon: https://geni.us/lmgamazon\n \nFOLLOW US ELSEWHERE\n---------------------------------------------------  \nTwitter: https://twitter.com/linustech\nFacebook: http://www.facebook.com/LinusTech\nInstagram: https://www.instagram.com/linustech\nTwitch: https://www.twitch.tv/linustech\n\nFOLLOW OUR OTHER CHANNELS\n---------------------------------------------------  \nTechquickie: https://lmg.gg/techquickieyt\nTechLinked: https://lmg.gg/techlinkedyt\nShortCircuit: https://lmg.gg/shortcircuityt\n\nLMG Clips: https://lmg.gg/lmgclipsyt\nChannel Super Fun: https://lmg.gg/channelsuperfunyt\nCarpool Critics: https://lmg.gg/carpoolcriticsyt\n\nMUSIC CREDIT\n---------------------------------------------------  \nTitle: Laszlo - Supernova\nVideo Link: https://www.youtube.com/watch?v=PKfxmFU3lWY\niTunes Download Link: https://itunes.apple.com/us/album/supernova/id936805712\nArtist Link: https://soundcloud.com/laszlomusic\n\nOutro Screen Music Credit: Approaching Nirvana - Sugar High http://www.youtube.com/approachingnirvana\n\nMonitor And Keyboard by vadimmihalkevich / CC BY 4.0 https://lmg.gg/fxHYK \nMechanical RGB Keyboard by BigBrotherECE / CC BY 4.0 https://lmg.gg/Q9yyQ \nMouse Gamer free Model By Oscar Creativo / CC BY 4.0 https://lmg.gg/8upii", "link": "https://www.youtube.com/watch?v=jQda7atOB6I", "date_published": "2020-08-06 00:00:00+00:00", "persistent": false, "user": null, "language": "en-US"}]