[{"source": "https://www.youtube.com/feeds/videos.xml?channel_id=UCwSv086EAByBY-Z7y-QR_cQ", "title": "Wujek braci Kurskich majstrowa\u0142 przy Linii Curzona", "description": "\ud83e\udd2a Mi\u0142o, \u017ce tutaj zajrza\u0142e\u015b.  Zapraszam do ogl\u0105dania.\n\n\u2b07\ufe0fRozwi\u0144 opis\u2b07\ufe0f\n------------------------------------------------------------\n\ud83d\udc40 Mroczne Podcasty: https://goo.gl/cdCFKe\n\ud83d\udc40 Hello World_: http://bit.ly/31BEhnv\n\ud83d\udc40 Tatusiek: http://bit.ly/3aSCheE\n------------------------------------------------------------\n\ud83d\udc40 twitter: http://bit.ly/2B6jTPd\n------------------------------------------------------------\n\ud83d\udd12 Do\u0142\u0105cz do Sp\u00f3\u0142dzielni\nhttps://discord.gg/RSEUaR3\n------------------------------------------------------------\n\u2709\ufe0f Ludzie listy pisz\u0105 \n\ud83d\udd8a\ufe0f uszi@protonmail.com\n------------------------------------------------------------\n\ud83d\udc7a niecenzuralne i agresywne komentarze zostan\u0105 usuni\u0119te.  Jak ju\u017c musisz zakl\u0105\u0107 dawaj znaki (&*%@%).\n------------------------------------------------------------\n\ud83d\udcb2 Donate/ Darowizna\nPLN / SMS / Blik: http://bit.ly/2ETKSyN\nBTC: 174EmE88YFtvs6fuM8ZL5yYbik8hcaY6ud\n---------------------------------------------------------------\n\ud83d\uddbcGrafika - wykorzystano elementy ze stron: \nwikipedia.org/Willtron\nhttps://bit.ly/33CvKDR\n---------------------------------------------------------------\n\u2705\u017ar\u00f3d\u0142a:\nhttps://bit.ly/3km6E23\nhttps://bit.ly/3gGIo8G\nhttps://bit.ly/2XEr50y\nhttps://bit.ly/31paoHm\n-------------------------------------------------------------\n\ud83d\udca1 Tagi: #historia #curzon\n--------------------------------------------------------------", "link": "https://www.youtube.com/watch?v=qVjEf3d2sqs", "date_published": "2020-08-07 00:00:00+00:00", "persistent": false, "user": null, "language": "en-US"}, {"source": "https://www.youtube.com/feeds/videos.xml?channel_id=UCwSv086EAByBY-Z7y-QR_cQ", "title": "Sp\u0142acamy roszczenia? 30 miliard\u00f3w w 5 lat? Analiza!", "description": "\ud83e\udd2a Mi\u0142o, \u017ce tutaj zajrza\u0142e\u015b.  Zapraszam do ogl\u0105dania.\n\n\u2b07\ufe0fRozwi\u0144 opis\u2b07\ufe0f\n------------------------------------------------------------\n\ud83d\udc40 Mroczne Podcasty: https://goo.gl/cdCFKe\n\ud83d\udc40 Hello World_: http://bit.ly/31BEhnv\n\ud83d\udc40 Tatusiek: http://bit.ly/3aSCheE\n------------------------------------------------------------\n\ud83d\udc40 twitter: http://bit.ly/2B6jTPd\n------------------------------------------------------------\n\ud83d\udd12 Do\u0142\u0105cz do Sp\u00f3\u0142dzielni\nhttps://discord.gg/RSEUaR3\n------------------------------------------------------------\n\u2709\ufe0f Ludzie listy pisz\u0105 \n\ud83d\udd8a\ufe0f uszi@protonmail.com\n------------------------------------------------------------\n\ud83d\udc7a niecenzuralne i agresywne komentarze zostan\u0105 usuni\u0119te.  Jak ju\u017c musisz zakl\u0105\u0107 dawaj znaki (&*%@%).\n------------------------------------------------------------\n\ud83d\udcb2 Donate/ Darowizna\nPLN / SMS / Blik: http://bit.ly/2ETKSyN\nBTC: 174EmE88YFtvs6fuM8ZL5yYbik8hcaY6ud\n---------------------------------------------------------------\n\u2705\u017ar\u00f3d\u0142a:\nhttps://bit.ly/2DK4Ui3\nhttp://bit.ly/36IivQP\nhttps://bit.ly/31nBVc8\n-------------------------------------------------------------", "link": "https://www.youtube.com/watch?v=qAsasjHbaiE", "date_published": "2020-08-06 00:00:00+00:00", "persistent": false, "user": null, "language": "en-US"}]