[{"source": "https://www.youtube.com/feeds/videos.xml?channel_id=UCRG_N2uO405WO4P3Ruef9NA", "title": "The new Huawei OS is finally coming to phones!", "description": "Sponsored by Brilliant. The first 200 people to sign up get 20% off an annual plan at https://brilliant.org/TFC \n\nThis episode on Nebula: https://watchnebula.com/videos/the-friday-checkout-the-new-huawei-os-is-finally-coming-to-phones\n\n\u25ac\u25ac\u25ac\u25ac\u25ac\u25ac\u25ac\u25ac\u25ac\u25ac\u25ac\u25ac\u25ac\u25ac\u25ac\u25ac\u25ac\u25ac\u25ac\u25ac\u25ac\u25ac\u25ac\u25ac \n\n\u25ba\u25ba\u25ba Quiz \u25c4\u25c4\u25c4 \n\nWeekly tech quiz: https://crrowd.com/quiz \n\n\u25ac\u25ac\u25ac\u25ac\u25ac\u25ac\u25ac\u25ac\u25ac\u25ac\u25ac\u25ac\u25ac\u25ac\u25ac\u25ac\u25ac\u25ac\u25ac\u25ac\u25ac\u25ac\u25ac\u25ac \n\n\u25ba\u25ba\u25ba TechAltar links \u25c4\u25c4\u25c4 \n\nMerch: \nhttps://enthusiast.store \n\n\n\nCrrowd Discord:\nhttps://discord.gg/npKQebe\n\n\nSocial media:\nhttps://twitter.com/TechAltar \nhttps://instagram.com/TechAltar \nhttps://facebook.com/TechAltar \nIf you want to support TechAltar directly: \nhttps://flattr.com/@techaltar \n\n\u25ac\u25ac\u25ac\u25ac\u25ac\u25ac\u25ac\u25ac\u25ac\u25ac\u25ac\u25ac\u25ac\u25ac\u25ac\u25ac\u25ac\u25ac\u25ac\u25ac\u25ac\u25ac\u25ac\u25ac \n\n\u25ba\u25ba\u25ba Attributions \u25c4\u25c4\u25c4 \n\nMusic by Edemski: \n\nhttps://soundcloud.com/edemski\n\n\n\u25ac\u25ac\u25ac\u25ac\u25ac\u25ac\u25ac\u25ac\u25ac\u25ac\u25ac\u25ac\u25ac\u25ac\u25ac\u25ac\u25ac\u25ac\u25ac\u25ac\u25ac\u25ac\u25ac\u25ac \n\n\u25ba\u25ba\u25ba Timestamps \u25c4\u25c4\u25c4 \n\n\n0:00 Intro\n0:56 HarmonyOS 2.0\n3:05 The App Gallery strategies\n4:52 No more screens or chips for Huawei", "link": "https://www.youtube.com/watch?v=E9yFiZHXWi4", "date_published": "2020-09-11 00:00:00+00:00", "persistent": false, "user": null, "language": "en-US"}]