[{"source": "https://www.youtube.com/feeds/videos.xml?channel_id=UCSiPjfAJBgbFlIUsxOWpK0w", "title": "Our new single: Stress Me Out", "description": "Gardenview out now, listen on Spotify (https://sptfy.com/gardenview) or wherever you listen to music.\n\n \"Stress Me Out,\" by Pomplamoose\nPre-order your copy of the new album 'Invisible People' on vinyl!! https://qrates.com/projects/20880 \nPre order ends Oct 31st! \n\nThis is the second single released from our album \"Invisible People\" coming December 2020!\n\nSave this song on Spotify: https://spoti.fi/2r3Yqkh\nFollow us on instagram: https://instagram.com/pomplamoosemusic\nBecome a patron of our music (to vote on the songs we cover and get merch and stuff like that): http://www.patreon.com/pomplamoose\n\nAn original song by Pomplamoose.\n\nLyrics for Stress Me Out:\n\nHolding it all in my body\nI\u2019m holding it all in my bones\nHolding it all in the curves of my neck\nIn these aching chromosomes\n \nI\u2019m old enough to know somebody\nOld enough to choose my home\nI\u2019m holding it all till it all falls apart\nTill I\u2019d rather be alone\n \nNo matter what you say\nI\u2019m taking painkillers all day\n \nYou stress me out\nYou stress me the fuck out\nI gotta get out\nI got to get the fuck out\nYou stress me out\nYou stress me the fuck out\nI gotta get out\nI got to get the fuck out\n \nHolding out for no good reason\nHolding your love at arm\u2019s length\nI told you I wouldn\u2019t be leaving\nBut I shouldn\u2019t have told you that\n \nNo matter what you say\nI\u2019m takin\u2019 painkillers all day\n \nYou stress me out\nYou stress me the fuck out\nI gotta get out\nI got to get the fuck out\nYou stress me out\nYou stress me the fuck out\nI gotta get out\nI got to get the fuck out\n\nI\u2019m old enough to read the writing\nAnd oh how I\u2019d love to just leave\nSo don\u2019t hold it against me when I fall apart\nCause I\u2019m at capacity\n\nNo matter what you say\nThere\u2019s just no way I\u2019m gonna stay\n\n\nCREDITS\n\nLead Vocals: Nataly Dawn\nKeys: Jack Conte\nGuitar: Brian Green \nBass: Ryan Lerman\nDrums: Rob Humphreys\nEngineers: Chris Sorem & Tim Sonnefeld\nMixing/Mastering: Jack Conte\nProducer: Jack Conte\n\nDirector: George Sloan\nCinematographer: Dawn Shim\nEditor: Dominic Mercurio\n1st Assistant Camera: Carlos Lopez\nProduction Assistant: Cecilia Bellissimo\n\nFilmed on location in Pasadena, California.", "link": "https://www.youtube.com/watch?v=N4Keb583jf0", "date_published": "2020-09-10 00:00:00+00:00", "persistent": false, "user": null, "language": "en-US"}]