[{"source": "http://rss.cnn.com/rss/edition.rss", "title": "Pelosi warning is a major blow to the UK as it considers breaking international law", "description": "Rep. Nancy Pelosi, Speaker of the United States House of Representatives, has warned that Britain will be unable to secure a trade deal with the US if it does anything to undermine the treaty that brought peace to Northern Ireland after decades of violence.", "link": "https://www.cnn.com/2020/09/10/politics/nancy-pelosi-brexit-congress-uk-gbr-intl/index.html", "date_published": "2020-09-10 23:56:14+00:00", "persistent": false, "user": null, "language": "en-US"}, {"source": "http://rss.cnn.com/rss/edition.rss", "title": "Biden laughs about Trump's 'Slow Joe' nickname", "description": "In an interview with CNN's Jake Tapper, Democratic presidential nominee Joe Biden vows to be transparent about his health if he's elected president and laughs at Trump's \"Slow Joe\" nickname.", "link": "https://www.cnn.com/videos/politics/2020/09/10/joe-biden-intv-health-trump-slow-joe-sot-tapper-lead-vpx.cnn", "date_published": "2020-09-10 21:56:35+00:00", "persistent": false, "user": null, "language": "en-US"}, {"source": "http://rss.cnn.com/rss/edition.rss", "title": "Russia's election meddling tactics have evolved since 2016, Microsoft says", "description": "Russian, Chinese and Iranian hackers have all attempted to hack people and organizations involved in the 2020 US presidential election, Microsoft said on Thursday.", "link": "https://www.cnn.com/2020/09/10/politics/microsoft-election-hacking-report/index.html", "date_published": "2020-09-10 21:51:42+00:00", "persistent": false, "user": null, "language": "en-US"}, {"source": "http://rss.cnn.com/rss/edition.rss", "title": "Biden slams Trump's revelations to Woodward", "description": "", "link": "https://www.cnn.com/2020/09/10/politics/joe-biden-interview-trump-national-security/index.html", "date_published": "2020-09-10 20:54:48+00:00", "persistent": false, "user": null, "language": "en-US"}, {"source": "http://rss.cnn.com/rss/edition.rss", "title": "Elizabeth Holmes may attempt to claim 'mental disease' in Theranos criminal case", "description": "Elizabeth Holmes, the founder and former CEO of Theranos, may seek a \"mental disease\" defense in her criminal fraud trial, according to a new court document.", "link": "https://www.cnn.com/2020/09/10/tech/theranos-holmes-mental-disease/index.html", "date_published": "2020-09-10 20:45:47+00:00", "persistent": false, "user": null, "language": "en-US"}, {"source": "http://rss.cnn.com/rss/edition.rss", "title": "One of the world's top gamers just chose Amazon over Google or Facebook", "description": "Ninja, the world's most well-known Fortnite streamer, is returning to Amazon's Twitch platform with an exclusive multi-year deal.", "link": "https://www.cnn.com/2020/09/10/tech/ninja-twitch-fortnite/index.html", "date_published": "2020-09-10 20:12:03+00:00", "persistent": false, "user": null, "language": "en-US"}, {"source": "http://rss.cnn.com/rss/edition.rss", "title": "Tens of thousands of fires are pushing the Amazon to a tipping point", "description": "Fires continue to rage at high levels through the Amazon in Brazil for the second consecutive year, raising concerns among scientists that the rainforest's destruction could eventually reach a point of no return.", "link": "https://www.cnn.com/2020/09/10/americas/brazil-amazon-fires-carlos-nobre-intl/index.html", "date_published": "2020-09-10 18:38:37+00:00", "persistent": false, "user": null, "language": "en-US"}, {"source": "http://rss.cnn.com/rss/edition.rss", "title": "Twitter sets up likely showdown with Trump", "description": "Twitter announced Thursday that it is expanding its policies against election-related misinformation, setting new rules that will likely force the platform to more aggressively fact-check President Donald Trump during the final months of the 2020 campaign.", "link": "https://www.cnn.com/2020/09/10/tech/twitter-rules-trump-misinformation-election/index.html", "date_published": "2020-09-10 18:09:27+00:00", "persistent": false, "user": null, "language": "en-US"}, {"source": "http://rss.cnn.com/rss/edition.rss", "title": "Mafia boss bites off prison guard's finger", "description": "A jailed Sicilian Mafia boss has bitten off a prison guard's finger, a spokesman for the Italian Ministry of Justice told CNN.", "link": "https://www.cnn.com/2020/09/10/europe/mafia-bites-finger-scli-intl/index.html", "date_published": "2020-09-10 18:08:31+00:00", "persistent": false, "user": null, "language": "en-US"}, {"source": "http://rss.cnn.com/rss/edition.rss", "title": "Critically endangered baby gorilla dies six days after being born at zoo", "description": "Just days after a New Orleans zoo celebrated the first gorilla to be born there in 24 years, the infant has passed away.", "link": "https://www.cnn.com/2020/09/10/us/audubon-zoo-infant-gorilla-died-trnd/index.html", "date_published": "2020-09-10 17:50:51+00:00", "persistent": false, "user": null, "language": "en-US"}, {"source": "http://rss.cnn.com/rss/edition.rss", "title": "The Motorola Razr 2: Still $1,400. Still gotta have it", "description": "Why does the Motorola Razr 2 exist? Last year's flip phone reboot \u2014 the Motorola Razr \u2014 was a bust. The new version is better, but it remains a flip phone in an age when no one makes calls, with a subpar battery, a slowish processor and a mediocre camera. And for that privilege, you get to pay $1,400.", "link": "https://www.cnn.com/2020/09/10/tech/motorola-razr-2/index.html", "date_published": "2020-09-10 15:58:32+00:00", "persistent": false, "user": null, "language": "en-US"}, {"source": "http://rss.cnn.com/rss/edition.rss", "title": "Ibiza's 40-year party could finally be over", "description": "Hundreds of sweaty clubbers are crammed onto at the Glitterbox dance floor, soaking up the grooves as one of Ibiza's biggest party nights gets into full swing.", "link": "https://www.cnn.com/travel/article/coronavirus-end-party-vacation-balearics/index.html", "date_published": "2020-09-10 11:11:35+00:00", "persistent": false, "user": null, "language": "en-US"}, {"source": "http://rss.cnn.com/rss/edition.rss", "title": "Chinese Embassy calls for investigation after envoy's Twitter account 'likes' porn", "description": "The Chinese embassy in the United Kingdom has called on Twitter to investigate after its ambassador's official account appeared to \"like\" a pornographic post.", "link": "https://www.cnn.com/2020/09/10/tech/liu-xiaoming-china-uk-twitter-porn-intl-hnk/index.html", "date_published": "2020-09-10 10:00:38+00:00", "persistent": false, "user": null, "language": "en-US"}, {"source": "http://rss.cnn.com/rss/edition.rss", "title": "US President met the great crisis of his age with ineptness, dishonesty and an epic dereliction of duty", "description": "It matters who the president is.", "link": "https://www.cnn.com/2020/09/10/politics/donald-trump-coronavirus-bob-woodward-book/index.html", "date_published": "2020-09-10 09:34:42+00:00", "persistent": false, "user": null, "language": "en-US"}, {"source": "http://rss.cnn.com/rss/edition.rss", "title": "World's wildlife populations have fallen by an average of 68% in four decades, World Wildlife Fund says", "description": "The world's wildlife populations have fallen by an average of 68% in just over four decades, with human consumption behind the devastating decline, the World Wildlife Fund warned in a new report released Wednesday.", "link": "https://www.cnn.com/2020/09/09/world/wwf-report-species-decline-climate-scn-intl-scli/index.html", "date_published": "2020-09-10 09:21:42+00:00", "persistent": false, "user": null, "language": "en-US"}, {"source": "http://rss.cnn.com/rss/edition.rss", "title": "BP invests in offshore wind to power 2 million American homes", "description": "BP is moving into offshore wind power for the first time with a $1.1 billion investment in the United States, as the company pushes into clean energy following a century of oil exploration.", "link": "https://www.cnn.com/2020/09/10/business/bp-offshore-wind-equinor/index.html", "date_published": "2020-09-10 09:05:52+00:00", "persistent": false, "user": null, "language": "en-US"}, {"source": "http://rss.cnn.com/rss/edition.rss", "title": "US to no longer limit international arrivals from certain countries to 15 airports", "description": "The United States plans to stop limiting international arrivals from certain countries to 15 airports and funneling them through enhanced screening. Instead, passengers will be advised about risks.", "link": "https://www.cnn.com/travel/article/coronavirus-international-limits/index.html", "date_published": "2020-09-10 09:00:58+00:00", "persistent": false, "user": null, "language": "en-US"}, {"source": "http://rss.cnn.com/rss/edition.rss", "title": "Can plastic-eating mealworms help solve our pollution crisis?", "description": "Can't stomach the plastic pollution that washes up on beaches, kills sea life and makes its way into the food chain? Well mealworms can -- literally.", "link": "https://www.cnn.com/2020/09/10/world/mealworms-bacteria-plastic-waste-c2e-spc-intl/index.html", "date_published": "2020-09-10 08:56:58+00:00", "persistent": false, "user": null, "language": "en-US"}, {"source": "http://rss.cnn.com/rss/edition.rss", "title": "8,000 cargo jets needed to transport Covid-19 vaccines", "description": "As global pharmaceutical companies race to complete their Covid-19 vaccine trials, the logistics that will be required to deliver them to all corners of the world are coming into focus -- and it will be a mission like no other.", "link": "https://www.cnn.com/travel/article/iata-covid-19-vaccine-cargo-747-jets/index.html", "date_published": "2020-09-10 08:54:50+00:00", "persistent": false, "user": null, "language": "en-US"}, {"source": "http://rss.cnn.com/rss/edition.rss", "title": "Sebastian Vettel will join Aston Martin Formula One team from 2021", "description": "Four-time world champion Sebastian Vettel will remain in Formula One after signing a deal with the Racing Point team, which will rebrand itself as Aston Martin from next season.", "link": "https://www.cnn.com/2020/09/10/motorsport/sebastian-vettel-signs-aston-martin-formula-one-spt-intl/index.html", "date_published": "2020-09-10 08:45:17+00:00", "persistent": false, "user": null, "language": "en-US"}, {"source": "http://rss.cnn.com/rss/edition.rss", "title": "The creature that can munch through plastic waste", "description": "Mealworms are a common food for livestock. They also happen to be able to eat several different types of plastic.", "link": "https://www.cnn.com/videos/world/2020/09/09/how-mealworms-eat-plastics-c2e-intl-lon-orig.cnn", "date_published": "2020-09-10 08:42:45+00:00", "persistent": false, "user": null, "language": "en-US"}, {"source": "http://rss.cnn.com/rss/edition.rss", "title": "Climate crisis could displace 1.2 billion people by 2050, report warns", "description": "The global climate crisis could see more than a billion people displaced from their homes in the next 30 years, as ecological disasters drive mass migrations and greater armed conflict, according to a new report released Wednesday.", "link": "https://www.cnn.com/2020/09/10/world/climate-global-displacement-report-intl-hnk-scli-scn/index.html", "date_published": "2020-09-10 08:36:28+00:00", "persistent": false, "user": null, "language": "en-US"}, {"source": "http://rss.cnn.com/rss/edition.rss", "title": "Surprises hidden in Microsoft's new Flight Simulator", "description": "We'd heard about the new Microsoft Flight Simulator's mega-realistic scenery, digitally distilled from satellite imagery. We knew the sim could recreate real-time weather conditions on the go, relayed from live climatic data feeds. Even real-world pilots say that the look and feel of the airplanes are, in so many ways, indistinguishable from the real thing.", "link": "https://www.cnn.com/travel/article/microsoft-flight-simulator-2020-tips-hacks/index.html", "date_published": "2020-09-10 08:29:54+00:00", "persistent": false, "user": null, "language": "en-US"}, {"source": "http://rss.cnn.com/rss/edition.rss", "title": "Man arrested for alleged rape of 86-year-old woman in Delhi", "description": "An Indian man has been arrested for the alleged rape of an 86-year-old woman after he approached her while she was waiting for the milkman then lured her to an isolated field, according to a senior police official.", "link": "https://www.cnn.com/2020/09/10/asia/elderly-rape-delhi-intl-hnk/index.html", "date_published": "2020-09-10 08:19:54+00:00", "persistent": false, "user": null, "language": "en-US"}, {"source": "http://rss.cnn.com/rss/edition.rss", "title": "Central Park birder who recorded viral clash with White woman turns experience into graphic novel", "description": "Christian Cooper, the Black man who filmed a White woman calling the police on him while he was bird watching in Central Park earlier this year, has written a comic book partially inspired by his experiences.", "link": "https://www.cnn.com/style/article/christian-cooper-dc-its-a-bird-style-trnd/index.html", "date_published": "2020-09-10 08:11:16+00:00", "persistent": false, "user": null, "language": "en-US"}, {"source": "http://rss.cnn.com/rss/edition.rss", "title": "Wildfires turn San Francisco Bay Area into Mars", "description": "The Bay Area in California awoke Wednesday to a scene straight out of Mars.", "link": "https://www.cnn.com/2020/09/09/weather/california-orange-skies-wildfires-photos-trnd/index.html", "date_published": "2020-09-10 06:26:55+00:00", "persistent": false, "user": null, "language": "en-US"}, {"source": "http://rss.cnn.com/rss/edition.rss", "title": "Beijing Winter Olympics 2022 should not be held in China, human rights groups say", "description": "More than 160 human rights groups around the world have signed a letter calling for the International Olympic Committee (IOC) to reverse its decision to hold the 2022 Winter Olympics in Beijing, citing allegations of widespread rights abuses by the Chinese government.", "link": "https://www.cnn.com/2020/09/10/asia/beijing-winter-olympics-rights-ioc-intl-hnk/index.html", "date_published": "2020-09-10 06:21:32+00:00", "persistent": false, "user": null, "language": "en-US"}, {"source": "http://rss.cnn.com/rss/edition.rss", "title": "California family recall harrowing escape before their home was swallowed by flames", "description": "Toby Wait and his family have prepared to flee a number of wildfires that have burned through the rugged and dry mountains of Central California. But none were as ferocious or fast-moving as what the long-time residents of Big Creek faced this week when flames overwhelmed their community, forcing them to flee in the middle of the night and reduced their home to ashes.", "link": "https://www.cnn.com/2020/09/10/us/california-family-wildfire-home-escape/index.html", "date_published": "2020-09-10 05:38:38+00:00", "persistent": false, "user": null, "language": "en-US"}, {"source": "http://rss.cnn.com/rss/edition.rss", "title": "Michael Cohen says Trump is not joking about staying in office for more than 2 terms", "description": "President Donald Trump's former attorney Michael Cohen said Wednesday evening that Trump isn't joking when he floats the notion of attempting to stay in the White House beyond two terms.", "link": "https://www.cnn.com/2020/09/10/politics/michael-cohen-trump-cnntv/index.html", "date_published": "2020-09-10 04:44:26+00:00", "persistent": false, "user": null, "language": "en-US"}, {"source": "http://rss.cnn.com/rss/edition.rss", "title": "Trump's historic dereliction of duty laid bare", "description": "", "link": "https://www.cnn.com/collections/intl-trump-0909/", "date_published": "2020-09-10 04:23:23+00:00", "persistent": false, "user": null, "language": "en-US"}, {"source": "http://rss.cnn.com/rss/edition.rss", "title": "CNN goes inside critical phase 3 trials of Russian vaccine", "description": "The third phase of clinical trials of Russia's Sputnik V vaccine has begun after the country prematurely approved the vaccine in August before completing the trials -- a move that has drawn criticism. CNN's Matthew Chance goes inside the critical final trials that would establish the vaccine for public use.", "link": "https://www.cnn.com/videos/world/2020/09/10/russia-coronavirus-covid-19-vaccine-sputnik-v-phase-three-exclusive-chance-pkg-intl-hnk-vpx.cnn", "date_published": "2020-09-10 04:03:04+00:00", "persistent": false, "user": null, "language": "en-US"}, {"source": "http://rss.cnn.com/rss/edition.rss", "title": "Her Bollywood actor boyfriend's death prompted a media firestorm. Now, she's been arrested on alleged drug offenses", "description": "A Bollywood actress has been arrested on alleged drugs offenses in the latest development of an ongoing celebrity saga that has transfixed the Indian public and dominated headlines for months.", "link": "https://www.cnn.com/2020/09/09/asia/rhea-chakraborty-bollywood-arrested-intl-hnk/index.html", "date_published": "2020-09-10 02:39:24+00:00", "persistent": false, "user": null, "language": "en-US"}, {"source": "http://rss.cnn.com/rss/edition.rss", "title": "Inside Bob Woodward's 18 interviews with Trump", "description": "Author and veteran journalist Bob Woodward conducted 18 interviews with President Donald Trump for his new book, \"Rage.\" The wide-ranging conversations are a fascinating glimpse behind the scenes.", "link": "https://www.cnn.com/2020/09/09/politics/trump-bob-woodward-interviews/index.html", "date_published": "2020-09-10 02:31:36+00:00", "persistent": false, "user": null, "language": "en-US"}, {"source": "http://rss.cnn.com/rss/edition.rss", "title": "US reveals it has revoked more than 1,000 visas to Chinese nationals deemed security risks", "description": "More than 1,000 Chinese nationals have had their visas revoked by the United States since June, under a program aimed at graduate students and researchers believed to have ties to the Chinese military.", "link": "https://www.cnn.com/2020/09/09/politics/china-us-visas-intl-hnk/index.html", "date_published": "2020-09-10 01:59:10+00:00", "persistent": false, "user": null, "language": "en-US"}, {"source": "http://rss.cnn.com/rss/edition.rss", "title": "Myanmar soldiers confess to mass murder of Rohingya Muslims in new video: rights group", "description": "Two Myanmar military deserters say they were ordered to take part in the indiscriminate mass killing and rape of Rohingya Muslims in 2017, a human rights group claims, in video confessions which correspond with individual accounts given by survivors of the alleged atrocities.", "link": "https://www.cnn.com/2020/09/09/asia/rohingya-massacre-soldier-testimony-intl-hnk/index.html", "date_published": "2020-09-10 01:36:08+00:00", "persistent": false, "user": null, "language": "en-US"}, {"source": "http://rss.cnn.com/rss/edition.rss", "title": "Internet is raving about Kamala Harris' sneaker choice", "description": "The internet falls head first for Kamala Harris' feet. CNN's Jeanne Moos reports her sneakers are a shoo-in.", "link": "https://www.cnn.com/videos/us/2020/09/09/kamala-harris-sneakers-jeanne-moos-vpx.cnn", "date_published": "2020-09-10 01:17:27+00:00", "persistent": false, "user": null, "language": "en-US"}, {"source": "http://rss.cnn.com/rss/edition.rss", "title": "201-year-old steamboat wreckage discovered by diver", "description": "Diver Gary Lefebvre was exploring Lake Champlain in Vermont when he spotted wreckage belonging to the steamboat Phoenix, which infamously caught fire and sank in 1819.", "link": "https://www.cnn.com/videos/us/2020/09/10/lake-vermont-us-steamboat-wreck-eg-orig.cnn", "date_published": "2020-09-10 01:14:11+00:00", "persistent": false, "user": null, "language": "en-US"}, {"source": "http://rss.cnn.com/rss/edition.rss", "title": "Trump appointees told officials to alter intel to match Trump claims: whistleblower", "description": "A whistleblower is alleging that top political appointees in the Department of Homeland Security repeatedly instructed career officials to modify intelligence assessments to suit President Donald Trump's agenda by downplaying Russia's efforts to interfere in the US and the threat posed by White supremacists, according to documents reviewed by CNN and a source familiar with the situation.", "link": "https://www.cnn.com/2020/09/09/politics/dhs-whistleblower-white-supremacist-threat/index.html", "date_published": "2020-09-10 01:02:12+00:00", "persistent": false, "user": null, "language": "en-US"}, {"source": "http://rss.cnn.com/rss/edition.rss", "title": "Maserati unveils first supercar in 15 years, with engine similar to F1 cars", "description": "Maserati unveiled its first supercar in 15 years Wednesday. With a body made largely from lightweight carbon fiber and aluminum, the new MC20 can hit a top speed of 202 miles an hour and go from 0 to 60 in under three seconds.", "link": "https://www.cnn.com/2020/09/09/success/maserati-mc20-supercar/index.html", "date_published": "2020-09-10 00:53:30+00:00", "persistent": false, "user": null, "language": "en-US"}]