[{"source": "https://www.youtube.com/feeds/videos.xml?channel_id=UCyl5V3-J_Bsy3x-EBCJwepg", "title": "Anonymous Sources/Demon Bread/Weird Christian Videos News Show 9.11.2020", "description": "In this episode of The Babylon Bee Podcast, Kyle and Ethan talk about the week\u2019s biggest stories like California\u2019s progressive green energy grid leading the nation in brownouts, anonymous sources totally confirming that Trump punched a baby, and a man blowing up his house in an attempt to swat a fly. Kyle and Ethan also dig into the video archives to find really weird videos from Christian music and educational programming to talk about how weird they are. For example, why is that loaf of bread talking to us?\n\nSubscribe on iTunes: https://podcasts.apple.com/us/podcast/the-babylon-bee/id1468715531\n\nGain Access to the Exclusive Content and Writing Forum: https://babylonbee.com/plans\n\nThe Official Babylon Bee Store: https://shop.babylonbee.com\n\nFollow The Babylon Bee:\nWebsite: https://babylonbee.com\nTwitter: http://twitter.com/thebabylonbee\nFacebook: http://facebook.com/thebabylonbee\nInstagram: http://instagram.com/thebabylonbee", "link": "https://www.youtube.com/watch?v=lnKHkvBLuOc", "date_published": "2020-09-11 00:00:00+00:00", "persistent": false, "user": null, "language": "en-US"}, {"source": "https://www.youtube.com/feeds/videos.xml?channel_id=UCyl5V3-J_Bsy3x-EBCJwepg", "title": "Trump Punched A Baby, California Black Outs, And Squirrels \u2014 The BNN Week In Review 9-11-2020", "description": "This is your BNN week in review. \n\nDid Trump punch a baby? According to anonymous sources he did. What's going on with California black outs? Also, scientists say the squirrels are up to something. Babylon Newsroom Journalists Guy Curtis, Samantha Kurlock, and Stuart Stringer report. \n\nThese updates and more in our latest video.", "link": "https://www.youtube.com/watch?v=H1c69r4xg_0", "date_published": "2020-09-11 00:00:00+00:00", "persistent": false, "user": null, "language": "en-US"}, {"source": "https://www.youtube.com/feeds/videos.xml?channel_id=UCyl5V3-J_Bsy3x-EBCJwepg", "title": "Bible Causes A Scene On Nude Beach", "description": "A.L. Van Den Herik joins Kyle and Ethan to discuss how Christians come to faith. Is it through reasoned arguments alone or something else?\n\nFULL \u25b6\ufe0f  https://youtu.be/-bihkoHXEjw", "link": "https://www.youtube.com/watch?v=EboB5gbA3_U", "date_published": "2020-09-10 00:00:00+00:00", "persistent": false, "user": null, "language": "en-US"}]