[{"source": "https://www.youtube.com/feeds/videos.xml?channel_id=UCw--xPGVVxYzRsWyV1nFqgg", "title": "MASSIVE Cosmere News\u26c8\ufe0f Wheel of Time To Resume Filming\ud83c\udfac Cyberpunk 2077 Delayed AGAIN - FANTASY NEWS", "description": "Merch: https://teespring.com/stores/fantasy-news-2\nPatreon: https://www.patreon.com/DanielBGreene\nAmazon: https://www.amazon.com/shop/danielgreene\nDiscord Server: https://discord.gg/xUzhVv4\nTwitter: https://twitter.com/DanielBGreene?lang=en\nTwitch: https://www.twitch.tv/fantasynews\nInstagram: https://www.instagram.com/dgreene101/\nGoodReads: https://www.goodreads.com/user/show/82239739-daniel-greene\nSubreddit: https://www.reddit.com/r/danielgreene\n\nNEWS: \n\n#Cyberpunk2077 Delay: https://twitter.com/CyberpunkGame/status/1273647385294626816/photo/1\n\nThe Halloween Tree: https://deadline.com/2020/06/warner-bros-ray-bradbury-the-halloween-tree-will-dunn-adapting-1202962588/\n\nStar Trek animated show: https://ew.com/tv/star-trek-lower-decks-next-generation/?utm_campaign=entertainmentweekly_entertainmentweekly&utm_content=new&utm_medium=social&utm_source=twitter.com&utm_term=5eeb89a4b353e80001153178\n\nFirst Look Zach #SnyderCut: https://twitter.com/UberKryptonian/status/1273643095289204736\n\nSleeping Beauties: https://ew.com/books/sleeping-beauties-comic-preview-stephen-king-owen-king/?utm_campaign=entertainmentweekly_entertainmentweekly&utm_content=new&utm_medium=social&utm_source=twitter.com&utm_term=5eeb7decb353e8000115313a\n\nCursed Trailer: https://www.youtube.com/watch?v=6XelS6fQbuo\n\nSuperhero scripted podcasts: https://variety.com/2020/digital/news/spotify-warner-bros-dc-superheroes-podcasts-1234641401/\n\nDoom Patrol season 2: https://www.youtube.com/watch?v=I6Fl_Kz-jw8\n\n4k Star Wars showing: https://variety.com/2020/film/global/disney-to-release-4k-version-of-star-wars-the-empire-strikes-back-to-boost-u-k-cinemas-exclusive-1234637839/\n\nDark One Interview: https://www.comicsbeat.com/interview-creators-dark-one-brandon-sandersons/\n\nFractalverse: https://twitter.com/paolini/status/1273346533677768704\n\nAvengers Game: https://twitter.com/culturecrave/status/1272970394949976064?s=12\n\nWheel Of Time Resumes Filming: https://www.praguereporter.com/home/2020/6/16/the-wheel-of-time-carnival-row-to-resume-prague-shoots-in-late-julyearly-august\n\nWay Of Kings Kickstarter: https://www.kickstarter.com/projects/dragonsteel/the-way-of-kings-10th-anniversary-leatherbound-edition\n\n\nfantasy news,cyberpunk 2077,daniel greene,fractalverse,wheel of time,dc comics,star trek,fantasy books, stormlight archive, mistborn, way of kings, Brandon Sanderson,", "link": "https://www.youtube.com/watch?v=6SaxeiBphco", "date_published": "2020-06-19 00:00:00+00:00", "persistent": false, "user": null, "language": "en-US"}, {"source": "https://www.youtube.com/feeds/videos.xml?channel_id=UCw--xPGVVxYzRsWyV1nFqgg", "title": "The Themes of HARD Scifi! (Advice)", "description": "My take on three lenses that help me read and interpret science fiction stories. \nArt Provided By: https://www.instagram.com/yoichi.art/\n\nMerch: https://teespring.com/stores/fantasy-news-2\nPatreon: https://www.patreon.com/DanielBGreene\nAmazon: https://www.amazon.com/shop/danielgreene\nDiscord Server: https://discord.gg/xUzhVv4\nTwitter: https://twitter.com/DanielBGreene?lang=en\nTwitch: https://www.twitch.tv/fantasynews\nInstagram: https://www.instagram.com/dgreene101/\nGoodReads: https://www.goodreads.com/user/show/82239739-daniel-greene\nSubreddit: https://www.reddit.com/r/danielgreene", "link": "https://www.youtube.com/watch?v=T0yGW8lgKtY", "date_published": "2020-06-18 00:00:00+00:00", "persistent": false, "user": null, "language": "en-US"}]