[{"source": "https://www.youtube.com/feeds/videos.xml?channel_id=UCwSv086EAByBY-Z7y-QR_cQ", "title": "Projekt z bud\u017cetu Muzeum Auschwitz. Wykonawcami dyrektor i kolega!", "description": "\ud83e\udd2a Mi\u0142o, \u017ce tutaj zajrza\u0142e\u015b.  Zapraszam do ogl\u0105dania.\n\n\u2b07\ufe0fRozwi\u0144 opis\u2b07\ufe0f\n------------------------------------------------------------\n\ud83d\udc40 Mroczne Podcasty: https://goo.gl/cdCFKe\n\ud83d\udc40 Hello World_: http://bit.ly/31BEhnv\n\ud83d\udc40 Tatusiek: http://bit.ly/3aSCheE\n------------------------------------------------------------\n\ud83d\udc40 twitter: http://bit.ly/2B6jTPd\n------------------------------------------------------------\n\ud83d\udd12 Do\u0142\u0105cz do Sp\u00f3\u0142dzielni\nhttps://discord.gg/RSEUaR3\n------------------------------------------------------------\n\u2709\ufe0f Ludzie listy pisz\u0105 \n\ud83d\udd8a\ufe0f uszi@protonmail.com\n------------------------------------------------------------\n\ud83d\udc7a niecenzuralne i agresywne komentarze zostan\u0105 usuni\u0119te.  Jak ju\u017c musisz zakl\u0105\u0107 dawaj znaki (&*%@%).\n------------------------------------------------------------\n\ud83d\udcb2 Donate/ Darowizna\nPLN / SMS / Blik: http://bit.ly/2ETKSyN\nBTC: 174EmE88YFtvs6fuM8ZL5yYbik8hcaY6ud\n---------------------------------------------------------------\n\u2705\u017ar\u00f3d\u0142a:\nhttps://bit.ly/2YPkqjz\nhttp://bit.ly/2AgPIoj\n---------------------------------------------------------------\n\ud83d\uddbcGrafika - wykorzystano elementy ze strony: \nwikipedia / Pawe\u0142 Sawicki\nhttps://bit.ly/3ddWprU\n-------------------------------------------------------------\n\ud83d\udca1 Tagi: #Cywi\u0144ski\n--------------------------------------------------------------", "link": "https://www.youtube.com/watch?v=iyjlRkrLts8", "date_published": "2020-06-19 00:00:00+00:00", "persistent": false, "user": null, "language": "en-US"}, {"source": "https://www.youtube.com/feeds/videos.xml?channel_id=UCwSv086EAByBY-Z7y-QR_cQ", "title": "Spot wyborczy do k\u00f3rego nie przyznaje si\u0119 \u017caden komitet!", "description": "\ud83e\udd2a Mi\u0142o, \u017ce tutaj zajrza\u0142e\u015b.  Zapraszam do ogl\u0105dania.\n\n\u2b07\ufe0fRozwi\u0144 opis\u2b07\ufe0f\n------------------------------------------------------------\n\ud83d\udc40 Mroczne Podcasty: https://goo.gl/cdCFKe\n\ud83d\udc40 Hello World_: http://bit.ly/31BEhnv\n\ud83d\udc40 Tatusiek: http://bit.ly/3aSCheE\n------------------------------------------------------------\n\ud83d\udc40 twitter: http://bit.ly/2B6jTPd\n------------------------------------------------------------\n\ud83d\udd12 Do\u0142\u0105cz do Sp\u00f3\u0142dzielni\nhttps://discord.gg/RSEUaR3\n------------------------------------------------------------\n\u2709\ufe0f Ludzie listy pisz\u0105 \n\ud83d\udd8a\ufe0f uszi@protonmail.com\n------------------------------------------------------------\n\ud83d\udc7a niecenzuralne i agresywne komentarze zostan\u0105 usuni\u0119te.  Jak ju\u017c musisz zakl\u0105\u0107 dawaj znaki (&*%@%).\n------------------------------------------------------------\n\ud83d\udcb2 Donate/ Darowizna\nPLN / SMS / Blik: http://bit.ly/2ETKSyN\nBTC: 174EmE88YFtvs6fuM8ZL5yYbik8hcaY6ud\n---------------------------------------------------------------\n\u2705\u017ar\u00f3d\u0142a:\nhttps://bit.ly/2NeUrwM\nhttps://bit.ly/2UV2l2D\nhttps://bit.ly/37InB0J\nhttps://bit.ly/30XOJrd\nhttps://bit.ly/2YeuKTm\nhttps://bit.ly/2Nf4Rwu\n---------------------------------------------------------------\n\ud83d\uddbcGrafika - wykorzystano elementy ze strony: \n youtube / Nie G\u0142osuj Wybory 2020\nhttps://bit.ly/2NeUrwM\n---\nEcho24\n-------------------------------------------------------------\n\ud83d\udca1 Tagi: #wybory\n--------------------------------------------------------------", "link": "https://www.youtube.com/watch?v=v8utnpoQFHM", "date_published": "2020-06-19 00:00:00+00:00", "persistent": false, "user": null, "language": "en-US"}, {"source": "https://www.youtube.com/feeds/videos.xml?channel_id=UCwSv086EAByBY-Z7y-QR_cQ", "title": "Skandal w Ministerstwie Zdrowia! PiS systemowo ukrywa Afer\u0119!", "description": "\ud83e\udd2a Mi\u0142o, \u017ce tutaj zajrza\u0142e\u015b.  Zapraszam do ogl\u0105dania.\n\n\u2b07\ufe0fRozwi\u0144 opis\u2b07\ufe0f\n------------------------------------------------------------\n\ud83d\udc40 Mroczne Podcasty: https://goo.gl/cdCFKe\n\ud83d\udc40 Hello World_: http://bit.ly/31BEhnv\n\ud83d\udc40 Tatusiek: http://bit.ly/3aSCheE\n------------------------------------------------------------\n\ud83d\udc40 twitter: http://bit.ly/2B6jTPd\n------------------------------------------------------------\n\ud83d\udd12 Do\u0142\u0105cz do Sp\u00f3\u0142dzielni\nhttps://discord.gg/RSEUaR3\n------------------------------------------------------------\n\u2709\ufe0f Ludzie listy pisz\u0105 \n\ud83d\udd8a\ufe0f uszi@protonmail.com\n------------------------------------------------------------\n\ud83d\udc7a niecenzuralne i agresywne komentarze zostan\u0105 usuni\u0119te.  Jak ju\u017c musisz zakl\u0105\u0107 dawaj znaki (&*%@%).\n------------------------------------------------------------\n\ud83d\udcb2 Donate/ Darowizna\nPLN / SMS / Blik: http://bit.ly/2ETKSyN\nBTC: 174EmE88YFtvs6fuM8ZL5yYbik8hcaY6ud\n---------------------------------------------------------------\n\u2705\u017ar\u00f3d\u0142a:\nhttps://bit.ly/2UYy0A9\nhttps://bit.ly/2YQ9rGz\nhttps://bit.ly/3fIngOt\nhttps://bit.ly/2Bn8rlb\nhttps://bit.ly/2BkilEi\nhttps://bit.ly/2UYy0A9\nhttps://bit.ly/2Clhunq\nhttps://bit.ly/3fFrTJ8\nhttps://bit.ly/30UGtYN\n---------------------------------------------------------------\n\ud83d\uddbcGrafika - wykorzystano elementy ze stron: \ngov.pl - http://bit.ly/2lVWjQr\n-------------------------------------------------------------\n\ud83d\udca1 Tagi: #Szumowski #PiS\n--------------------------------------------------------------", "link": "https://www.youtube.com/watch?v=rjLbXmczE-s", "date_published": "2020-06-18 00:00:00+00:00", "persistent": false, "user": null, "language": "en-US"}]