[{"source": "https://www.youtube.com/feeds/videos.xml?channel_id=UCqqY6fzyLY3OmdjYRe2eJAg", "title": "Roosevelt - Sign (Official Video)", "description": "'POLYDANS' - my new album - out now! Stream / Purchase here: https://roosevelt.lnk.to/Polydans\n\nFOLLOW Roosevelt on Facebook, Instagram and more https://roosevelt.lnk.to/follow\nWebsite : https://roosevelt.lnk.to/website \n\nThis is the Official Youtube Channel for Roosevelt. \nSUBSCRIBE NOW to be kept up to date with the latest music, videos, tour dates, behind the scenes footage and more https://roosevelt.lnk.to/subscribe\n\nVIDEO CREDITS\nDirected by Ohad Ben-Moshe \nCreative Direction by C/O Magick \nDesign by Ohad Ben-Moshe & Roosevelt \n\nMUSIC CREDITS\nWritten, Performed, Recorded and Produced by Marius Lauber \nMastered by Heba Kadry \n\n\nLYRICS\nyou were slowly moving out of sight\nwe've been lost calling it a night \nif only you could see me now\ntrying to make it through it all somehow\n \ni remember it all like yesterday\nlooking back, you won't fade away\ni know it won't be like the start\njust been wondering when you changed your heart\n \nso come back \nand give me a sign of your love\ncome back\nand give me a sign of your love\n \nso come back \nand give me a sign of your love\ncome back\nand give me a sign of your love\n \nso come back \nand give me a sign of your love\ncome back\nand give me a sign of your love\n \nyou were slowly moving out of sight\nwe've been lost calling it a night \n\n\n\n\u2117 & \u00a9 Greco-Roman / City Slang             \n\n#Roosevelt #Sign #OfficialMusicVideo", "link": "https://www.youtube.com/watch?v=BHYeCkcIgV0", "date_published": "2020-06-18 00:00:00+00:00", "persistent": false, "user": null, "language": "en-US"}]