[{"source": "https://www.youtube.com/feeds/videos.xml?channel_id=UC3I2GFN_F8WudD_2jUZbojA", "title": "Empress Of (Live on KEXP at Home)", "description": "Lorely Rodriguez, aka Empress Of, shares an exclusive live set and joins DJ Troy Nelson live on KEXP at Home on Wednesday, July 1, at 12pm PT.", "link": "https://www.youtube.com/watch?v=EFN4WNv5iYQ", "date_published": "2020-07-01 00:00:00+00:00", "persistent": false, "user": null, "language": "en-US"}, {"source": "https://www.youtube.com/feeds/videos.xml?channel_id=UC3I2GFN_F8WudD_2jUZbojA", "title": "Naeem (Live on KEXP at Home)", "description": "Naeem Juwan, who previously recorded as Spank Rock, now records under his first name. On Tuesday, June 30, Naeem shares an exclusive live set he performed for KEXP and joins Larry Mizell, Jr. live from home.", "link": "https://www.youtube.com/watch?v=He0eUrRK-NI", "date_published": "2020-06-30 00:00:00+00:00", "persistent": false, "user": null, "language": "en-US"}]