[{"source": "https://www.youtube.com/feeds/videos.xml?channel_id=UCBJycsmduvYEL83R_U4JriQ", "title": "On the iPhone With No Charger...", "description": "iPhone 12 could ship with no charger. I have some thoughts.\n\nArticles mentioned:\nhttps://www.theverge.com/2020/6/30/21307463/apple-iphone-12-power-adapter-charger-rumor-usb-c\nhttps://500ish.com/unlimited-power-but-the-opposite-427be9ad6db8\n\nMKBHD Merch: http://shop.MKBHD.com\n\nVideo Gear I use: http://kit.co/MKBHD/video-gear#recom...\nTech I'm using right now: https://www.amazon.com/shop/MKBHD\n\nIntro Track: http://youtube.com/20syl\nPlaylist of MKBHD Intro music: https://goo.gl/B3AWV5\n\n~\nhttp://twitter.com/MKBHD\nhttp://instagram.com/MKBHD\nhttp://facebook.com/MKBHD", "link": "https://www.youtube.com/watch?v=8IB7JcKJEeI", "date_published": "2020-07-01 00:00:00+00:00", "persistent": false, "user": null, "language": "en-US"}]