[{"source": "https://www.youtube.com/feeds/videos.xml?channel_id=UC7v3-2K1N84V67IF-WTRG-Q", "title": "Lucifer - Series Review (So far)", "description": "Thank you to Scentbird for sponsoring this video!\nClick here https://sbird.co/2UMayWV and use my code JEREMY30 to get 30% OFF your first month at Scentbird.\nDownload Scentbird app here https://sbird.co/2Y1hgdw\n\n\nI have mentioned the series LUCIFER in a few videos, so here are my thoughts on the series so far!\n\n\n\nThis month with Scentbird, I tried:\nOxford Bleu by English Laundry https://sbird.co/3gfJ7gt\nAwaken by TUMI https://sbird.co/2VtSdOp\nMan Intense by Mercedes-Benz https://sbird.co/2YKaskE\n\n#Lucifer", "link": "https://www.youtube.com/watch?v=0JbSJY83_08", "date_published": "2020-06-30 00:00:00+00:00", "persistent": false, "user": null, "language": "en-US"}]