[{"source": "http://rss.cnn.com/rss/edition.rss", "title": "Mississippi retires flag with Confederate emblem", "description": "Mississippi Gov. Tate Reeves signed a bill that takes a historic step to retire the last US state flag to feature the Confederate insignia. CNN's Martin Savidge reports.", "link": "https://www.cnn.com/videos/politics/2020/06/30/mississippi-state-flag-confederate-emblem-removal-tsr-vpx.cnn", "date_published": "2020-06-30 23:19:46+00:00", "persistent": false, "user": null, "language": "en-US"}, {"source": "http://rss.cnn.com/rss/edition.rss", "title": "Chris Cuomo: Florida governor had a chance to speak, and he spoke too soon", "description": "CNN's Chris Cuomo discusses Gov. Ron DeSantis (R-FL) praising his own response to the pandemic in May now that Florida has recorded nearly 10,000 new daily cases of coronavirus.", "link": "https://www.cnn.com/videos/politics/2020/06/30/chris-cuomo-ron-desantis-florida-coronavirus-cpt-vpx.cnn", "date_published": "2020-06-30 22:09:24+00:00", "persistent": false, "user": null, "language": "en-US"}, {"source": "http://rss.cnn.com/rss/edition.rss", "title": "Fox News reporter asks Biden about his cognitive ability", "description": "A Fox News reporter asked former Vice President Joe Biden about his cognitive ability, an attack that President Trump and his allies have seized on.", "link": "https://www.cnn.com/videos/politics/2020/06/30/biden-cognitive-ability-question-reporter-lead-vpx.cnn", "date_published": "2020-06-30 21:31:48+00:00", "persistent": false, "user": null, "language": "en-US"}, {"source": "http://rss.cnn.com/rss/edition.rss", "title": "Delta Air Lines brings back beer and wine on flights", "description": "Delta Air Lines is restoring wine and beer options across most of its US flights three months after it eliminated the options as the pandemic began to cripple demand for air travel.", "link": "https://www.cnn.com/travel/article/delta-beer-wine-coronavirus/index.html", "date_published": "2020-06-30 18:32:32+00:00", "persistent": false, "user": null, "language": "en-US"}, {"source": "http://rss.cnn.com/rss/edition.rss", "title": "Senator challenges Fauci. Watch his response.", "description": "Sen. Rand Paul (R-KY) pressed Dr. Anthony Fauci on sending children back to school amid the coronavirus pandemic.", "link": "https://www.cnn.com/videos/health/2020/06/30/anthony-fauci-rand-paul-schools-coronavirus-vpx.cnn", "date_published": "2020-06-30 18:28:09+00:00", "persistent": false, "user": null, "language": "en-US"}, {"source": "http://rss.cnn.com/rss/edition.rss", "title": "Belgium's King sends 'regrets' to Congo for Leopold II atrocities -- but doesn't apologize", "description": "The King of Belgium has sent his \"deepest regrets\" to the President of the Democratic Republic of Congo (DRC) for the \"suffering and humiliation\" his nation inflicted while it colonized the region -- but stopped short of apologizing for his ancestor Leopold II's atrocities.", "link": "https://www.cnn.com/2020/06/30/europe/belgium-drc-leopold-ii-regrets-scli-intl/index.html", "date_published": "2020-06-30 16:15:45+00:00", "persistent": false, "user": null, "language": "en-US"}, {"source": "http://rss.cnn.com/rss/edition.rss", "title": "From pandering to Putin to abusing allies, Trump's phone calls alarm US officials", "description": "", "link": "https://www.cnn.com/collections/intl-trump-0630/", "date_published": "2020-06-30 16:11:37+00:00", "persistent": false, "user": null, "language": "en-US"}, {"source": "http://rss.cnn.com/rss/edition.rss", "title": "Carl Reiner, longtime comedy legend, dies at 98", "description": "Carl Reiner, the writer, actor, director and producer whose many decades' worth of credits -- including \"The Dick Van Dyke Show\" and \"The 2000-Year-Old Man\" -- showcased a ready wit and a generous spirit, has died, his son, director Rob Reiner, announced in a tweet.", "link": "https://www.cnn.com/2020/06/30/entertainment/car-reiner-obit/index.html", "date_published": "2020-06-30 16:10:11+00:00", "persistent": false, "user": null, "language": "en-US"}, {"source": "http://rss.cnn.com/rss/edition.rss", "title": "Woman gored by a bison at Yellowstone National Park when she tried to take a picture", "description": "A 72-year-old California woman was gored by a bison in Yellowstone National Park, a news release from the park said.", "link": "https://www.cnn.com/travel/article/bison-gores-woman-yellowstone-trnd/index.html", "date_published": "2020-06-30 16:08:26+00:00", "persistent": false, "user": null, "language": "en-US"}, {"source": "http://rss.cnn.com/rss/edition.rss", "title": "These are Carl Reiner's biggest movies and tv shows", "description": "Carl Reiner, the writer, actor, director and producer whose many decades' worth of credits - including \"The Dick Van Dyke Show\" and \"The 2000-Year-Old Man\" -- has died at the age of 98.", "link": "https://www.cnn.com/videos/entertainment/2020/06/30/carl-reiner-dead-obit-pkg-vpx.cnn", "date_published": "2020-06-30 16:00:28+00:00", "persistent": false, "user": null, "language": "en-US"}, {"source": "http://rss.cnn.com/rss/edition.rss", "title": "Former President Obama aide: This is how to help fix US democracy", "description": "David Litt, a former Obama speechwriter and author of \"Democracy In One Book Or Less,\" says there are some easy fixes to issues like voting and transparency.", "link": "https://www.cnn.com/videos/politics/2020/06/29/election-2020-david-litt-opinion-fixing-democracy-mh-orig.cnn", "date_published": "2020-06-30 15:58:36+00:00", "persistent": false, "user": null, "language": "en-US"}, {"source": "http://rss.cnn.com/rss/edition.rss", "title": "Supreme Court opens door to state funding for religious schools", "description": "In a ruling that will open the door to more public funding for religious education, the Supreme Court on Tuesday ruled in favor of parents in Montana seeking to use a state scholarship program to send their children to religious schools.", "link": "https://www.cnn.com/2020/06/30/politics/espinoza-montana-religious-schools-scholarship-supreme-court/index.html", "date_published": "2020-06-30 15:57:04+00:00", "persistent": false, "user": null, "language": "en-US"}, {"source": "http://rss.cnn.com/rss/edition.rss", "title": "This one graphic shows exactly why European countries are shutting Americans out", "description": "US tourists will be excluded from visiting the European Union after the bloc finalized its list of 15 safe countries for travel to member states on Tuesday.", "link": "https://www.cnn.com/2020/06/30/europe/european-union-travel-us-graphic-intl/index.html", "date_published": "2020-06-30 15:24:41+00:00", "persistent": false, "user": null, "language": "en-US"}, {"source": "http://rss.cnn.com/rss/edition.rss", "title": "Boeing hit with its biggest cancellation of 737 Max crisis", "description": "Norwegian Air Shuttle canceled orders for 97 Boeing jets, the largest cancellation by a single Boeing customer since the grounding of the 737 Max 15 months ago.", "link": "https://www.cnn.com/2020/06/30/business/boeing-737-max-norwegian-air-cancels-orders/index.html", "date_published": "2020-06-30 15:22:49+00:00", "persistent": false, "user": null, "language": "en-US"}, {"source": "http://rss.cnn.com/rss/edition.rss", "title": "The best DIY face mask material and design? Quilting cotton beats bandana, new study suggests", "description": "Wearing face masks and coverings is recommended, or in some places mandatory, in public spaces to help stop the spread of Covid-19.", "link": "https://www.cnn.com/2020/06/30/health/masks-homemade-design-trnd-wellness-scn/index.html", "date_published": "2020-06-30 15:17:42+00:00", "persistent": false, "user": null, "language": "en-US"}, {"source": "http://rss.cnn.com/rss/edition.rss", "title": "What EU's new border rules mean for travelers", "description": "The European Union has formally agreed a set of recommendations that will allow travelers from outside the bloc to visit EU countries, but the United States is not on the list of 14 countries now allowed in.", "link": "https://www.cnn.com/travel/article/eu-borders-open-but-not-to-americans-intl/index.html", "date_published": "2020-06-30 15:03:58+00:00", "persistent": false, "user": null, "language": "en-US"}, {"source": "http://rss.cnn.com/rss/edition.rss", "title": "Largest tanzanite gemstones in history sold for $3m", "description": "A team of Tanzanian miners has discovered the largest tanzanite stones ever seen in the country's history.", "link": "https://www.cnn.com/2020/06/30/africa/tanzanite-largest-gems-scli-intl/index.html", "date_published": "2020-06-30 14:57:25+00:00", "persistent": false, "user": null, "language": "en-US"}, {"source": "http://rss.cnn.com/rss/edition.rss", "title": "More Americans have died from Covid-19 than in four wars combined", "description": "", "link": "https://www.cnn.com/collections/intl-global-coronavirus-0629/", "date_published": "2020-06-30 14:53:35+00:00", "persistent": false, "user": null, "language": "en-US"}, {"source": "http://rss.cnn.com/rss/edition.rss", "title": "What if Trump loses and refuses to leave?", "description": "President Trump has joked about running for a third term, but what happens if he refuses to leave after a loss in November? CNN's Nick Watt looks into how it could all play out.", "link": "https://www.cnn.com/videos/politics/2020/06/29/president-trump-and-the-2020-election-orig-dp-jm.cnn", "date_published": "2020-06-30 14:51:01+00:00", "persistent": false, "user": null, "language": "en-US"}, {"source": "http://rss.cnn.com/rss/edition.rss", "title": "China researchers discover new swine flu with 'pandemic potential'", "description": "Chinese researchers have discovered a new type of swine flu that can infect humans and has the potential to cause a future pandemic, according to a study released on Monday.", "link": "https://www.cnn.com/2020/06/30/asia/china-swine-flu-pandemic-intl-hnk-scli-scn/index.html", "date_published": "2020-06-30 14:48:04+00:00", "persistent": false, "user": null, "language": "en-US"}, {"source": "http://rss.cnn.com/rss/edition.rss", "title": "The Supreme Court decision on Trump's tax records just became more urgent than ever", "description": "Reports that the Russians bribed the Taliban with bounties for killing US service members were stunning -- and not just because of the alleged targeting of American soldiers, but because the Trump administration apparently did nothing to retaliate against Russia.", "link": "https://www.cnn.com/2020/06/30/opinions/scotus-trump-tax-return-opinion-avlon/index.html", "date_published": "2020-06-30 14:43:11+00:00", "persistent": false, "user": null, "language": "en-US"}, {"source": "http://rss.cnn.com/rss/edition.rss", "title": "Soccer star hospitalized after assault and robbery in Liverpool", "description": "Derby County defender Andre Wisdom is recovering in hospital after an \"unprovoked assault and robbery,\" according to a statement from the club.", "link": "https://www.cnn.com/2020/06/30/football/andre-wisdom-derby-county-assault-football-spt-intl-gbr/index.html", "date_published": "2020-06-30 14:42:45+00:00", "persistent": false, "user": null, "language": "en-US"}, {"source": "http://rss.cnn.com/rss/edition.rss", "title": "The white-collar revolt against Trump is peaking", "description": "From his open defiance of public health officials when holding rallies to his increasingly explicit embrace of White racial backlash, President Donald Trump has set a course for his reelection campaign that could produce the GOP's largest deficit in the history of modern polling among well-educated White voters.", "link": "https://www.cnn.com/2020/06/30/politics/trump-2020-voter-polls/index.html", "date_published": "2020-06-30 14:38:26+00:00", "persistent": false, "user": null, "language": "en-US"}, {"source": "http://rss.cnn.com/rss/edition.rss", "title": "Beijing says it's 'strongly concerned' by India's decision to ban Chinese apps", "description": "", "link": "https://www.cnn.com/collections/intl-india-china-0630/", "date_published": "2020-06-30 14:20:37+00:00", "persistent": false, "user": null, "language": "en-US"}, {"source": "http://rss.cnn.com/rss/edition.rss", "title": "Journalists like Maria Ressa face death threats and jail for doing their jobs. Facebook must take its share of the blame", "description": "In September 2018, a group of academics, civil society organizations and journalists gathered at Facebook's headquarters in Menlo Park, California. The off-the-record event, designed to explore how social media content can lead to offline harm in vulnerable communities, coincided with the publication of a UN report that concluded Facebook had played a \"determining role\" in Mynamar's Rohingya genocide.", "link": "https://www.cnn.com/2020/06/30/opinions/maria-ressa-facebook-intl-hnk/index.html", "date_published": "2020-06-30 14:17:20+00:00", "persistent": false, "user": null, "language": "en-US"}, {"source": "http://rss.cnn.com/rss/edition.rss", "title": "A family rescued a bear after it was found swimming with a plastic tub on its head", "description": "A Wisconsin family rescued a young bear after it got a plastic cheese ball container stuck on its head.", "link": "https://www.cnn.com/2020/06/29/us/family-rescues-bear-with-plastic-tub-on-its-head-trnd/index.html", "date_published": "2020-06-30 14:16:10+00:00", "persistent": false, "user": null, "language": "en-US"}, {"source": "http://rss.cnn.com/rss/edition.rss", "title": "Couple in St. Louis wield guns near protesters on private street", "description": "Protesters en route to demonstrate outside of the St. Louis mayor's residence were walking on a private street when two armed individuals came out of a home brandishing weapons.", "link": "https://www.cnn.com/videos/us/2020/06/29/st-louis-couple-protest-firearms-orig-mg.cnn", "date_published": "2020-06-30 13:54:02+00:00", "persistent": false, "user": null, "language": "en-US"}, {"source": "http://rss.cnn.com/rss/edition.rss", "title": "Paul Walker and Vin Diesel's kids take 'family, forever' selfie", "description": "Paul Walker and Vin Diesel were BFFs and it looks like their children are continuing that tradition.", "link": "https://www.cnn.com/2020/06/30/entertainment/meadow-walker-vin-diesel-kids/index.html", "date_published": "2020-06-30 13:15:09+00:00", "persistent": false, "user": null, "language": "en-US"}, {"source": "http://rss.cnn.com/rss/edition.rss", "title": "$84M painting smashes sales expectations in virtual auction", "description": "A Francis Bacon triptych sold for over $84 million during a virtual auction at Sotheby's, on what was an encouraging -- and highly unusual -- evening for the coronavirus-hit art market.", "link": "https://www.cnn.com/style/article/francis-bacon-sothebys-hybrid-auction/index.html", "date_published": "2020-06-30 13:08:50+00:00", "persistent": false, "user": null, "language": "en-US"}, {"source": "http://rss.cnn.com/rss/edition.rss", "title": "Shell warns of $22 billion hit from coronavirus price slump", "description": "Royal Dutch Shell is writing down the value of its assets by as much as $22 billion as lower oil prices push the Anglo-Dutch company to accelerate a shift away from fossil fuels.", "link": "https://www.cnn.com/2020/06/30/business/shell-oil-prices-coronavirus/index.html", "date_published": "2020-06-30 13:07:02+00:00", "persistent": false, "user": null, "language": "en-US"}, {"source": "http://rss.cnn.com/rss/edition.rss", "title": "Experts say spread of Covid-19 in US is now hard to control", "description": "At least 16 states have paused or rolled back their reopening plans in response to a surge in new coronavirus infections, but some health officials say the spread of the virus will still be difficult to control.", "link": "https://www.cnn.com/2020/06/30/health/us-coronavirus-tuesday/index.html", "date_published": "2020-06-30 12:45:20+00:00", "persistent": false, "user": null, "language": "en-US"}, {"source": "http://rss.cnn.com/rss/edition.rss", "title": "Djokovic event fallout: Kyrgios calls Becker a 'doughnut'", "description": "The fallout from Novak Djokovic's Adria Tour continues, with tennis great Boris Becker and current star Nick Kyrgios embroiled in a verbal tit-for-tat.", "link": "https://www.cnn.com/2020/06/30/tennis/nick-kyrgios-boris-becker-alexander-zverev-tennis-coronavirus-party-spt-intl/index.html", "date_published": "2020-06-30 12:33:51+00:00", "persistent": false, "user": null, "language": "en-US"}, {"source": "http://rss.cnn.com/rss/edition.rss", "title": "Step inside the luxury homes of this Latin superstar", "description": "Latin music superstar J Balvin is known for his bold style -- including his mix of streetwear and couture, and his ever-evolving hair color. But he likes to keep things more subdued on the interior design front.", "link": "https://www.cnn.com/style/article/j-balvin-architectural-digest/index.html", "date_published": "2020-06-30 12:01:34+00:00", "persistent": false, "user": null, "language": "en-US"}, {"source": "http://rss.cnn.com/rss/edition.rss", "title": "Investigating the disappearance of a massive star in a distant galaxy", "description": "A massive star has quietly disappeared in a dwarf galaxy 75 million light-years away, according to a new study. Given the lack of a visible supernova, the researchers believe the star grew dim and was obscured from view by dust or reached the end of its life and collapsed into a black hole.", "link": "https://www.cnn.com/2020/06/30/world/massive-star-disappearance-scn/index.html", "date_published": "2020-06-30 11:43:41+00:00", "persistent": false, "user": null, "language": "en-US"}, {"source": "http://rss.cnn.com/rss/edition.rss", "title": "SR-71 Blackbird: Still the fastest plane", "description": "During the Cold War, the SR-71 Blackbird spy plane could fly higher and faster than any other -- and 55 years after its first flight, it still does.", "link": "https://www.cnn.com/videos/design/2019/11/04/blackbird-sr-71-spy-plane-design-style-orig.cnn", "date_published": "2020-06-30 11:39:43+00:00", "persistent": false, "user": null, "language": "en-US"}, {"source": "http://rss.cnn.com/rss/edition.rss", "title": "This new high-tech glove translates sign language into speech in real time", "description": "A glove that translates sign language into speech in real time has been developed by scientists -- potentially allowing deaf people to communicate directly with anyone, without the need for a translator.", "link": "https://www.cnn.com/2020/06/30/health/sign-language-glove-ucla-scn-scli-intl/index.html", "date_published": "2020-06-30 11:34:52+00:00", "persistent": false, "user": null, "language": "en-US"}, {"source": "http://rss.cnn.com/rss/edition.rss", "title": "New Trimonoran superyacht concept could be future of luxury sailing", "description": "A yacht concept at least 20 years in the making, Escalade is being touted as a \"game changer\" by the team behind it.", "link": "https://www.cnn.com/travel/article/trimonoran-yacht-concept-escalade/index.html", "date_published": "2020-06-30 11:23:07+00:00", "persistent": false, "user": null, "language": "en-US"}, {"source": "http://rss.cnn.com/rss/edition.rss", "title": "More Americans have died from Covid-19 than in four wars", "description": "\u2022 Experts say spread of coronavirus in the US is now hard to control", "link": "https://www.cnn.com/2020/06/30/health/us-coronavirus-toll-in-numbers-june-trnd/index.html", "date_published": "2020-06-30 11:10:28+00:00", "persistent": false, "user": null, "language": "en-US"}, {"source": "http://rss.cnn.com/rss/edition.rss", "title": "Barcelona slaps $448 million buyout clause on new star", "description": "Barcelona has slapped an eye-watering buyout clause of nearly $450 million (400m euros) on new signing Miralem Pjani\u0107.", "link": "https://www.cnn.com/2020/06/30/football/barcelona-miralem-pjanic-juventus-spt-intl/index.html", "date_published": "2020-06-30 10:23:00+00:00", "persistent": false, "user": null, "language": "en-US"}, {"source": "http://rss.cnn.com/rss/edition.rss", "title": "In a tiny African mountain kingdom, one soccer club is driving social change", "description": "Puky Ramokoatsi believes football helped saved her life.", "link": "https://www.cnn.com/2020/06/30/football/lesotho-football-club-kick4life-fc-equal-budget-spt-intl/index.html", "date_published": "2020-06-30 09:57:42+00:00", "persistent": false, "user": null, "language": "en-US"}, {"source": "http://rss.cnn.com/rss/edition.rss", "title": "South Africa turns recreational center into field hospital", "description": "CNN's David McKenzie reports from a recreational center in South Africa converted into a field hospital as the country grapples with the worst coronavirus outbreak in Africa.", "link": "https://www.cnn.com/videos/world/2020/06/30/south-africa-coronavirus-covid-19-pandemic-field-hospital-mckenzie-walk-and-talk-intl-ldn-vpx.cnn", "date_published": "2020-06-30 09:40:55+00:00", "persistent": false, "user": null, "language": "en-US"}, {"source": "http://rss.cnn.com/rss/edition.rss", "title": "The body of one of three missing men has been found on Mount Rainier", "description": "The body of one of the three men who have gone missing on separate excursions in Washington's Mount Rainier National Park has been found, according to the National Park Service.", "link": "https://www.cnn.com/2020/06/30/us/mount-rainier-missing-hikers-body-found/index.html", "date_published": "2020-06-30 08:11:13+00:00", "persistent": false, "user": null, "language": "en-US"}, {"source": "http://rss.cnn.com/rss/edition.rss", "title": "Meet the Japanese man who holds the world's only master's degree in ninja studies", "description": "A Japanese man has become the first person in the world to hold a master's degree in ninja studies, after completing a graduate course that involved learning basic martial arts and how to stealthily climb mountains.", "link": "https://www.cnn.com/2020/06/30/asia/ninja-studies-graduate-intl-hnk-scli/index.html", "date_published": "2020-06-30 07:25:59+00:00", "persistent": false, "user": null, "language": "en-US"}, {"source": "http://rss.cnn.com/rss/edition.rss", "title": "Wrongly arrested Black man said he knew he was going to be falsely accused as police approached him", "description": "As Valdosta police approached Antonio Smith, he was terrified and thought he was going to \"get pinned for something I didn't do,\" he told CNN.", "link": "https://www.cnn.com/2020/06/30/us/valdosta-wrongly-arrested-black-man-antonio-smith/index.html", "date_published": "2020-06-30 06:27:27+00:00", "persistent": false, "user": null, "language": "en-US"}, {"source": "http://rss.cnn.com/rss/edition.rss", "title": "Pro-choice and pro-life activists react to SCOTUS decision", "description": "The Supreme Court blocked a Louisiana law that barred doctors from performing abortions unless they had admitting privileges at hospitals \u2014 a win for supporters of abortion access. Here's what Louisiana pro-choice and pro-life groups think of the decision.", "link": "https://www.cnn.com/videos/us/2020/06/29/supreme-court-louisiana-june-medical-services-russo-orig-lr-mss.cnn", "date_published": "2020-06-30 02:26:23+00:00", "persistent": false, "user": null, "language": "en-US"}, {"source": "http://rss.cnn.com/rss/edition.rss", "title": "Cooper on US numbers: 'This is what failure looks like'", "description": "CNN's Anderson Cooper reacts to the latest coronavirus numbers in the US, as the death toll surpasses 126,000 and only four of 50 states are experiencing a drop in new cases.", "link": "https://www.cnn.com/videos/us/2020/06/30/coronavirus-numbers-rise-cooper-sot-kth-ac360-vpx.cnn", "date_published": "2020-06-30 01:28:15+00:00", "persistent": false, "user": null, "language": "en-US"}, {"source": "http://rss.cnn.com/rss/edition.rss", "title": "The US watched Italy's coronavirus outbreak in horror. See what it looks like now", "description": "Months ago, the US looked on in horror as the Covid-19 outbreak devastated Italy. Now, as Italy is returning to normal, the US is experiencing a surge in cases. CNN's Ben Wedeman reports.", "link": "https://www.cnn.com/videos/world/2020/06/30/italy-reopening-us-coronavirus-surge-wedeman-pkg-ebof-vpx.cnn", "date_published": "2020-06-30 01:12:44+00:00", "persistent": false, "user": null, "language": "en-US"}]