[{"source": "https://www.youtube.com/feeds/videos.xml?channel_id=UCQSpnDG3YsFNf5-qHocF-WQ", "title": "Google Chrome Major Update 84 - Best Changes", "description": "Find out the biggest and best changes!\n\u2022 Get yourself a subnet mask here \u21e8 https://teespring.com/subnet-mask-face-mask\n\n\u21d2 Become a channel member for exclusive features! Check it out here: https://www.youtube.com/ThioJoe/join\n\n\u25ac\u25ac\u25ac\u25ac\u25ac\u25ac\u25ac\u25ac\u25ac\u25ac\u25ac\u25ac\u25ac\u25ac\u25ac\u25ac\u25ac\u25ac\u25ac\u25ac\u25ac\u25ac\u25ac\u25ac\u25ac\u25ac\nMerch \u21e8 https://teespring.com/stores/thiojoe\n\n\u21e8 http://Instagram.com/ThioJoe\n\u21e8 http://Twitter.com/ThioJoe\n\u21e8 http://Facebook.com/ThioJoeTV\n\nMy Gear & Equipment \u21e8 https://kit.co/ThioJoe\n\u25ac\u25ac\u25ac\u25ac\u25ac\u25ac\u25ac\u25ac\u25ac\u25ac\u25ac\u25ac\u25ac\u25ac\u25ac\u25ac\u25ac\u25ac\u25ac\u25ac\u25ac\u25ac\u25ac\u25ac\u25ac\u25ac\n\n#Chrome #Tech #ThioJoe", "link": "https://www.youtube.com/watch?v=7sBT01KYN7U", "date_published": "2020-07-15 00:00:00+00:00", "persistent": false, "user": null, "language": "en-US"}]