[{"source": "http://feeds.bbci.co.uk/news/rss.xml", "title": "Fertility rate: Shrinking population in six easy lessons", "description": "Research suggests most countries' populations will have shrunk by the end of the century.", "link": "https://www.bbc.co.uk/news/health-53424290", "date_published": "2020-07-15 23:56:16+00:00", "persistent": false, "user": null, "language": "en-US"}, {"source": "http://feeds.bbci.co.uk/news/rss.xml", "title": "My Money: 'I'm a sucker for a promo sticker'", "description": "Charmel Flemming from South Africa takes us through her week during the coronavirus pandemic.", "link": "https://www.bbc.co.uk/news/business-53389073", "date_published": "2020-07-15 23:39:07+00:00", "persistent": false, "user": null, "language": "en-US"}, {"source": "http://feeds.bbci.co.uk/news/rss.xml", "title": "Coronavirus: How Covid-19 hit the comedy industry", "description": "With many sectors of the leisure economy hit by coronavirus, what has been the effect on comedy?", "link": "https://www.bbc.co.uk/news/business-53360858", "date_published": "2020-07-15 23:37:50+00:00", "persistent": false, "user": null, "language": "en-US"}, {"source": "http://feeds.bbci.co.uk/news/rss.xml", "title": "Coronavirus: Seven tips for job hunters", "description": "As coronavirus puts huge strain on the jobs market, four experts offer advice for finding work.", "link": "https://www.bbc.co.uk/news/business-53403250", "date_published": "2020-07-15 23:34:09+00:00", "persistent": false, "user": null, "language": "en-US"}, {"source": "http://feeds.bbci.co.uk/news/rss.xml", "title": "Say Her Name: 'Black women are killed by police too'", "description": "The campaign group Say Her Name believes deaths of black women at the hands of police are overlooked.", "link": "https://www.bbc.co.uk/news/world-us-canada-53370842", "date_published": "2020-07-15 23:06:04+00:00", "persistent": false, "user": null, "language": "en-US"}, {"source": "http://feeds.bbci.co.uk/news/rss.xml", "title": "Adoptee Kara Bos's search for her roots in South Korea", "description": "Kara Bos was adopted as a baby from South Korea by a US couple. But her birth father is standing in the way of her discovering her roots.", "link": "https://www.bbc.co.uk/news/world-asia-53420857", "date_published": "2020-07-15 23:02:36+00:00", "persistent": false, "user": null, "language": "en-US"}, {"source": "http://feeds.bbci.co.uk/news/rss.xml", "title": "Wayfair: The false conspiracy about a furniture firm and child trafficking", "description": "It's gone global, and involves a US-based furniture company and unfounded allegations of human trafficking.", "link": "https://www.bbc.co.uk/news/world-53416247", "date_published": "2020-07-15 18:40:56+00:00", "persistent": false, "user": null, "language": "en-US"}, {"source": "http://feeds.bbci.co.uk/news/rss.xml", "title": "Cardiff University student creates Welsh scientific words", "description": "Bedwyr Ab Ion Thomas is researching fatal diseases with terms which had no Welsh translation.", "link": "https://www.bbc.co.uk/news/uk-wales-53422176", "date_published": "2020-07-15 18:17:46+00:00", "persistent": false, "user": null, "language": "en-US"}, {"source": "http://feeds.bbci.co.uk/news/rss.xml", "title": "Russia report: Julian Lewis appointed chair of intelligence committee", "description": "Tory MP Julian Lewis is the new chair of the Intelligence and Security Committee.", "link": "https://www.bbc.co.uk/news/uk-politics-53422010", "date_published": "2020-07-15 17:31:12+00:00", "persistent": false, "user": null, "language": "en-US"}, {"source": "http://feeds.bbci.co.uk/news/rss.xml", "title": "Liverpool to lift trophy in special ceremony on the Kop", "description": "Liverpool will lift the Premier League trophy in a special ceremony on the Kop following next Wednesday's fixture with Chelsea.", "link": "https://www.bbc.co.uk/sport/football/53421932", "date_published": "2020-07-15 17:22:21+00:00", "persistent": false, "user": null, "language": "en-US"}, {"source": "http://feeds.bbci.co.uk/news/rss.xml", "title": "Katie Boulter reaches the Progress Tour Women's Championships semi-finals", "description": "Katie Boulter reaches the Progress Tour Women's Championships semi-finals with a dominant win over fellow Briton Emily Arbuthnott.", "link": "https://www.bbc.co.uk/sport/tennis/53419163", "date_published": "2020-07-15 16:51:25+00:00", "persistent": false, "user": null, "language": "en-US"}, {"source": "http://feeds.bbci.co.uk/news/rss.xml", "title": "KFC, Nandos and Pret lower prices after VAT cut", "description": "Starbucks and McDonald's also say they will cut prices after the chancellor's VAT reduction.", "link": "https://www.bbc.co.uk/news/business-53411649", "date_published": "2020-07-15 16:48:16+00:00", "persistent": false, "user": null, "language": "en-US"}, {"source": "http://feeds.bbci.co.uk/news/rss.xml", "title": "Coronavirus: PM promises future independent inquiry", "description": "Boris Johnson tells MPs an investigation into the coronavirus outbreak will be held \"in the future\".", "link": "https://www.bbc.co.uk/news/uk-politics-53419544", "date_published": "2020-07-15 16:45:58+00:00", "persistent": false, "user": null, "language": "en-US"}, {"source": "http://feeds.bbci.co.uk/news/rss.xml", "title": "Coronavirus: Virus inquiry promised and office-worker face coverings rejected", "description": "Five things you need to know about the coronavirus outbreak this Wednesday evening.", "link": "https://www.bbc.co.uk/news/uk-53418658", "date_published": "2020-07-15 16:39:21+00:00", "persistent": false, "user": null, "language": "en-US"}, {"source": "http://feeds.bbci.co.uk/news/rss.xml", "title": "Coronavirus: Matt Hancock rejects face masks and coverings for offices", "description": "There are no plans to make office workers in England wear face coverings, the health secretary says.", "link": "https://www.bbc.co.uk/news/uk-53415030", "date_published": "2020-07-15 16:31:43+00:00", "persistent": false, "user": null, "language": "en-US"}, {"source": "http://feeds.bbci.co.uk/news/rss.xml", "title": "Covid fears putting off Chinese students from UK", "description": "Universities fear loss of \u00a34bn from Chinese students cancelling courses over UK's Covid-19 death toll.", "link": "https://www.bbc.co.uk/news/education-53416337", "date_published": "2020-07-15 16:01:54+00:00", "persistent": false, "user": null, "language": "en-US"}, {"source": "http://feeds.bbci.co.uk/news/rss.xml", "title": "England drop Denly and rest Anderson & Wood", "description": "England drop batsman Joe Denly and rest pace bowlers James Anderson and Mark Wood for the second Test against West Indies.", "link": "https://www.bbc.co.uk/sport/cricket/53419675", "date_published": "2020-07-15 15:31:14+00:00", "persistent": false, "user": null, "language": "en-US"}, {"source": "http://feeds.bbci.co.uk/news/rss.xml", "title": "Paula Tilbrook: Emmerdale actress dies at 89", "description": "The actress played the sherry-loving gossip Betty Eagleton for 21 years in the ITV soap.", "link": "https://www.bbc.co.uk/news/entertainment-arts-53415318", "date_published": "2020-07-15 15:26:17+00:00", "persistent": false, "user": null, "language": "en-US"}, {"source": "http://feeds.bbci.co.uk/news/rss.xml", "title": "Huawei: China attacks UK's 'groundless' ban of 5G kit", "description": "The UK cited security risks - but China says it is \"an excuse to co-operate with the United States\".", "link": "https://www.bbc.co.uk/news/technology-53412678", "date_published": "2020-07-15 15:07:26+00:00", "persistent": false, "user": null, "language": "en-US"}, {"source": "http://feeds.bbci.co.uk/news/rss.xml", "title": "Coronavirus: Restaurant no-shows 'putting jobs at risk'", "description": "TV chef Paul Ainsworth says 27 people failed to turn up for their booking at his pub on one day.", "link": "https://www.bbc.co.uk/news/uk-england-cornwall-53420200", "date_published": "2020-07-15 14:57:17+00:00", "persistent": false, "user": null, "language": "en-US"}, {"source": "http://feeds.bbci.co.uk/news/rss.xml", "title": "Coronavirus: 'How we\u2019re surviving a second virus lockdown'", "description": "From star-gazing to Nintendo workouts - people facing lockdown again share what's keeping them sane.", "link": "https://www.bbc.co.uk/news/world-53353748", "date_published": "2020-07-15 14:54:31+00:00", "persistent": false, "user": null, "language": "en-US"}, {"source": "http://feeds.bbci.co.uk/news/rss.xml", "title": "Towie celeb high street 'shouting from same hymn sheet'", "description": "Business owners from the Towie heartlands tell how they have got shops back up and running.", "link": "https://www.bbc.co.uk/news/uk-england-essex-53406544", "date_published": "2020-07-15 14:31:51+00:00", "persistent": false, "user": null, "language": "en-US"}, {"source": "http://feeds.bbci.co.uk/news/rss.xml", "title": "Jen Reid: Statue of Black Lives Matter protester appears on Colston plinth", "description": "The figure of Black Lives Matter protester Jen Reid appeared in Bristol early on Wednesday.", "link": "https://www.bbc.co.uk/news/uk-england-bristol-53414463", "date_published": "2020-07-15 14:02:52+00:00", "persistent": false, "user": null, "language": "en-US"}, {"source": "http://feeds.bbci.co.uk/news/rss.xml", "title": "The Andrew Neil Show ends as BBC News unveils cuts", "description": "The broadcaster's show is one of several casualties as the BBC prepares to cut 520 jobs in news.", "link": "https://www.bbc.co.uk/news/entertainment-arts-53416067", "date_published": "2020-07-15 13:55:25+00:00", "persistent": false, "user": null, "language": "en-US"}, {"source": "http://feeds.bbci.co.uk/news/rss.xml", "title": "Viola Davis: I betrayed myself and my people in The Help", "description": "The Oscar-nominated 2011 film was created in the \"cesspool of systemic racism\", the actress says.", "link": "https://www.bbc.co.uk/news/newsbeat-53416196", "date_published": "2020-07-15 13:23:11+00:00", "persistent": false, "user": null, "language": "en-US"}, {"source": "http://feeds.bbci.co.uk/news/rss.xml", "title": "Banksy Tube graffiti: Cleaners 'unaware it was by artist'", "description": "The artist's piece on a Circle Line train was removed before anyone knew he was responsible for it.", "link": "https://www.bbc.co.uk/news/uk-england-london-53415832", "date_published": "2020-07-15 12:40:42+00:00", "persistent": false, "user": null, "language": "en-US"}, {"source": "http://feeds.bbci.co.uk/news/rss.xml", "title": "Paedophile Mark Sutherland loses human rights court challenge", "description": "The Supreme Court rules prosecutions based on information supplied by vigilante groups do not breach privacy rights.", "link": "https://www.bbc.co.uk/news/uk-scotland-53416056", "date_published": "2020-07-15 09:57:33+00:00", "persistent": false, "user": null, "language": "en-US"}, {"source": "http://feeds.bbci.co.uk/news/rss.xml", "title": "Nuclear blast sends star hurtling across galaxy", "description": "A star has been sent hurtling across the galaxy after undergoing a partial supernova.", "link": "https://www.bbc.co.uk/news/science-environment-53415294", "date_published": "2020-07-15 08:29:47+00:00", "persistent": false, "user": null, "language": "en-US"}, {"source": "http://feeds.bbci.co.uk/news/rss.xml", "title": "Coronavirus: A user's guide to wearing a face mask to the shops", "description": "From stopping your glasses fogging up to washing techniques, here's what you need to know.", "link": "https://www.bbc.co.uk/news/uk-53395513", "date_published": "2020-07-15 00:28:09+00:00", "persistent": false, "user": null, "language": "en-US"}]