[{"source": "https://www.youtube.com/feeds/videos.xml?channel_id=UChnxLLvzviaR5NeKOevB8iQ", "title": "Lessons, Mixing, and Mastering Services", "description": "https://rmr.media/education\nhttps://rmr.media/audio-services\nhttp://calendly.com/redmeansrecording\nhttps://patreon.com/redmeansrecording\n------------------------------------\nPatreon: http://bit.ly/rmrpatreon\nBandcamp: http://bit.ly/2Kq617o\nSoundcloud: http://bit.ly/2NOH9Is\nSpotify: https://spoti.fi/2N40SoX\nGoogle Play: http://bit.ly/33M9aG5\niTunes: https://apple.co/2pqh3SK\nAmazon Music: https://amzn.to/2O9q1fe\nT-Shirts: http://bit.ly/rmrshirts\nTwitter: http://bit.ly/rmrtwitters\nWebsite: http://bit.ly/rmrmedia", "link": "https://www.youtube.com/watch?v=kdca8rTk9G0", "date_published": "2020-07-15 00:00:00+00:00", "persistent": false, "user": null, "language": "en-US"}]