[{"source": "https://www.youtube.com/feeds/videos.xml?channel_id=UCw--xPGVVxYzRsWyV1nFqgg", "title": "Kings of the Wyld: BEFORE YOU READ", "description": "Before you read Nicholas Eames Kings of the Wyld, here are some things you might like to know!\nCheck out Kings of the Wyld here: https://amzn.to/3j8Eozi\nPodcast: https://afictionalconversation.podbean.com/\nMerch: https://teespring.com/stores/fantasy-news-2\nPatreon: https://www.patreon.com/DanielBGreene\nAmazon: https://www.amazon.com/shop/danielgreene\nDiscord Server: https://discord.gg/xUzhVv4\nTwitter: https://twitter.com/DanielBGreene?lang=en\nTwitch: https://www.twitch.tv/fantasynews\nInstagram: https://www.instagram.com/dgreene101/\nGoodReads: https://www.goodreads.com/user/show/82239739-daniel-greene\nSubreddit: https://www.reddit.com/r/danielgreene", "link": "https://www.youtube.com/watch?v=wcprT_nabx4", "date_published": "2020-07-16 00:00:00+00:00", "persistent": false, "user": null, "language": "en-US"}, {"source": "https://www.youtube.com/feeds/videos.xml?channel_id=UCw--xPGVVxYzRsWyV1nFqgg", "title": "NEW Stormlight Novella\u26c8\ufe0f Good Reads Most Popular SFF\ud83c\udf89 Final Terry Pratchett\ud83d\udcd5 -FANTASY NEWS", "description": "Maybe my favorite Fantasy News every. Let\u2019s just get into it! \n\nPodcast: https://afictionalconversation.podbean.com/\nMerch: https://teespring.com/stores/fantasy-news-2\nPatreon: https://www.patreon.com/DanielBGreene\nAmazon: https://www.amazon.com/shop/danielgreene\nDiscord Server: https://discord.gg/xUzhVv4\nTwitter: https://twitter.com/DanielBGreene?lang=en\nTwitch: https://www.twitch.tv/fantasynews\nInstagram: https://www.instagram.com/dgreene101/\nGoodReads: https://www.goodreads.com/user/show/82239739-daniel-greene\nSubreddit: https://www.reddit.com/r/danielgreene\n\nNEWS: \n\nNeil Gaiman Talks Audio Drama: https://ew.com/books/neil-gaiman-sandman-audible-adaptation-netflix-show/?utm_campaign=entertainmentweekly_entertainmentweekly&utm_content=manual&utm_medium=social&utm_source=twitter.com&utm_term=5f0dacf5a0395b0001fb0071\n\n#MiddleEarth Show: https://www.indiewire.com/2020/07/will-poulter-lord-of-the-rings-tv-series-incredible-1234572992/\n\nDragon Republic Paperback: https://www.instagram.com/p/CCme4K-gp7w/?utm_source=ig_web_copy_link\n\nGraphic Novel sales: https://www.publishersweekly.com/pw/by-topic/industry-news/comics/article/83842-2019-north-american-comics-sales-hit-record-1-21-billion.html\n\n#StormlightArchive Update: https://www.reddit.com/r/Stormlight_Archive/comments/hquq36/stormlight_book_four_update_9_final_update/\n\nGood reads most popular SFF: https://www.goodreads.com/blog/show/1875-the-100-most-popular-fantasy-books-on-goodreads\n\nhttps://www.goodreads.com/blog/show/1874-the-100-most-popular-sci-fi-books-on-goodreads\n\nStar Wars #BadBatch: https://twitter.com/DiscussingFilm/status/1282707471598063618?s=19\n\nNew Terry Pratchett Stories: https://www.theguardian.com/books/2020/jul/07/terry-prachett-the-time-travelling-caveman-published-september\n\nStar Trek Lower Decks: https://www.youtube.com/watch?v=V3RkBKedKWw\n\nStormlight book 4 finished: https://twitter.com/brandsanderson/status/1282194268883316736?s=21\n\nNew Stormlight Book: https://www.kickstarter.com/projects/dragonsteel/the-way-of-kings-10th-anniversary-leatherbound-edition/posts/2893136?ref=android_update_share\n\nDo Androids dream of electric sheep: https://twitter.com/SkinnerCreative/status/1283034101914767362\n\nRothfuss Livestreams: https://twitter.com/PatrickRothfuss/status/1282721300482580480?s=20", "link": "https://www.youtube.com/watch?v=nrgzc5C2lL4", "date_published": "2020-07-15 00:00:00+00:00", "persistent": false, "user": null, "language": "en-US"}]