[{"source": "https://www.youtube.com/feeds/videos.xml?channel_id=UCwSv086EAByBY-Z7y-QR_cQ", "title": "Nowa strategia USA: wzrost kosztem partner\u00f3w!", "description": "\ud83e\udd2a Mi\u0142o, \u017ce tutaj zajrza\u0142e\u015b.  Zapraszam do ogl\u0105dania.\n\n\u2b07\ufe0fRozwi\u0144 opis\u2b07\ufe0f\n-------------------------------------------------------------\n\ud83d\udc40 Mroczne Podcasty: https://goo.gl/cdCFKe\n\ud83d\udc40 twitter: http://bit.ly/2B6jTPd\n-------------------------------------------------------------\n\u2709\ufe0f Napisz do mnie \u2709\ufe0f \n\ud83d\udd8a\ufe0f uszi@protonmail.com\n-------------------------------------------------------------\n\ud83d\udc7a niecenzuralne i agresywne komentarze zostan\u0105 usuni\u0119te.  Jak ju\u017c musisz zakl\u0105\u0107 dawaj znaki (&*%@%).\n-------------------------------------------------------------\n\ud83d\udcb2 wsparcie\n\ud83d\udcb0 http://bit.ly/2ETKSyN\n-------------------------------------------------------------\n\u2705\u017ar\u00f3d\u0142a:\nLink 1:                   http://bit.ly/2RH8Wes\n-------------------------------------------------------------\n\ud83d\udca1 Tagi: #USA #geopolityka\n-------------------------------------------------------------", "link": "https://www.youtube.com/watch?v=-cLGs4BxnCk", "date_published": "2020-01-21 00:00:00+00:00", "persistent": false, "user": null, "language": "en-US"}, {"source": "https://www.youtube.com/feeds/videos.xml?channel_id=UCwSv086EAByBY-Z7y-QR_cQ", "title": "Marksizm, czy Postmodernizm? Kto ma racj\u0119? Krzysztof Karo\u0144, czy Adam Wielomski?", "description": "\ud83e\udd2a Mi\u0142o, \u017ce tutaj zajrza\u0142e\u015b.  Zapraszam do ogl\u0105dania.\n\n\u2b07\ufe0fRozwi\u0144 opis\u2b07\ufe0f\n-------------------------------------------------------------\n\ud83d\udc40 Mroczne Podcasty: https://goo.gl/cdCFKe\n\ud83d\udc40 twitter: http://bit.ly/2B6jTPd\n-------------------------------------------------------------\n\u2709\ufe0f Napisz do mnie \u2709\ufe0f \n\ud83d\udd8a\ufe0f uszi@protonmail.com\n-------------------------------------------------------------\n\ud83d\udc7a niecenzuralne i agresywne komentarze zostan\u0105 usuni\u0119te.  Jak ju\u017c musisz zakl\u0105\u0107 dawaj znaki (&*%@%).\n-------------------------------------------------------------\n\ud83d\udcb2 wsparcie\n\ud83d\udcb0 http://bit.ly/2ETKSyN\n-------------------------------------------------------------\n\u2705\u017ar\u00f3d\u0142a:\nLink 1:                   http://bit.ly/2ud9hxu\nLink 2:                   http://bit.ly/364wxuQ\nLink 3:                   http://bit.ly/2R9W9SY\n-------------------------------------------------------------\n\ud83d\uddbcGrafika: \nyoutube.pl / TradingJam\nhttp://bit.ly/30M4X4J\n---\nyoutube.pl / NAI Warszawa\nhttp://bit.ly/2G3BSb5\n-------------------------------------------------------------\n\ud83d\udca1 Tagi: #Marksizm #Karo\u0144\n-------------------------------------------------------------", "link": "https://www.youtube.com/watch?v=FKrFniKwCEM", "date_published": "2020-01-20 00:00:00+00:00", "persistent": false, "user": null, "language": "en-US"}]