[{"source": "https://www.youtube.com/feeds/videos.xml?channel_id=UCqg5FCR7NrpvlBWMXdt-5Vg", "title": "Temtem Is a Solid Pok\u00e9mon Clone and I\u2019m Excited to Play More | UnderDeveloped", "description": "Subscribe to Escapist Magazine! \u25ba\u25ba http://bit.ly/Sub2Escapist\r\n\r\nThis week Jack wades into the tall grass to get an early look at Temtem, a Pok\u00e9mon-like game that is also an MMO. Temtem has customizable characters, online co-op play, and (most importantly) adorable creatures\u2026 but will that be enough to push Pok\u00e9mon players towards team Temtem?\n\nWant to see the next episode a week early? Check out http://www.escapistmagazine.com for the latest episodes of your favorite shows.\r\n\r\n---\r\n\r\n\r\n\r\n---\r\n\r\n\r\nZero Punctuation Merch Store \u25ba\u25ba https://sharkrobot.com/collections/zero-punctuation \r\n\r\nJoin us on Twitch \u25ba\u25ba https://www.twitch.tv/escapistmagazine \r\n\r\nLike us on Facebook \u25ba\u25ba http://www.facebook.com/EscapistMag\r\n\r\nFollow us on Twitter \u25ba\u25ba https://twitter.com/EscapistMag\n\n#Temtem", "link": "https://www.youtube.com/watch?v=2ZoelbWEIm4", "date_published": "2020-01-20 00:00:00+00:00", "persistent": false, "user": null, "language": "en-US"}]