[{"source": "https://www.youtube.com/feeds/videos.xml?channel_id=UCNvzD7Z-g64bPXxGzaQaa4g", "title": "10 Best Games Where You Can PLAY AS GOD", "description": "Some games let you do whatever you want, but only a few games make you actually play as a god. Here are some of our favorite examples.\nSubscribe for more: https://www.youtube.com/gameranxTV?sub_confirmation=1", "link": "https://www.youtube.com/watch?v=MB5mOC3Ngm8", "date_published": "2020-06-03 00:00:00+00:00", "persistent": false, "user": null, "language": "en-US"}, {"source": "https://www.youtube.com/feeds/videos.xml?channel_id=UCNvzD7Z-g64bPXxGzaQaa4g", "title": "Valorant - Before You Buy", "description": "Valorant (PC) is a competitive FPS taking the world by storm. What is it? We're here to break it down.\nSubscribe for more: http://youtube.com/gameranxtv\n\nThumbnail art via: https://twitter.com/qfnfx/status/1249739523145285632", "link": "https://www.youtube.com/watch?v=s6o6-9pVOwU", "date_published": "2020-06-03 00:00:00+00:00", "persistent": false, "user": null, "language": "en-US"}, {"source": "https://www.youtube.com/feeds/videos.xml?channel_id=UCNvzD7Z-g64bPXxGzaQaa4g", "title": "10 Best FREE iOS & Android Games of May 2020", "description": "Looking for something to play on your iOS or Android device? We've got you covered with these new games from May.\nSubscribe for more: https://www.youtube.com/gameranxTV?sub_confirmation=1\n\nForza Street\nPlatform: iOS Android\nPrice: Free\nhttps://apps.apple.com/us/app/forza-street/id1453783746\nhttps://play.google.com/store/apps/details?id=com.microsoft.gravity&hl=en_IN\n\nBE-A Walker\nAndroid: Free, iOS [Paid] \nhttps://play.google.com/store/apps/details?id=com.tequilabyte.walker&hl=en\nhttps://apps.apple.com/us/app/be-a-walker/id1499068771\n\nBullet Echo\nPlatform: iOS Android\nPrice: Free\nhttps://apps.apple.com/us/app/bullet-echo/id1500726361\nhttps://play.google.com/store/apps/details?id=com.petukhov.bulletecho.google&hl=en_IN\n\nVikings II\nPlatform: iOS Android\nPrice: Free\nhttps://apps.apple.com/us/app/vikings-ii/id1494471470\nhttps://play.google.com/store/apps/details?id=com.pid.vikings2\n\nPico Hero\nhttps://apps.apple.com/us/app/pico-hero/id1506713362\nhttps://play.google.com/store/apps/details?id=com.cappy1.picohero\n\nSonic at the Olympic Games\nPlatform: iOS Android\nPrice: Free\nhttps://apps.apple.com/us/app/sonic-at-the-olympic-games/id1484836043\nhttps://play.google.com/store/apps/details?id=com.sega.tokyo&hl=en_IN\n\nKartRider Rush+\nPlatform: iOS Android\nPrice: Free\nhttps://apps.apple.com/us/app/kartrider-rush/id1466736988\nhttps://play.google.com/store/apps/details?id=com.nexon.kart&hl=en\n\nSpongeBob: Krusty Cook-Off\nPlatform: iOS Android\nPrice: Free\nhttps://apps.apple.com/us/app/spongebob-krusty-cook-off/id1433784188\nhttps://play.google.com/store/apps/details?id=com.tiltingpoint.spongebob&hl=en\n\nBlade & Soul Revolution [Western Release soon]\nPlatform: iOS Android\nPrice: Free\nhttps://apps.apple.com/us/app/blade-soul-revolution/id1497279864\nhttps://play.google.com/store/apps/details?id=com.netmarble.bnsmasia&hl=en_IN\n\n\nSandship: Crafting Factory\nPlatform: iOS Android\nPrice: Free\nhttps://apps.apple.com/us/app/sandship-crafting-factory/id1440385758\nhttps://play.google.com/store/apps/details?id=com.rockbite.sandship\n\n\nBONUS\n\nDanganronpa: Trigger Happy Hav\nPlatform: iOS Android\nPrice: $15.99\nhttps://apps.apple.com/us/app/danganronpa-trigger-happy-hav/id1502232038\nhttps://play.google.com/store/apps/details?id=jp.co.spike_chunsoft.DR1&hl=en \n\n\nJuicy Realm\nPlatform: iOS Android\nPrice:$2.99\nhttps://apps.apple.com/us/app/juicy-realm/id1453808408\nhttps://play.google.com/store/apps/details?id=net.spacecan.juicyrealm.android&hl=en_IN", "link": "https://www.youtube.com/watch?v=sm9UZxfU5UE", "date_published": "2020-06-02 00:00:00+00:00", "persistent": false, "user": null, "language": "en-US"}]