[{"source": "http://rss.cnn.com/rss/edition.rss", "title": "'The new toilet paper:' Bikes are flying off shelves, overwhelming shops", "description": "Eric Attayi, owner of the Urban Bicycle Gallery in Houston, Texas, has watched the pandemic transform his shop in a way most businesses can only dream of.", "link": "https://www.cnn.com/2020/06/02/tech/bike-boom-pandemic/index.html", "date_published": "2020-06-02 21:57:43+00:00", "persistent": false, "user": null, "language": "en-US"}, {"source": "http://rss.cnn.com/rss/edition.rss", "title": "Jay-Z takes out full-page ads across the US in dedication to George Floyd", "description": "Jay-Z has partnered with families who have lost sons to police violence, along with fellow activists and attorneys, to take out full-page ads in newspapers across the country to honor George Floyd.", "link": "https://www.cnn.com/2020/06/02/entertainment/jay-z-newspaper-ads/index.html", "date_published": "2020-06-02 20:49:13+00:00", "persistent": false, "user": null, "language": "en-US"}, {"source": "http://rss.cnn.com/rss/edition.rss", "title": "Zuckerberg struggles to explain inaction on Trump posts to outraged staff", "description": "Facebook CEO Mark Zuckerberg sought to ease the outrage from a number of employees on Tuesday over his inaction on incendiary remarks recently posted by President Donald Trump on the platform.", "link": "https://www.cnn.com/2020/06/02/tech/facebook-all-hands-trump/index.html", "date_published": "2020-06-02 20:25:44+00:00", "persistent": false, "user": null, "language": "en-US"}, {"source": "http://rss.cnn.com/rss/edition.rss", "title": "Trudeau was asked about Trump's handling of the protests. See how long it took him to respond", "description": "\u2022 Trudeau refuses to criticize Trump", "link": "https://www.cnn.com/videos/politics/2020/06/02/justin-trudeau-trump-response-silence-vpx.ctv", "date_published": "2020-06-02 19:19:10+00:00", "persistent": false, "user": null, "language": "en-US"}, {"source": "http://rss.cnn.com/rss/edition.rss", "title": "Gantz tells Israeli Army to step up preparations in West Bank ahead of possible annexation", "description": "Israel's Defense Minister Benny Gantz has told the army to step up preparations in parts of the West Bank, heightening the sense the government stands ready to make a possible dramatic announcement on annexation in the next few weeks.", "link": "https://www.cnn.com/2020/06/02/middleeast/israel-gantz-army-west-bank-annexation-intl/index.html", "date_published": "2020-06-02 18:35:02+00:00", "persistent": false, "user": null, "language": "en-US"}, {"source": "http://rss.cnn.com/rss/edition.rss", "title": "Cristobal becomes the earliest third Atlantic named storm on record", "description": "The 2020 hurricane season is only two days old and is already an active one. Cristobal is now the third named storm of the season. It's the earliest a third named storm has ever formed.", "link": "https://www.cnn.com/2020/06/02/weather/cristobal-tropical-storm-forecast-atlantic-hurricane-season/index.html", "date_published": "2020-06-02 18:26:06+00:00", "persistent": false, "user": null, "language": "en-US"}, {"source": "http://rss.cnn.com/rss/edition.rss", "title": "The world lost a football pitch-sized area of tropical forest every six seconds in 2019", "description": "The world lost 3.8 million hectares of tropical primary forest in 2019 -- equivalent to a football pitch every six seconds -- according to a new report published Tuesday.", "link": "https://www.cnn.com/2020/06/02/world/tropical-forest-six-seconds-scli-intl/index.html", "date_published": "2020-06-02 17:11:58+00:00", "persistent": false, "user": null, "language": "en-US"}, {"source": "http://rss.cnn.com/rss/edition.rss", "title": "Australia will investigate attack on journalists by police in Washington", "description": "Australian Prime Minister Scott Morrison has called for an investigation after two of the country's journalists were attacked by police in Washington DC on Monday.", "link": "https://www.cnn.com/2020/06/02/media/australia-journalists-protests-washington/index.html", "date_published": "2020-06-02 15:38:59+00:00", "persistent": false, "user": null, "language": "en-US"}, {"source": "http://rss.cnn.com/rss/edition.rss", "title": "How Atlanta's mayor became the face and voice of her party amid protest and chaos", "description": "Keisha Lance Bottoms wasn't one of the 28 Democratic candidates who ran for the presidential nomination this year. But in the last week, she has become the party's most important voice.", "link": "https://www.cnn.com/2020/06/02/politics/keisha-lance-bottoms-atlanta-mayor/index.html", "date_published": "2020-06-02 14:49:03+00:00", "persistent": false, "user": null, "language": "en-US"}, {"source": "http://rss.cnn.com/rss/edition.rss", "title": "Safety is now the sexiest word in travel", "description": "Four Seasons Hotels and Resorts collaborating with Johns Hopkins Medicine International. Montage International teaming with primary care provider One Medical. For French hospitality company Accor, the partner is insurance firm AXA, and with Hilton, it's Lysol. And then there's the new safety stamp from the World Travel & Tourism Council (WTTC). The list seems to go on and on.", "link": "https://www.cnn.com/travel/article/hotel-health-partnerships-coronavirus/index.html", "date_published": "2020-06-02 14:00:57+00:00", "persistent": false, "user": null, "language": "en-US"}, {"source": "http://rss.cnn.com/rss/edition.rss", "title": "Can this airplane seat keep you safe from Covid-19?", "description": "As conversations continue about if, when and how it's safe to be flying, airplane seat designers continue to sketch out concepts for what the future of aviation might look like.", "link": "https://www.cnn.com/travel/article/socially-distanced-airplane-seat-interspace-lite/index.html", "date_published": "2020-06-02 13:49:36+00:00", "persistent": false, "user": null, "language": "en-US"}, {"source": "http://rss.cnn.com/rss/edition.rss", "title": "3 generations share their truth about being black in America", "description": "", "link": "https://www.cnn.com/videos/opinions/2020/06/01/black-men-in-america-four-generations-on-protests-orig-jm-mss-tss.cnn", "date_published": "2020-06-02 13:19:06+00:00", "persistent": false, "user": null, "language": "en-US"}, {"source": "http://rss.cnn.com/rss/edition.rss", "title": "A  midwife, a train driver and a store worker are British Vogue's latest cover stars", "description": "British Vogue readers might be more familiar seeing supermodels or celebrities gracing its front cover, but July's issue will look a little different, featuring key workers helping provide essential services during the coronavirus pandemic.", "link": "https://www.cnn.com/style/article/british-vogue-key-worker-intl-scli-gbr/index.html", "date_published": "2020-06-02 13:14:56+00:00", "persistent": false, "user": null, "language": "en-US"}, {"source": "http://rss.cnn.com/rss/edition.rss", "title": "'Rioting is the voices of people who have no voice,' says Kareem Abdul-Jabbar", "description": "As US President Donald Trump vowed to return order to America's streets using the military if widespread violence isn't quelled, one NBA Hall of Fame player says that the rioting that is taking place all across the country is \"the voices of people who have no voice.\"", "link": "https://www.cnn.com/2020/06/02/sport/george-floyd-kareem-abdul-jabbar-gregg-popovich-spt-intl/index.html", "date_published": "2020-06-02 11:27:20+00:00", "persistent": false, "user": null, "language": "en-US"}, {"source": "http://rss.cnn.com/rss/edition.rss", "title": "Adventurer trapped in Alaska with 24 dogs hatches escape plan to return home", "description": "What to do when you're stranded in Alaska by a global pandemic and are trying to get back home to Norway -- with 24 dogs in tow.", "link": "https://www.cnn.com/2020/06/02/sport/iditarod-thomas-waerner-norway-stranded-spt-intl/index.html", "date_published": "2020-06-02 11:22:47+00:00", "persistent": false, "user": null, "language": "en-US"}, {"source": "http://rss.cnn.com/rss/edition.rss", "title": "Vintage family pictures inspired this Nigerian photographer's latest work", "description": "For his latest project, Nigerian photographer Oye Diran looked to his old family photos for inspiration. He was especially taken by the elegant clothing his parents used to wear, including his mother in classic Nigerian iro and buba style (a wrapped skirt and tailored top) -- often paired with a gele (headwrap).", "link": "https://www.cnn.com/style/article/a-ti-de-oye-diran-photography/index.html", "date_published": "2020-06-02 10:26:05+00:00", "persistent": false, "user": null, "language": "en-US"}, {"source": "http://rss.cnn.com/rss/edition.rss", "title": "Johnson's Brexit nightmare is back at the worst possible moment", "description": "June 2020 is set to be one of the most important months in Boris Johnson's somewhat tumultuous first year as Prime Minister.", "link": "https://www.cnn.com/2020/06/01/uk/boris-johnson-brexit-june-intl-gbr/index.html", "date_published": "2020-06-02 09:33:07+00:00", "persistent": false, "user": null, "language": "en-US"}, {"source": "http://rss.cnn.com/rss/edition.rss", "title": "India is using drones and fire trucks to fight its worst locust invasion in almost 30 years", "description": "As India continues its battle with the coronavirus pandemic a new kind of invasion is threatening to destroy vital crops and vegetation -- the worst locust swarm the country has seen in almost 30 years.", "link": "https://www.cnn.com/2020/06/02/asia/india-desert-locust-swarm-intl-hnk/index.html", "date_published": "2020-06-02 08:49:53+00:00", "persistent": false, "user": null, "language": "en-US"}, {"source": "http://rss.cnn.com/rss/edition.rss", "title": "Emirates restarts flights but the flying experience won't be the same", "description": "Emirates restarted regular passenger flights with very new measures in place. CNN's John Defterios speaks to the passengers and the crew adjusting to this new normal in air travel.", "link": "https://www.cnn.com/videos/tv/2020/06/02/emirates-resumes-flights.cnn", "date_published": "2020-06-02 08:00:59+00:00", "persistent": false, "user": null, "language": "en-US"}, {"source": "http://rss.cnn.com/rss/edition.rss", "title": "Protests spread to London and Berlin", "description": "Protesters took to the streets in London and Berlin to show solidarity with demonstrators in the US over the death of George Floyd while in police custody. CNN's Nic Robertson reports.", "link": "https://www.cnn.com/videos/world/2020/06/01/global-reaction-to-george-floyd-protests-intl-hnk-vpx.cnn", "date_published": "2020-06-02 05:31:39+00:00", "persistent": false, "user": null, "language": "en-US"}, {"source": "http://rss.cnn.com/rss/edition.rss", "title": "Some in Pentagon increasingly wary as Trump pushes military response", "description": "", "link": "https://www.cnn.com/collections/intl-trump-floyd-protests-0601/", "date_published": "2020-06-02 04:57:56+00:00", "persistent": false, "user": null, "language": "en-US"}, {"source": "http://rss.cnn.com/rss/edition.rss", "title": "World-famous beach emptied by coronavirus", "description": "Miguel Oliveira firmly pushes down on the limes and sugar in the cocktail shaker, for the first time that day. It's noon, and this, together with the sparsely-populated promenade his kiosk bar sits on, is just one sign that something is wrong in Rio de Janeiro.", "link": "https://www.cnn.com/travel/article/brazil-copacabana-empty-coronavirus/index.html", "date_published": "2020-06-02 04:42:12+00:00", "persistent": false, "user": null, "language": "en-US"}, {"source": "http://rss.cnn.com/rss/edition.rss", "title": "Trump's made-for-TV strongman act threatens American traditions", "description": "President Donald Trump's made-for-TV embrace of authoritarianism's imagery and tools at a brittle national moment risks unleashing toxic political forces that threaten America's democratic traditions.", "link": "https://www.cnn.com/2020/06/02/politics/donald-trump-george-floyd-protest-military/index.html", "date_published": "2020-06-02 04:06:45+00:00", "persistent": false, "user": null, "language": "en-US"}, {"source": "http://rss.cnn.com/rss/edition.rss", "title": "Pentagon officials express concern as Trump discusses using military to 'dominate' protestors", "description": "Defense officials tell CNN there was deep and growing discomfort among some in the Pentagon even before President Donald Trump announced Monday that he is ready to deploy the military to enforce order inside the United States.", "link": "https://www.cnn.com/2020/06/01/politics/troops-deploying-washington-dc/index.html", "date_published": "2020-06-02 03:05:15+00:00", "persistent": false, "user": null, "language": "en-US"}, {"source": "http://rss.cnn.com/rss/edition.rss", "title": "The homes frozen in time on an abandoned Hong Kong island", "description": "While many visitors to Hong Kong know about the main Hong Kong island, home to many of the financial capital's skyscrapers, the city is actually an archipelago.", "link": "https://www.cnn.com/travel/article/yim-tin-tsai-island-hong-kong/index.html", "date_published": "2020-06-02 01:59:59+00:00", "persistent": false, "user": null, "language": "en-US"}, {"source": "http://rss.cnn.com/rss/edition.rss", "title": "Three videos piece together the final moments of George Floyd's life", "description": "", "link": "https://www.cnn.com/collections/intl-george-floyd-killing-0601/", "date_published": "2020-06-02 01:44:51+00:00", "persistent": false, "user": null, "language": "en-US"}, {"source": "http://rss.cnn.com/rss/edition.rss", "title": "'I am outraged': Bishop overseeing church responds to Trump photo-op", "description": "Bishop Mariann Edgar Budde, who oversees St. John's Episcopal Church in Washington DC, responds to President Trump's photo-op at the church shortly after his remarks about the protests over the death of George Floyd.", "link": "https://www.cnn.com/videos/politics/2020/06/02/mariann-budde-bishop-st-johns-trump-bible-photo-ac360-vpx.cnn", "date_published": "2020-06-02 01:35:29+00:00", "persistent": false, "user": null, "language": "en-US"}, {"source": "http://rss.cnn.com/rss/edition.rss", "title": "As America sees another night of protests and curfews, families of those killed plea for no more violence", "description": "", "link": "https://www.cnn.com/collections/intl-floyd-protests-june-2/", "date_published": "2020-06-02 01:35:03+00:00", "persistent": false, "user": null, "language": "en-US"}, {"source": "http://rss.cnn.com/rss/edition.rss", "title": "Will protests lead to another wave of coronavirus cases?", "description": "Government leaders and health officials have expressed their concern that coronavirus could rapidly spread during protests over the death of George Floyd.", "link": "https://www.cnn.com/2020/06/01/health/protests-coronavirus-spread-concerns/index.html", "date_published": "2020-06-02 01:28:47+00:00", "persistent": false, "user": null, "language": "en-US"}, {"source": "http://rss.cnn.com/rss/edition.rss", "title": "Trump is gift-wrapping a propanganda win for China", "description": "", "link": "https://www.cnn.com/collections/intl-hong-kong-china-us-0601/", "date_published": "2020-06-02 00:43:34+00:00", "persistent": false, "user": null, "language": "en-US"}, {"source": "http://rss.cnn.com/rss/edition.rss", "title": "Peaceful protesters near White House gassed, shot with rubber bullets as Trump leaves for church photo-op", "description": "", "link": "https://www.cnn.com/2020/06/01/politics/donald-trump-national-address-race/index.html", "date_published": "2020-06-02 00:40:08+00:00", "persistent": false, "user": null, "language": "en-US"}, {"source": "http://rss.cnn.com/rss/edition.rss", "title": "Anderson Cooper calls out Trump: 'Who's the thug here?'", "description": "CNN's Anderson Cooper reacts to President Trump's recent threats to mobilize the US military to end riots over George Floyd's death and his subsequent photo opportunituy at St. John's Episcopal Church.", "link": "https://www.cnn.com/videos/politics/2020/06/01/trump-military-protests-george-floyd-cooper-ac360-vpx.cnn", "date_published": "2020-06-02 00:36:18+00:00", "persistent": false, "user": null, "language": "en-US"}]