[{"source": "https://www.youtube.com/feeds/videos.xml?channel_id=UCAKcSON6PSG_JkTbXh2WdIg", "title": "The Claypool Lennon Delirium - full session at The Current", "description": "The Claypool Lennon Delirium, as the name suggests, has as its nucleus Les Claypool and Sean Lennon. Their 2019 album, 'South of Reality,' was recorded at Rancho Relaxo \u2014 the name Claypool has given his home studio in Sonoma County, California. Watch this session from April 2019, when the Claypool Lennon Delirium visited The Current to perform three songs off the album.\n\nSONGS PERFORMED\n0:00 \"Little Fishes\"\n05:46 \"Easily Charmed By Fools\"\n10:36 \"Blood and Rockets\"\n\nPERSONNEL\nLes Claypool\nSean Lennon\nJo\u00e3o Nogueira\nPaulo Baldi\n\nCREDITS\nVideo & Photo: Nate Ryan\nAudio: Michael DeMark\nProduction: Derrick Stevens\n\nFIND MORE:\nhttps://www.thecurrent.org/feature/2019/04/25/the-claypool-lennon-delirium-play-songs-chat-with-mary-lucia-in-the-current-studio\n\n\nSubscribe to our channel:\nhttp://www.youtube.com/user/893TheCurrent?sub_confirmation=1\nLike/Follow:\nhttps://www.facebook.com/TheCurrent/\nhttps://twitter.com/TheCurrent\nhttps://www.instagram.com/thecurrent/", "link": "https://www.youtube.com/watch?v=7DhRs288uuM", "date_published": "2020-06-03 00:00:00+00:00", "persistent": false, "user": null, "language": "en-US"}, {"source": "https://www.youtube.com/feeds/videos.xml?channel_id=UCAKcSON6PSG_JkTbXh2WdIg", "title": "Brandi Carlile - three songs recorded for The Current", "description": "June 1 is the birthday of singer-songwriter Brandi Carlile, so in honor of that, we're sharing three performances by Carlile and her band.\n\nSONGS PERFORMED\n00:00 \"That Wasn't Me\"\n03:50 \"Wherever Is Your Heart\"\n07:49 \"The Joke\"\n\nPERSONNEL\nBrandi Carlile\nPhil Hanseroth\nTim Hanseroth\nJosh Neumann\n\nCREDITS\nVideo & Photo: Nate Ryan\nAudio: Michael DeMark\nProduction: Derrick Stevens\n\nFIND MORE:\n2012 studio session: https://www.thecurrent.org/feature/2012/06/27/brandicarlile-live\n2014 studio session: https://www.thecurrent.org/feature/2014/12/30/brandi-carlile-performs-in-the-current-studio\n\nSubscribe to our channel:\nhttp://www.youtube.com/user/893TheCurrent?sub_confirmation=1\nLike/Follow:\nhttps://www.facebook.com/TheCurrent/\nhttps://twitter.com/TheCurrent\nhttps://www.instagram.com/thecurrent/", "link": "https://www.youtube.com/watch?v=DM0_WhsHJ0g", "date_published": "2020-06-02 00:00:00+00:00", "persistent": false, "user": null, "language": "en-US"}, {"source": "https://www.youtube.com/feeds/videos.xml?channel_id=UCAKcSON6PSG_JkTbXh2WdIg", "title": "Minnesota music community shows up, helps out, calls for change (The Current Music News)", "description": "June 2, 2020: After a week of protest and pain in the Twin Cities after the death of George Floyd, Jay and Jade look at the Minnesota music scene and its calls for institutional change. Also, Andre Cymone reflects on his experiences with racism in Minneapolis when he was growing up with Prince.\nSubscribe to our channel:\nhttp://www.youtube.com/user/893TheCurrent?sub_confirmation=1\nLike/Follow:\nhttps://www.facebook.com/TheCurrent/\nhttps://twitter.com/TheCurrent\nhttps://www.instagram.com/thecurrent/", "link": "https://www.youtube.com/watch?v=995Kqh6cLrM", "date_published": "2020-06-02 00:00:00+00:00", "persistent": false, "user": null, "language": "en-US"}]