[{"source": "https://www.youtube.com/feeds/videos.xml?channel_id=UCwUizOU8pPWXdXNniXypQEQ", "title": "Tesla - Pretend to Save the Environment While Looking Rich", "description": "Owning a Tesla is the best way to pretend to save the environment while looking rich. Tesla owners are not only the biggest fans of Elon Musk, but they also know that owning a six figure electric car that's very taxing on the environment is the best way to care for the environment.\nSubscribe to my channel for MORE! New videos every week!: https://www.youtube.com/user/AwakenWithJP?sub_confirmation=1\n\n*For Comedy Show schedule and tickets: https://awakenwithjp.com/events/\n-My NEW Awakened Shirts are available! Claim yours here: https://awakenwithjp.com/shop\n\nClick Here to join my PATREON - https://awakenwithjp.com/patron\n---- Want to be the first to see my new videos with 24 hour early access? Just click this to receive the alerts! - https://m.me/awakenwithjp?ref=w6836464\n\nListen and Subscribe to my NEW Podcast here: \nhttps://podcasts.apple.com/ca/podcast/awaken-with-jp-sears-show/id1436938686\nIt's also available everywhere else you get podcasts. Just search and subscribe to \"Awaken With JP Sears Show\"\n\n-Order my new book at: http://HowToBeUltraSpiritual.com/\n\nConnect with me at: \nhttp://www.facebook.com/AwakenWithJP\nhttp://www.Instagram.com/AwakenWithJP\nhttp://www.twitter.com/AwakenWithJP\nhttp://www.AwakenWithJP.com", "link": "https://www.youtube.com/watch?v=PLxPAwIeL0w", "date_published": "2020-02-05 00:00:00+00:00", "persistent": false, "user": null, "language": "en-US"}]