[{"source": "https://www.youtube.com/feeds/videos.xml?channel_id=UChvithwOECK5g_19TjldMKw", "title": "Coronavirus - A Warning To Us All", "description": "China's propaganda machine is using the Coronavirus to promote its leadership. Here's why this is dangerous. \n\n\u25d8 Support me on Patreon for early release, and much more! http://www.patreon.com/laowhy86\n\n\u25d8 Donate and support this channel through Paypal http://paypal.me/cmilkrun\n\n\u25d8 OR Become a Sponsor on YouTube:\nhttps://www.youtube.com/channel/UChvithwOECK5g_19TjldMKw/sponsor\n\n\u25d8 My TV show: Conquering Northern China:\nhttps://vimeo.com/ondemand/conqueringnorthernchina\n\n\u25d8 Conquering Southern China\nhttps://vimeo.com/ondemand/conqueringsouthernchina\n\n\u25d8 Discount code for both shows: laowinning\n\n\u25d8 Join me every week for videos about China! Don't forget to subscribe!\nhttp://www.youtube.com/laowhy86\n\nFor Motorcycle adventures around the world, and a talk-show on two wheels go to ADVChina every Monday 1 PM EST/ 10 AM PST\nhttps://www.youtube.com/advchina\nADVChina new video\nhttps://youtu.be/G5VGPYtbTk8\n\nFor a realistic perspective on China and world travel from an American father and a Chinese mother with two half-Chinese daughters go to Laowhy86 every Wednesday 1 PM EST/ 10 AM PST\nhttps://www.youtube.com/laowhy86\n\nFor a no-nonsense on the street look at Chinese culture and beyond from China\u2019s original YouTuber, join SerpentZA on Friday at 1 PM EST/ 10 AM PST\nhttps://www.youtube.com/serpentza\nNew Video - Coronavirus update\nhttps://youtu.be/lk5XkhUKMDM\n\nBe a Laowinner!\nLike comment subscribe!\n\n\u25d8 Facebook:\nhttp://www.facebook.com/laowhy86\n\n\u25d8 Instagram: \nhttp://instagram.com/laowhy86\n\n\u25d8 Music in this video - The Muse Maker\nhttps://soundcloud.com/themusemaker\n\n\u25d8 Music used most of the time - New World Hip Hop\nhttps://soundcloud.com/apollodrivenz\nhttps://www.youtube.com/channel/UCgirAE5d8ufiotRXmBZZbBQ", "link": "https://www.youtube.com/watch?v=AbuqmziQ28I", "date_published": "2020-02-05 00:00:00+00:00", "persistent": false, "user": null, "language": "en-US"}]