[{"source": "https://www.youtube.com/feeds/videos.xml?channel_id=UC3I2GFN_F8WudD_2jUZbojA", "title": "Cartalk - Train In Vain (Live on KEXP)", "description": "http://KEXP.ORG presents Cartalk covering The Clash's \"Train In Vain\" live in the KEXP studio. Recorded January 22, 2020.\n\nAudio Engineer: Kevin Suggs\nCameras: Alaia D'Alessandro, Scott Holpainen & Justin Wilmore\nEditor: Alaia D'Alessandro\n\nhttp://kexp.org\nhttps://cartalk.bandcamp.com\nhttp://internationalclashday.com", "link": "https://www.youtube.com/watch?v=vwvfqq7BzPY", "date_published": "2020-02-05 00:00:00+00:00", "persistent": false, "user": null, "language": "en-US"}, {"source": "https://www.youtube.com/feeds/videos.xml?channel_id=UC3I2GFN_F8WudD_2jUZbojA", "title": "Great Grandpa - Big Yellow Taxi (Live on KEXP)", "description": "http://KEXP.ORG presents Great Grandpa covering Joni Mitchell's \"Big Yellow Taxi\" live in the KEXP studio. Recorded January 6, 2020.\n\nAudio Engineer: Kevin Suggs\nCameras: Jim Beckmann, Alaia D'Alessandro, Scott Holpainen & Justin Wilmore\nEditor: Justin Wilmore\n\nhttp://kexp.org\nhttps://www.greatgrandpa.band\nhttp://internationalclashday.com", "link": "https://www.youtube.com/watch?v=ikbiwQrZVXA", "date_published": "2020-02-05 00:00:00+00:00", "persistent": false, "user": null, "language": "en-US"}, {"source": "https://www.youtube.com/feeds/videos.xml?channel_id=UC3I2GFN_F8WudD_2jUZbojA", "title": "Pink Lotion - We Don't Need Another Hero (Live on KEXP)", "description": "http://KEXP.ORG presents Pink Lotion covering Tina Turner's \"We Don't Need Another Hero\" live in the KEXP studio. Recorded January 27, 2020.\n\nAudio Engineer: Kevin Suggs\nCameras: Jim Beckmann & Scott Holpainen\nEditor: Jim Beckmann\n\nhttp://kexp.org\nhttps://pinklotion.bandcamp.com\nhttp://internationalclashday.com", "link": "https://www.youtube.com/watch?v=D23D1K_e8ZQ", "date_published": "2020-02-05 00:00:00+00:00", "persistent": false, "user": null, "language": "en-US"}, {"source": "https://www.youtube.com/feeds/videos.xml?channel_id=UC3I2GFN_F8WudD_2jUZbojA", "title": "The Joy Formidable - Should I Stay Or Should I Go (Live on KEXP)", "description": "http://KEXP.ORG presents The Joy Formidable covering The Clash's \"Should I Stay Or Should I Go\" live in the KEXP studio. Recorded December 17, 2019.\n\nAudio Engineers: Dimitrios Leondaridis & Kevin Suggs\nCameras: Jim Beckmann, Scott Holpainen & Justin Wilmore\nEditor: Jim Beckmann\n\nhttp://kexp.org\nhttps://thejoyformidable.com\nhttp://internationalclashday.com", "link": "https://www.youtube.com/watch?v=gS6ytyAOjYg", "date_published": "2020-02-05 00:00:00+00:00", "persistent": false, "user": null, "language": "en-US"}, {"source": "https://www.youtube.com/feeds/videos.xml?channel_id=UC3I2GFN_F8WudD_2jUZbojA", "title": "\u00c6 MAK - Dancing Bug (Live on KEXP)", "description": "http://KEXP.ORG presents \u00c6 MAK performing \"Dancing Bug\" live at Kex Hostel in Reykjavik during Iceland Airwaves 2019. Recorded November 9, 2019.\n\nHost: Kevin Cole\nAudio Engineers: Onundur Hofsteinn P\u00e1lsson, Kevin Suggs & R\u00f3bert H\u00f6gni \u00deorbj\u00f6rnsson\nAudio Mixer:  Kevin Suggs\nCameras: Alaia D'Alessandro, Matt Ogaz & Kendall Rock\nDirector: Scott Holpainen\nEditor: Jim Beckmann\n\nhttp://kexp.org\nhttps://www.aemakmusic.com", "link": "https://www.youtube.com/watch?v=Sd1JomuQRBo", "date_published": "2020-02-04 00:00:00+00:00", "persistent": false, "user": null, "language": "en-US"}, {"source": "https://www.youtube.com/feeds/videos.xml?channel_id=UC3I2GFN_F8WudD_2jUZbojA", "title": "\u00c6 MAK - Glow (Live on KEXP)", "description": "http://KEXP.ORG presents \u00c6 MAK performing \"Glow\" live at Kex Hostel in Reykjavik during Iceland Airwaves 2019. Recorded November 9, 2019.\n\nHost: Kevin Cole\nAudio Engineers: Onundur Hofsteinn P\u00e1lsson, Kevin Suggs & R\u00f3bert H\u00f6gni \u00deorbj\u00f6rnsson\nAudio Mixer:  Kevin Suggs\nCameras: Alaia D'Alessandro, Matt Ogaz & Kendall Rock\nDirector: Scott Holpainen\nEditor: Jim Beckmann\n\nhttp://kexp.org\nhttps://www.aemakmusic.com", "link": "https://www.youtube.com/watch?v=iAfDOTvP9Jw", "date_published": "2020-02-04 00:00:00+00:00", "persistent": false, "user": null, "language": "en-US"}, {"source": "https://www.youtube.com/feeds/videos.xml?channel_id=UC3I2GFN_F8WudD_2jUZbojA", "title": "\u00c6 MAK - I Can Feel It In My Bones (Live on KEXP)", "description": "http://KEXP.ORG presents \u00c6 MAK performing \"I Can Feel It In My Bones\" live at Kex Hostel in Reykjavik during Iceland Airwaves 2019. Recorded November 9, 2019.\n\nHost: Kevin Cole\nAudio Engineers: Onundur Hofsteinn P\u00e1lsson, Kevin Suggs & R\u00f3bert H\u00f6gni \u00deorbj\u00f6rnsson\nAudio Mixer:  Kevin Suggs\nCameras: Alaia D'Alessandro, Matt Ogaz & Kendall Rock\nDirector: Scott Holpainen\nEditor: Jim Beckmann\n\nhttp://kexp.org\nhttps://www.aemakmusic.com", "link": "https://www.youtube.com/watch?v=2k8jeWz0RCc", "date_published": "2020-02-04 00:00:00+00:00", "persistent": false, "user": null, "language": "en-US"}, {"source": "https://www.youtube.com/feeds/videos.xml?channel_id=UC3I2GFN_F8WudD_2jUZbojA", "title": "\u00c6 MAK - I Walk (Live on KEXP)", "description": "http://KEXP.ORG presents \u00c6 MAK performing \"I Walk\" live at Kex Hostel in Reykjavik during Iceland Airwaves 2019. Recorded November 9, 2019.\n\nHost: Kevin Cole\nAudio Engineers: Onundur Hofsteinn P\u00e1lsson, Kevin Suggs & R\u00f3bert H\u00f6gni \u00deorbj\u00f6rnsson\nAudio Mixer:  Kevin Suggs\nCameras: Alaia D'Alessandro, Matt Ogaz & Kendall Rock\nDirector: Scott Holpainen\nEditor: Jim Beckmann\n\nhttp://kexp.org\nhttps://www.aemakmusic.com", "link": "https://www.youtube.com/watch?v=d68PvsIiN1U", "date_published": "2020-02-04 00:00:00+00:00", "persistent": false, "user": null, "language": "en-US"}, {"source": "https://www.youtube.com/feeds/videos.xml?channel_id=UC3I2GFN_F8WudD_2jUZbojA", "title": "\u00c6 MAK - Signs (Live on KEXP)", "description": "http://KEXP.ORG presents \u00c6 MAK performing \"Signs\" live at Kex Hostel in Reykjavik during Iceland Airwaves 2019. Recorded November 9, 2019.\n\nHost: Kevin Cole\nAudio Engineers: Onundur Hofsteinn P\u00e1lsson, Kevin Suggs & R\u00f3bert H\u00f6gni \u00deorbj\u00f6rnsson\nAudio Mixer:  Kevin Suggs\nCameras: Alaia D'Alessandro, Matt Ogaz & Kendall Rock\nDirector: Scott Holpainen\nEditor: Jim Beckmann\n\nhttp://kexp.org\nhttps://www.aemakmusic.com", "link": "https://www.youtube.com/watch?v=1jGU2VjZcvA", "date_published": "2020-02-04 00:00:00+00:00", "persistent": false, "user": null, "language": "en-US"}, {"source": "https://www.youtube.com/feeds/videos.xml?channel_id=UC3I2GFN_F8WudD_2jUZbojA", "title": "\u00c6 MAK - Swallow (Live on KEXP)", "description": "http://KEXP.ORG presents \u00c6 MAK performing \"Swallow\" live at Kex Hostel in Reykjavik during Iceland Airwaves 2019. Recorded November 9, 2019.\n\nHost: Kevin Cole\nAudio Engineers: Onundur Hofsteinn P\u00e1lsson, Kevin Suggs & R\u00f3bert H\u00f6gni \u00deorbj\u00f6rnsson\nAudio Mixer:  Kevin Suggs\nCameras: Alaia D'Alessandro, Matt Ogaz & Kendall Rock\nDirector: Scott Holpainen\nEditor: Jim Beckmann\n\nhttp://kexp.org\nhttps://www.aemakmusic.com", "link": "https://www.youtube.com/watch?v=6lKo-aYMogU", "date_published": "2020-02-04 00:00:00+00:00", "persistent": false, "user": null, "language": "en-US"}, {"source": "https://www.youtube.com/feeds/videos.xml?channel_id=UC3I2GFN_F8WudD_2jUZbojA", "title": "\u00c6 MAK - Too Sad To Sing (Live on KEXP)", "description": "http://KEXP.ORG presents \u00c6 MAK performing \"Too Sad To Sing\" live at Kex Hostel in Reykjavik during Iceland Airwaves 2019. Recorded November 9, 2019.\n\nHost: Kevin Cole\nAudio Engineers: Onundur Hofsteinn P\u00e1lsson, Kevin Suggs & R\u00f3bert H\u00f6gni \u00deorbj\u00f6rnsson\nAudio Mixer:  Kevin Suggs\nCameras: Alaia D'Alessandro, Matt Ogaz & Kendall Rock\nDirector: Scott Holpainen\nEditor: Jim Beckmann\n\nhttp://kexp.org\nhttps://www.aemakmusic.com", "link": "https://www.youtube.com/watch?v=SEuuCZ8p-L4", "date_published": "2020-02-04 00:00:00+00:00", "persistent": false, "user": null, "language": "en-US"}, {"source": "https://www.youtube.com/feeds/videos.xml?channel_id=UC3I2GFN_F8WudD_2jUZbojA", "title": "\u00c6 Mak - Full Performance (Live on KEXP)", "description": "http://KEXP.ORG presents \u00c6 MAK performing live at Kex Hostel in Reykjavik during Iceland Airwaves 2019. Recorded November 9, 2019.\n\nSongs:\nI Walk\nToo Sad To Sing\nPink Himalayan Sunlight\nSigns\nDancing Bug\nSwallow\nI Can Feel It In My Bones\nGlow\n\nHost: Kevin Cole\nAudio Engineers: Onundur Hofsteinn P\u00e1lsson, Kevin Suggs & R\u00f3bert H\u00f6gni \u00deorbj\u00f6rnsson\nAudio Mixer:  Kevin Suggs\nCameras: Alaia D'Alessandro, Matt Ogaz & Kendall Rock\nDirector: Scott Holpainen\nEditor: Jim Beckmann\n\nhttp://kexp.org\nhttps://www.aemakmusic.com", "link": "https://www.youtube.com/watch?v=NxHv2yaK6H8", "date_published": "2020-02-04 00:00:00+00:00", "persistent": false, "user": null, "language": "en-US"}]