[{"source": "https://www.youtube.com/feeds/videos.xml?channel_id=UCXuqSBlHAE6Xw-yeJA0Tunw", "title": "We FIXED a DEAD CPU!!", "description": "Visit https://www.squarespace.com/LTT and use offer code LTT for 10% off\n\nThanks to Thermal Grizzly for sponsoring today's episode! Buy Thermal Grizzly Conductonaut on Amazon (PAID LINK) at https://lmg.gg/conductonaut\n\nPulled a Linus and dropped your CPU? Got a couple busted pins and want to fix them? Want to save a whole lot of money? We got you fam, we walk you through the process of fixing a Ryzen 3700x with broken pins and get it up and running again. Big thanks to Zettabit. lab and their video:  https://lmg.gg/aHAAH\nAlso Ethan for trading the CPU for us to work on. \n\nSolder mask: https://lmg.gg/TzGT4\nBuy F2C 858D SMD Rework Station\nOn Amazon (PAID LINK): https://geni.us/a4LAE\nBuy Brightech LightView PRO\nOn Amazon (PAID LINK): https://geni.us/nAqG9\nBuy MG Chemicals 8341 No Clean Flux Paste\nOn Amazon (PAID LINK): https://geni.us/i9bbFnz\nBuy Isopropyl Alcohol 99%\nOn Amazon (PAID LINK): https://geni.us/kon3A\nBuy Heavy Duty Aluminium Foil\nOn Amazon (PAID LINK): https://geni.us/jYsdsaF\n\nPurchases made through some store links may provide some compensation to Linus Media Group.\n\nDiscuss on the forum: https://lmg.gg/bytck\n\nOur Affiliates, Referral Programs, and Sponsors: https://linustechtips.com/main/topic/75969-linus-tech-tips-affiliates-referral-programs-and-sponsors\nDisplate metal posters: https://lmg.gg/displateltt\n\nLinus Tech Tips merchandise at http://www.LTTStore.com/\nOur Test Benches on Amazon: https://www.amazon.com/shop/linustechtips\nOur production gear: http://geni.us/cvOS\nOur Chrono.gg game store: https://ltt.chrono.gg/\n\nTwitter - https://twitter.com/linustech\nFacebook - http://www.facebook.com/LinusTech\nInstagram - https://www.instagram.com/linustech\nTwitch - https://www.twitch.tv/linustech\n\nIntro Screen Music Credit:\nTitle: Laszlo - Supernova\nVideo Link: https://www.youtube.com/watch?v=PKfxmFU3lWY\niTunes Download Link: https://itunes.apple.com/us/album/supernova/id936805712\nArtist Link: https://soundcloud.com/laszlomusic\n\nOutro Screen Music Credit: Approaching Nirvana - Sugar High http://www.youtube.com/approachingnirvana", "link": "https://www.youtube.com/watch?v=yh2XYkRwtBQ", "date_published": "2020-02-05 00:00:00+00:00", "persistent": false, "user": null, "language": "en-US"}, {"source": "https://www.youtube.com/feeds/videos.xml?channel_id=UCXuqSBlHAE6Xw-yeJA0Tunw", "title": "This Server Deployment was HORRIBLE", "description": "Get $20 in free credit on your new account at https://www.linode.com/linus\n\nMonitor and manage your PC in real-time with Pulseway! Create your free account today at https://lmg.gg/pulseway\n\nSub to Level1Techs!! https://www.youtube.com/c/Level1Techs\n\nOur new server is TOO fast... and no, that is not a good thing.\n\nBuy AMD EPYC Rome processors on Amazon (PAID LINK): https://geni.us/PYlsxp\n\nBuy Intel P4500 on Amazon (PAID LINK): https://geni.us/ij2Qd0\n\nBuy Crucial 32GB DDR4-2933 on Amazon (PAID LINK): https://geni.us/c8MOx\n\nGigabyte EPYC server: https://www.gigabyte.com/Rack-Server/R272-Z32-rev-100#ov\n\nPurchases made through some store links may provide some compensation to Linus Media Group.\n\nDiscuss on the forum: https://linustechtips.com/main/topic/1152200-this-server-deployment-was-horrible/\n\nOur Affiliates, Referral Programs, and Sponsors: https://lmg.gg/sponsors\nGet a Displate Metal Print at https://lmg.gg/displateltt\nGet a 30-day free trial of Amazon Prime at https://lmg.gg/8KV1v\n\nLinus Tech Tips merchandise at http://www.LTTStore.com/ \nOur Test Benches on Amazon: https://www.amazon.com/shop/linustechtips \nOur production gear: http://geni.us/cvOS\nCome see us at LTX 2020: https://www.ltxexpo.com/\n\nTwitter - https://twitter.com/linustech\nFacebook - http://www.facebook.com/LinusTech\nInstagram - https://www.instagram.com/linustech\nTwitch - https://www.twitch.tv/linustech \n\nIntro Screen Music Credit:\nTitle: Laszlo - Supernova\nVideo Link: https://www.youtube.com/watch?v=PKfxmFU3lWY\niTunes Download Link: https://itunes.apple.com/us/album/supernova/id936805712\nArtist Link: https://soundcloud.com/laszlomusic\n\nOutro Screen Music Credit: Approaching Nirvana - Sugar High http://www.youtube.com/approachingnirvana", "link": "https://www.youtube.com/watch?v=xWjOh0Ph8uM", "date_published": "2020-02-04 00:00:00+00:00", "persistent": false, "user": null, "language": "en-US"}]