[{"source": "https://www.youtube.com/feeds/videos.xml?channel_id=UCR-DXc1voovS8nhAvccRZhg", "title": "Raspberry Pi Cluster Ep 6 - Turing Pi Review", "description": "The FINAL Raspberry Pi Cluster series episode! In this episode, I review the Turing Pi. Is it worth $189? When will it start shipping? Why would I even build a Pi Cluster in the first place?\n\ntl;dw: It depends. It's not the best cluster you can buy, but for some use cases (especially for fun and learning!) it might be a good option!\n\n#RaspberryPi #TuringPi\n\nBlog post for this episode: https://www.jeffgeerling.com/blog/2020/raspberry-pi-cluster-episode-6-turing-pi-review\n\nMentioned in this video:\n\nTuring Pi: https://turingpi.com\nRaspberry Pi 4 cluster parts list: http://www.pidramble.com/wiki/hardware/pis\n\nSponsor me on GitHub: https://github.com/sponsors/geerlingguy\nSupport me on Patreon: https://www.patreon.com/geerlingguy\n\nContents:\n\n00:00 - Intro\n01:39 - Why a Pi Cluster?\n03:12 - Turing Pi Hardware\n06:48 - Performance\n07:49 - Thermals and Efficiency\n08:52 - Shipping Delays\n09:57 - Price and Value\n11:33 - Turing Pi Contest Winner\n12:02 - Outtro", "link": "https://www.youtube.com/watch?v=aApByQWqnV0", "date_published": "2020-07-30 00:00:00+00:00", "persistent": false, "user": null, "language": "en-US"}]