[{"source": "https://www.youtube.com/feeds/videos.xml?channel_id=UCw--xPGVVxYzRsWyV1nFqgg", "title": "Rothfuss\u2019 Editor\u2019s Comments\ud83e\udd26\u200d\u2642\ufe0f Witcher Spinoff show\ud83d\udc3a Self Publish August Releases\ud83d\udcd6 -Fantasy News", "description": "IT BE FANTASY NEWS DAY MY DUDES!\nPodcast: https://afictionalconversation.podbean.com/\nMerch: https://teespring.com/stores/fantasy-news-2\nPatreon: https://www.patreon.com/DanielBGreene\nAmazon: https://www.amazon.com/shop/danielgreene\nDiscord Server: https://discord.gg/xUzhVv4\nTwitter: https://twitter.com/DanielBGreene?lang=en\nTwitch: https://www.twitch.tv/fantasynews\nInstagram: https://www.instagram.com/dgreene101/\nGoodReads: https://www.goodreads.com/user/show/82239739-daniel-greene\nSubreddit: https://www.reddit.com/r/danielgreene\n\nNEWS: \n\n\u2014\n\n00:31 - Rothfuss Doors Of Stone Controversy: https://winteriscoming.net/2020/07/28/patrick-rothfuss-editor-never-seen-word-the-doors-of-stone/\nOriginal Post: https://bookriot.com/authors-dont-owe-you-books/\n\n04:56 - World Fantasy Awards Finalists: https://www.tor.com/2020/07/27/announcing-the-2020-world-fantasy-award-finalists/\n\n05:57 - Rhythm Of War Chapter 2&3: https://www.tor.com/2020/07/28/read-rhythm-of-war-by-brandon-sanderson-chapters-two-and-three/\n\n06:33 - Witcher Netflix Spinoff: https://www.theverge.com/2020/7/27/21340050/netflix-the-witcher-blood-origin-live-action-prequel-announced\n\n07:51 - Burning God Questions: https://twitter.com/kuangrf/status/1288235146483765249?s=21\n\n08:11 - Open Letter Opposition: https://locusmag.com/2020/07/open-letter-opposing-saudi-arabia-worldcon-bid/\n\n08:51 - LotR VR: https://uploadvr.com/virtual-tolkien-vr-scene/\n\n9:56 - Narnia Video Project: https://www.youtube.com/watch?v=93YDZ6Zht9M&feature=youtu.be\n\n10:28 - Blade Runner: Black Lotus: https://twitter.com/DiscussingFilm/status/1287418049570770950?s=20\n\n11:13 - Back To The Future Ultra 4k: https://www.backtothefuture.com/news/2020/7/27/back-to-the-future-the-ultimate-trilogy-heads-to-4k-ultra-hd-blu-ray-and-dvd\n\n11:49 - Self Published Releases: http://www.robjhayes.co.uk/self-published-fantasy-releases-august-2020/\n\n\u2014", "link": "https://www.youtube.com/watch?v=pQ072ZESM7Q", "date_published": "2020-07-30 00:00:00+00:00", "persistent": false, "user": null, "language": "en-US"}, {"source": "https://www.youtube.com/feeds/videos.xml?channel_id=UCw--xPGVVxYzRsWyV1nFqgg", "title": "MALICE \ud83d\udde1\ufe0f- REVIEW", "description": "My review of Malice, by John Gwynne. The first book in the Faithfull and the Fallen series. \nCheck out the book: https://amzn.to/2COXrhU\n\nPodcast: https://afictionalconversation.podbean.com/\nMerch: https://teespring.com/stores/fantasy-news-2\nPatreon: https://www.patreon.com/DanielBGreene\nAmazon: https://www.amazon.com/shop/danielgreene\nDiscord Server: https://discord.gg/xUzhVv4\nTwitter: https://twitter.com/DanielBGreene?lang=en\nTwitch: https://www.twitch.tv/fantasynews\nInstagram: https://www.instagram.com/dgreene101/\nGoodReads: https://www.goodreads.com/user/show/82239739-daniel-greene\nSubreddit: https://www.reddit.com/r/danielgreene", "link": "https://www.youtube.com/watch?v=kEGg_9pOqlg", "date_published": "2020-07-29 00:00:00+00:00", "persistent": false, "user": null, "language": "en-US"}]