[{"source": "https://www.youtube.com/feeds/videos.xml?channel_id=UCnxGkOGNMqQEUMvroOWps6Q", "title": "Forensic Psychologist Nancy Panza on the Mental Pressures Police Face", "description": "Taken from JRE #1517 w/Nancy Panza: https://youtu.be/6adKh-LYk3s", "link": "https://www.youtube.com/watch?v=XkbnkcZyOrc", "date_published": "2020-07-30 00:00:00+00:00", "persistent": false, "user": null, "language": "en-US"}, {"source": "https://www.youtube.com/feeds/videos.xml?channel_id=UCnxGkOGNMqQEUMvroOWps6Q", "title": "How Do You Prevent Another George Floyd Incident From Happening? Joe Asks a Police Psychologist", "description": "Taken from JRE #1517 w/Nancy Panza:\nhttps://youtu.be/6adKh-LYk3s", "link": "https://www.youtube.com/watch?v=0Yr7PLqU1Tc", "date_published": "2020-07-30 00:00:00+00:00", "persistent": false, "user": null, "language": "en-US"}, {"source": "https://www.youtube.com/feeds/videos.xml?channel_id=UCnxGkOGNMqQEUMvroOWps6Q", "title": "How Politicians Defunded Mental Health and Left Police Holding the Bag", "description": "Taken from JRE #1517 w/Nancy Panza: https://youtu.be/6adKh-LYk3s", "link": "https://www.youtube.com/watch?v=T91xdIV0zoo", "date_published": "2020-07-30 00:00:00+00:00", "persistent": false, "user": null, "language": "en-US"}, {"source": "https://www.youtube.com/feeds/videos.xml?channel_id=UCnxGkOGNMqQEUMvroOWps6Q", "title": "Police Psychologist Nancy Panza on Defunding the Police", "description": "Taken from JRE #1517 w/Nancy Panza:\nhttps://youtu.be/6adKh-LYk3s", "link": "https://www.youtube.com/watch?v=ub4INKbmf1A", "date_published": "2020-07-30 00:00:00+00:00", "persistent": false, "user": null, "language": "en-US"}, {"source": "https://www.youtube.com/feeds/videos.xml?channel_id=UCnxGkOGNMqQEUMvroOWps6Q", "title": "Joe Rogan & Post Malone Talk Aliens and UFOs", "description": "Taken from JRE #1516 w/Post Malone:\nhttps://youtu.be/G42RJ4mKj1k", "link": "https://www.youtube.com/watch?v=hwpYQ-XEV2Q", "date_published": "2020-07-29 00:00:00+00:00", "persistent": false, "user": null, "language": "en-US"}, {"source": "https://www.youtube.com/feeds/videos.xml?channel_id=UCnxGkOGNMqQEUMvroOWps6Q", "title": "Joe Rogan and Post Malone Respond to The Chainsmokers Concert Investigation", "description": "Taken from JRE #1516 w/Post Malone: https://youtu.be/G42RJ4mKj1k", "link": "https://www.youtube.com/watch?v=Z_UC9gwQCn8", "date_published": "2020-07-29 00:00:00+00:00", "persistent": false, "user": null, "language": "en-US"}, {"source": "https://www.youtube.com/feeds/videos.xml?channel_id=UCnxGkOGNMqQEUMvroOWps6Q", "title": "Joe Rogan and Post Malone Tackle Mandatory Mask Ordinances", "description": "Taken from JRE #1516 w/Post Malone: https://youtu.be/G42RJ4mKj1k", "link": "https://www.youtube.com/watch?v=R38S9Ht0Gc8", "date_published": "2020-07-29 00:00:00+00:00", "persistent": false, "user": null, "language": "en-US"}, {"source": "https://www.youtube.com/feeds/videos.xml?channel_id=UCnxGkOGNMqQEUMvroOWps6Q", "title": "Post Malone Explains Why He Moved to Utah", "description": "Taken from JRE #1516 w/Post Malone: https://youtu.be/G42RJ4mKj1k", "link": "https://www.youtube.com/watch?v=X_LPpTpTPAI", "date_published": "2020-07-29 00:00:00+00:00", "persistent": false, "user": null, "language": "en-US"}, {"source": "https://www.youtube.com/feeds/videos.xml?channel_id=UCnxGkOGNMqQEUMvroOWps6Q", "title": "Post Malone on Making Music \"All of My Ideas Are Kind of Like Mistakes\"", "description": "Taken from #1516 w/Post Malone:\nhttps://youtu.be/G42RJ4mKj1k", "link": "https://www.youtube.com/watch?v=bhY_BRgStTU", "date_published": "2020-07-29 00:00:00+00:00", "persistent": false, "user": null, "language": "en-US"}]