[{"source": "https://www.youtube.com/feeds/videos.xml?channel_id=UCswH8ovgUp5Bdg-0_JTYFNw", "title": "Russell Brand & Logan Paul | Under The Skin Podcast", "description": "#112 Fame & The Communication Revolution with Logan Paul\nThis week\u2019s guest on Under The Skin is Logan Paul. Logan is one of YouTube\u2019s biggest stars with over 20 million subscribers. He known for his outrageous sometimes controversial but highly successful videos. In this podcast we discuss how this new manifestation of fame has engulfed the digital landscape and the effect it has had on Logan. Check out his podcast Impaulsive on YouTube!\n\nYou can listen all the latest episodes of my Under The Skin podcast here: \nhttp://luminary.link/russell\n\nI'm going on tour in Australia, New Zealand and Canada this year - check the dates and get tickets here: http://www.russellbrand.com/live\n\nCheck out my 12-Day Online Recovery Course here: https://www.onecommune.com/a/20323/cGftrerE \n\nSubscribe to my channel here: http://tinyurl.com/opragcg\n(make sure to hit the BELL icon to be notified of new videos!)\n\nGet my book \"Recovery\" here: https://amzn.to/2R7c810\nGet my book \"Mentors\" here (and as an audiobook!): https://amzn.to/2t0Zu9U\n\nInstagram: http://instagram.com/russellbrand/\nTwitter: http://twitter.com/rustyrockets\n\nProduced by Jenny May Finn (Instagram: @jennymayfinn)", "link": "https://www.youtube.com/watch?v=wfAR4VPSVHk", "date_published": "2020-01-19 00:00:00+00:00", "persistent": false, "user": null, "language": "en-US"}]