[{"source": "https://www.youtube.com/feeds/videos.xml?channel_id=UCQDhxkSxZA6lxdeXE19aoRA", "title": "Custom Transparent iPod Classic 5th Gen - 256GB SSD & \"Nokia Battery life\"", "description": "---------------------------------------Links---------------------------------------\nThe Wireless Alliance Trade in Tool:\nhttps://www.thewirelessalliance.com\n--------------------------------------Socials-------------------------------------\nTwitter: https://twitter.com/hughjeffreys\nInstagram: http://instagram.com/hughjeffreys\n------------------------------iFixit Tools Used------------------------------\nGet parts, tools, and free repair guides from iFixit at  \n               iFixit.com/hughjeffreys \nAustralia Store: https://ifix.gd/2FPxhKy\n\n\n\nDISCLAIMER: This video and description contains affiliate links, which means that if you click on one of the product links, l will receive a small commission.", "link": "https://www.youtube.com/watch?v=6bhOyLF4Co4", "date_published": "2020-01-18 00:00:00+00:00", "persistent": false, "user": null, "language": "en-US"}]