[{"source": "https://www.youtube.com/feeds/videos.xml?channel_id=UCbu2SsF-Or3Rsn3NxqODImw", "title": "Smash Bros Ultimate: Sephiroth Comparisons", "description": "We take a closer look at Sephiroth's gameplay and see what references we could fine, as well as any shown during the reveal trailer you might have missed.", "link": "https://www.youtube.com/watch?v=iRRhiQZzEMQ", "date_published": "2020-12-20 00:00:00+00:00", "persistent": false, "user": null, "language": "en-US"}, {"source": "https://www.youtube.com/feeds/videos.xml?channel_id=UCbu2SsF-Or3Rsn3NxqODImw", "title": "Cyberpunk 2077: Best Side Quests", "description": "Just like The Witcher 3, Cyberpunk 2077 is packed full of side quests, and there are certain ones you'll want to finish before you hit that point of no return. We go through the most important side quests in Cyberpunk 2077: the ones that directly impact your ending, as well as offer romance options. We tell you how to start them, as well as the outcomes (as spoiler-free as possible) in order to romance certain characters. Many of the quests have multiple arcs, and it's important to follow them all, as they're some of the strongest moments in the game.\n\nCyberpunk 2077 is available now for PS4, PS5 (via backwards compatibility), Xbox One, Xbox Series X/S (via backwards compatibility), PC, and Stadia. For more Cyberpunk 2077 tips, make sure to subscribe to youtube.com/GameSpot.", "link": "https://www.youtube.com/watch?v=aNInH1eRRnI", "date_published": "2020-12-19 00:00:00+00:00", "persistent": false, "user": null, "language": "en-US"}, {"source": "https://www.youtube.com/feeds/videos.xml?channel_id=UCbu2SsF-Or3Rsn3NxqODImw", "title": "Firearms Expert Reacts To Cyberpunk 2077\u2019s Guns", "description": "Jonathan Ferguson, a weapons expert and Keeper of Firearms & Artillery at the Royal Armouries, breaks down the weaponry of Cyberpunk 2077 and tries to figure out how the guns might work in real life.\n\nCyberpunk 2077 may be set in an alternate sci-fi future, but it\u2019s still armed to the teeth with a load of fictional sci-fi weaponry: guns that have taken inspiration from real-world sources.\n\nIn the above video, Jonathan Ferguson--a weapons expert and Keeper of Firearms & Artillery at the Royal Armouries--breaks down the guns of Cyberpunk 2077 and compares them to their potential real-world counterparts.\n\nIf you're interested in seeing more of Jonathan, you can check out more from the Royal Armouries right here. - https://www.youtube.com/user/RoyalArmouries \n\nIf you would like to support the Royal Armouries, you can make a charitable donation to the museum here. - https://royalarmouries.org/support-us/donations/\u00a0\n\nAnd if you would like to become a member of the Royal Armouries, you can get membership here. - https://royalarmouries.org/support-us/membership/", "link": "https://www.youtube.com/watch?v=k5mMJsILaps", "date_published": "2020-12-19 00:00:00+00:00", "persistent": false, "user": null, "language": "en-US"}, {"source": "https://www.youtube.com/feeds/videos.xml?channel_id=UCbu2SsF-Or3Rsn3NxqODImw", "title": "How To Unlock Cyberpunk 2077's Secret Ending [SPOILERS]", "description": "Here's how to unlock Cyberpunk 2077's secret ending. Spoilers ahead.\n\nCyberpunk 2077 has several different endgame missions and possible endings. Accessing them depends on some of the choices you make throughout the game and which characters you choose to help. But there's one less obvious secret ending that you might not ever uncover if you don't know how to access it.\n\nHere's what you need to do to access the secret ending, which requires some specific dialogue choices in the Chippin' In side mission. Of course, be warned, there will be Cyberpunk spoilers, so continue at your own risk.\n\nCyberpunk 2077 is available now for Xbox One, Xbox Series X/S (via backwards compatibility), PC, and Stadia. For more Cyberpunk 2077 tips, make sure to subscribe to youtube.com/GameSpot.", "link": "https://www.youtube.com/watch?v=PUKts8pmOos", "date_published": "2020-12-19 00:00:00+00:00", "persistent": false, "user": null, "language": "en-US"}]