[{"source": "https://www.youtube.com/feeds/videos.xml?channel_id=UCtZO3K2p8mqFwiKWb9k7fXA", "title": "The rise & fall of Japanese phone giants", "description": "Sponsored by Skillshare. The first 1000 people who click this link will get 2 free months of Skillshare Premium: https://skl.sh/techaltar12201\n\nThe Story Behind series - episode 71\n\n\u25ac\u25ac\u25ac\u25ac\u25ac\u25ac\u25ac\u25ac\u25ac\u25ac\u25ac\u25ac\u25ac\u25ac\u25ac\u25ac\u25ac\u25ac\u25ac\u25ac\u25ac\u25ac\u25ac\u25ac\n\n\u25ba\u25ba\u25ba TechAltar links \u25c4\u25c4\u25c4\n\nMerch: \nhttp://enthusiast.store \n\nSocial media: \nhttps://twitter.com/TechAltar \nhttps://instagram.com/TechAltar \nhttps://facebook.com/TechAltar \n\nIf you want to support TechAltar directly: \nhttps://flattr.com/@techaltar \n\nCheck out my app, gadget review app, Crrowd:\nhttps://crrowd.com\n\n\u25ac\u25ac\u25ac\u25ac\u25ac\u25ac\u25ac\u25ac\u25ac\u25ac\u25ac\u25ac\u25ac\u25ac\u25ac\u25ac\u25ac\u25ac\u25ac\u25ac\u25ac\u25ac\u25ac\u25ac\n\n\u25ba\u25ba\u25ba Attributions \u25c4\u25c4\u25c4\n\nMusic by Epidemic Sound: http://epidemicsound.com/creator\nRegular music by Edemski: https://soundcloud.com/edemski", "link": "https://www.youtube.com/watch?v=voyuy1rySX4", "date_published": "2020-12-19 00:00:00+00:00", "persistent": false, "user": null, "language": "en-US"}]