[{"source": "https://www.youtube.com/feeds/videos.xml?channel_id=UChnxLLvzviaR5NeKOevB8iQ", "title": "Tripping Hard with the Sleepy Circuits Hypno (Video Synthesis!)", "description": "The Sleepy Circuits Hypno is a Eurorack-compatible digital video synthesis module. It feeds weird things to your eyeballs. We're gonna dive in deep. Let's get zonked.\nLink to Hypno at Sleepy Circuits: http://bit.ly/sleepyhypno\n\n00:00 - intro\n02:23 - comparison to lzx\n03:40 - walkthrough\n12:04 - patch 01\n14:52 - video input\n16:17 - patch 02\n16:59 - patch 03\n18:22 - patch 04\n16:17 - patch 05\n20:54 - patch 06\n23:23 - patch 07\n24:45 - patch 08\n------------------------------------\nThank you for watching. My name is Jeremy, and this is Red Means Recording. I've been making music for a few decades now, and this channel is a place to make music and to talk about the tools and techniques to make music with. We'll use synths, drum machines, modular gear, and software. \n\nIf you'd like to support the channel, I have a Patreon:  http://bit.ly/rmrpatreon\n\nI have music as \"Jeremy Blake\" on all the major services: \nBandcamp: http://bit.ly/2Kq617o\nSoundcloud: http://bit.ly/2NOH9Is\nSpotify: https://spoti.fi/2N40SoX\nGoogle Play: http://bit.ly/33M9aG5\niTunes: https://apple.co/2pqh3SK\nAmazon Music: https://amzn.to/2O9q1fe\n\nI have some merch here: http://bit.ly/rmrshirts\n\nAnd you can connect with me here: \nTwitter: http://bit.ly/rmrtwitters\nWebsite: http://bit.ly/rmrmedia", "link": "https://www.youtube.com/watch?v=SXUk_2qZLVA", "date_published": "2020-12-19 00:00:00+00:00", "persistent": false, "user": null, "language": "en-US"}]