[{"source": "https://www.youtube.com/feeds/videos.xml?channel_id=UCswH8ovgUp5Bdg-0_JTYFNw", "title": "Poverty in The Pandemic - I volunteered at a food bank", "description": "I volunteered at the One Can Trust food bank in High Wycombe. \n\nAll ad revnue goes to One Can Trust.\n\nIf you're in Buckinghamshire and need food support or if you want to volunteer you can contact One Can Trust on 01494 512277 or office@onecantrust.org.uk \n\nYou can find your local UK food bank and more information here: www.trusselltrust.org\n\nSubscribe to my channel here: http://tinyurl.com/opragcg\n(make sure to hit the BELL icon to be notified of new videos!)\n\nListen to my Under The Skin podcast here: \nhttp://luminary.link/russell\n\nGet my book \"Recovery\" here: https://amzn.to/2R7c810\nGet my book \"Mentors\" here (and as an audiobook!): https://amzn.to/2t0Zu9U\n\nInstagram: http://instagram.com/russellbrand/\nTwitter: http://twitter.com/rustyrockets\n\nProduced by Gareth Roy", "link": "https://www.youtube.com/watch?v=Ua6h9DjnIoM", "date_published": "2020-12-20 00:00:00+00:00", "persistent": false, "user": null, "language": "en-US"}]