[{"source": "https://www.youtube.com/feeds/videos.xml?channel_id=UCwUizOU8pPWXdXNniXypQEQ", "title": "The Most Dangerous Disease in the World", "description": "Grab your Primally Pure Deodorant Here - https://primallypure.com/jp\n\nIn this video, learn all about the most dangerous disease in the world, intelligence. You\u2019ll understand what you need to do to help slow the spread of this disease. If we all work together and follow the proper social guidelines, we can rid the world of intelligence once and for all.\n\n*For Comedy Show schedule and tickets: https://awakenwithjp.com/events/\n-My NEW Awakened Shirts are available! Claim yours here: https://awakenwithjp.com/shop\n\nListen and Subscribe to my NEW Podcast here: \nhttps://apple.co/3fFTbPC\nIt's also available everywhere else you get podcasts. Just search and subscribe to \"Awaken With JP Sears Show\"\n\nConnect with me at: \nhttp://www.facebook.com/AwakenWithJP\nhttp://www.Instagram.com/AwakenWithJP\nhttp://www.twitter.com/AwakenWithJP\nhttp://www.AwakenWithJP.com", "link": "https://www.youtube.com/watch?v=SkJPDXrlP6w", "date_published": "2020-10-27 00:00:00+00:00", "persistent": false, "user": null, "language": "en-US"}]