[{"source": "https://www.youtube.com/feeds/videos.xml?channel_id=UCmGSJVG3mCRXVOP4yZrU1Dw", "title": "YOU WONT VOTE", "description": "Check out SimpliSafe: https://simplisafe.com/johnnyharris  They are an award-winning home security company that keeps your home safe around the clock. It\u2019s really reliable, easy to use, and there are no contracts. \nHow to vote in every state: https://www.youtube.com/c/howtovoteineverystate/videos\nMake a voting plan: https://educationvotes.nea.org/presidential-2020/make-a-plan-to-vote/\n\n- ways to support - \nMy Patreon: https://www.patreon.com/johnnyharris\nOur custom Presets & LUTs: https://store.dftba.com/products/johnny-iz-luts-and-presets\n\n- where to find me -\nInstagram: https://www.instagram.com/johnny.harris/\nTiktok: https://www.tiktok.com/@johnny.harris\nFacebook: https://www.facebook.com/JohnnyHarrisVox\nIz's (my wife\u2019s) channel: https://www.youtube.com/iz-harris\n\n- how i make my videos -\nTom Fox makes my music, work with him here: https://tfbeats.com/\nI make maps using this AE Plugin: https://aescripts.com/geolayers/?aff=77\nAll the gear I use: https://www.izharris.com/gear-guide\n \n- my courses - \nLearn a language: https://brighttrip.com/course/language/\nVisual storytelling: https://www.brighttrip.com/courses/visual-storytelling\n\n- about -\nJohnny Harris is a filmmaker and journalist. He currently is based in Washington, DC, reporting on interesting trends and stories domestically and around the globe. Johnny's visual style blends motion graphics with cinematic videography to create content that explains complex issues in relatable ways. He holds a BA in international relations from Brigham Young University and an MA in international peace and conflict resolution from American University.\n\n- press - \nNYTimes: https://www.nytimes.com/2021/11/09/opinion/democrats-blue-states-legislation.html\nNYTimes: https://www.nytimes.com/video/opinion/100000007358968/covid-pandemic-us-response.html\nVox Borders: https://www.youtube.com/watch?v=hLrFyjGZ9NU\nFinding Founders: https://findingfounders.co/episodes/johnny-harris-2esj3-c3pet-2pg4c-xbtwa-5gaaa\nNPR Planet Money: https://www.npr.org/transcripts/1072164745", "link": "https://www.youtube.com/watch?v=tl2SpJ0vBEs", "date_published": "2020-10-27 00:00:00+00:00", "persistent": false, "user": null, "language": "en-US"}]