[{"source": "https://www.youtube.com/feeds/videos.xml?channel_id=UCAKcSON6PSG_JkTbXh2WdIg", "title": "Eels -  two songs at The Current (2018)", "description": "This Friday, Oct. 30, Eels will release \"Earth to Dora,\" their thirteenth studio album. In recognition of that, here are two performances from the most recent time Eels visited our studio, which was in 2018. They treated us to a song from their new-at-the-time album, \"The Deconstruction,\" as well as a track from their 1996 debut album, \"Beautiful Freak.\" Of that latter tune, \"My Beloved Monster,\" a lot of people may recognize it from \"Shrek.\"\n\"It was my tune first,\" E clarified at the time. \"Shrek took it off our first album.\"\n\nSONGS PERFORMED\n0:00 \"My Beloved Monster\"\n1:51 \"Today Is The Day\"\n\nPERSONNEL\nE (Mark Oliver Everett) - vocals, guitar\nThe Chet (Jeff Lyster) - guitar\n\nCREDITS\nVideo & Photo: Nate Ryan\nAudio: Michael DeMark and Brandon Smith\nProduction: Derrick Stevens\n\nFIND MORE:\n2008 studio session: https://www.thecurrent.org/feature/2008/04/07/the_eels\n2010 studio session:\nhttps://www.thecurrent.org/feature/2010/10/03/eels-live\n2013 studio session:\nhttps://www.thecurrent.org/feature/2013/02/22/eels\n2018 studio session:\nhttps://www.thecurrent.org/feature/2018/06/05/eels-perform-in-the-current-studio\n\nSubscribe to our channel:\nhttp://www.youtube.com/user/893TheCurrent?sub_confirmation=1\nLike/Follow:\nhttps://www.facebook.com/TheCurrent/\nhttps://twitter.com/TheCurrent\nhttps://www.instagram.com/thecurrent/\n\n#eels #eelsband #markolivereverett", "link": "https://www.youtube.com/watch?v=XCZhEGhNSRM", "date_published": "2020-10-28 00:00:00+00:00", "persistent": false, "user": null, "language": "en-US"}, {"source": "https://www.youtube.com/feeds/videos.xml?channel_id=UCAKcSON6PSG_JkTbXh2WdIg", "title": "Mountain Goats - two live performances (2011; 2017)", "description": "Last Friday, Oct. 23, Mountain Goats \u2014 the music project of John Darnielle \u2014 released a new album, \"Getting Into Knives.\" With that in mind, we're sharing two cool performances by Mountain Goats: one from 2011 as part of Wits, and one from 2017 recorded live in our studio.\n\nSONGS PERFORMED\n0:00 \"Dirty Stinking Mouthpiece\" (2011)\n4:08 \"We Do It Different on the West Coast\" (2017)\n\nPERSONNEL\nJohn Darnielle \u2013 vocals, guitar, piano\nJohn Munson \u2013 bass (2011)\nJoe Savage \u2013 pedal steel (2011)\nRichard Medek \u2013 drums (2011)\nSteve Roehm \u2013 vibraphone (2011)\nJaney Winterbauer \u2013 vocals (2011)\nMatt Douglas \u2013 saxophone (2017)\n\nCREDITS\nVideo & Photo: Nate Ryan; Eric Schleicher; Ashley Halbach; Chris Worlow\nAudio: Rob Byers; Erik Stromstad; Michael DeMark\nProduction: Larissa Anderson; Derrick Stevens\n\nFIND MORE:\n2011 Wits episode: https://www.witsradio.org/episodes/twelve/index.html\n2017 studio session: https://www.thecurrent.org/feature/2017/07/07/john-darnielle-of-mountain-goats-shares-whats-on-his-mind\n\nSubscribe to our channel:\nhttp://www.youtube.com/user/893TheCurrent?sub_confirmation=1\nLike/Follow:\nhttps://www.facebook.com/TheCurrent/\nhttps://twitter.com/TheCurrent\nhttps://www.instagram.com/thecurrent/\n\n#mountaingoats #johndarnielle", "link": "https://www.youtube.com/watch?v=u7T4_2pIIqs", "date_published": "2020-10-27 00:00:00+00:00", "persistent": false, "user": null, "language": "en-US"}]