[{"source": "https://www.youtube.com/feeds/videos.xml?channel_id=UC3I2GFN_F8WudD_2jUZbojA", "title": "Oddisee - Go To Mars (Live on KEXP at Home)", "description": "http://KEXP.ORG presents Oddisee performing live at Sign of The Wagon in York, PA. Recorded exclusively for KEXP.\n\nLead vocal - Oddisee\nKeys & back up vocals - Ralph Real\nBass - Dennis Turner\nDrums & back up vocals - Jon Laine\nGuitar - Saint Ezekiel\nFilmed & Edited - Lawrence Miner\nAudio mixed - Delph\n\nhttp://oddisee.co\nhttp://kexp.org", "link": "https://www.youtube.com/watch?v=-3rlVtsVSTg", "date_published": "2020-10-28 00:00:00+00:00", "persistent": false, "user": null, "language": "en-US"}, {"source": "https://www.youtube.com/feeds/videos.xml?channel_id=UC3I2GFN_F8WudD_2jUZbojA", "title": "Oddisee - I Thought You Were Fate (Live on KEXP at Home)", "description": "http://KEXP.ORG presents Oddisee performing live at Sign of The Wagon in York, PA. Recorded exclusively for KEXP.\n\nLead vocal - Oddisee\nKeys & back up vocals - Ralph Real\nBass - Dennis Turner\nDrums & back up vocals - Jon Laine\nGuitar - Saint Ezekiel\nFilmed & Edited - Lawrence Miner\nAudio mixed - Delph\n\nhttp://oddisee.co\nhttp://kexp.org", "link": "https://www.youtube.com/watch?v=OtIcxPH9tCc", "date_published": "2020-10-28 00:00:00+00:00", "persistent": false, "user": null, "language": "en-US"}, {"source": "https://www.youtube.com/feeds/videos.xml?channel_id=UC3I2GFN_F8WudD_2jUZbojA", "title": "Oddisee - No Skips (Live on KEXP at Home)", "description": "http://KEXP.ORG presents Oddisee performing live at Sign of The Wagon in York, PA. Recorded exclusively for KEXP.\n\nLead vocal - Oddisee\nKeys & back up vocals - Ralph Real\nBass - Dennis Turner\nDrums & back up vocals - Jon Laine\nGuitar - Saint Ezekiel\nFilmed & Edited - Lawrence Miner\nAudio mixed - Delph\n\nhttp://oddisee.co\nhttp://kexp.org", "link": "https://www.youtube.com/watch?v=SLZrKGLSKqo", "date_published": "2020-10-28 00:00:00+00:00", "persistent": false, "user": null, "language": "en-US"}, {"source": "https://www.youtube.com/feeds/videos.xml?channel_id=UC3I2GFN_F8WudD_2jUZbojA", "title": "Oddisee - Performance & Interview (Live on KEXP at Home)", "description": "http://KEXP.ORG presents Oddisee sharing a live performance recorded exclusively for KEXP and talking to Gabriel Teodros. Recorded October 21, 2020.\n\nSongs:\nThe Cure\nI Thought You Were Fate\nStill Strange\nNo Skips\nGo To Mars\n\nLead vocal - Oddisee\nKeys & back up vocals - Ralph Real\nBass - Dennis Turner\nDrums & back up vocals - Jon Laine\nGuitar - Saint Ezekiel\nFilmed & Edited - Lawrence Miner\nAudio mixed - Delph\nFilmed & recorded at - Sign of The Wagon in York, PA\n\nAll songs from Oddisee\u2019s Odd Cure available on Outer Note Label\n\nhttp://oddisee.co\nhttp://kexp.org", "link": "https://www.youtube.com/watch?v=L2qePpYRnNw", "date_published": "2020-10-28 00:00:00+00:00", "persistent": false, "user": null, "language": "en-US"}, {"source": "https://www.youtube.com/feeds/videos.xml?channel_id=UC3I2GFN_F8WudD_2jUZbojA", "title": "Oddisee - Still Strange (Live on KEXP at Home)", "description": "http://KEXP.ORG presents Oddisee performing live at Sign of The Wagon in York, PA. Recorded exclusively for KEXP.\n\nLead vocal - Oddisee\nKeys & back up vocals - Ralph Real\nBass - Dennis Turner\nDrums & back up vocals - Jon Laine\nGuitar - Saint Ezekiel\nFilmed & Edited - Lawrence Miner\nAudio mixed - Delph\n\nhttp://oddisee.co\nhttp://kexp.org", "link": "https://www.youtube.com/watch?v=xMRBjOtYZ94", "date_published": "2020-10-28 00:00:00+00:00", "persistent": false, "user": null, "language": "en-US"}, {"source": "https://www.youtube.com/feeds/videos.xml?channel_id=UC3I2GFN_F8WudD_2jUZbojA", "title": "Oddisee - The Cure (Live on KEXP at Home)", "description": "http://KEXP.ORG presents Oddisee performing live at Sign of The Wagon in York, PA. Recorded exclusively for KEXP.\n\nLead vocal - Oddisee\nKeys & back up vocals - Ralph Real\nBass - Dennis Turner\nDrums & back up vocals - Jon Laine\nGuitar - Saint Ezekiel\nFilmed & Edited - Lawrence Miner\nAudio mixed - Delph\n\nhttp://oddisee.co\nhttp://kexp.org", "link": "https://www.youtube.com/watch?v=nZt3_j_wdp8", "date_published": "2020-10-28 00:00:00+00:00", "persistent": false, "user": null, "language": "en-US"}]