[{"source": "https://www.youtube.com/feeds/videos.xml?channel_id=UC8RfCCzWsMgNspTI-GTFenQ", "title": "40K INDOMITUS BOX - NECRON & ULTRAS - LT's ARMY UPDATE 1.4 | WARHAMMER 40K MINIS", "description": "\u25ba Siege Studios: https://siegestudios.co.uk/\n\u25ba Goblin Gaming: (Get - 20% off 40K Products) https://tinyurl.com/6vwcayvj\n\u25ba Premium Storage Solutions: https://www.crystal-fortress.com/\n\u25ba Subscribe: http://goo.gl/oeZMBS \n\u25ba Patreon: https://www.patreon.com/Luetin \n\u25ba Twitch: http://www.twitch.tv/Luetin\n\u25ba Twitter: http://twitter.com/luetin09\n\nExit23Games Turbodork:\nhttps://exit23.games/collections/turbo-dork-paints\n\nRosemary Co 313\nhttps://www.rosemaryandco.com/series-313?filter_name=313\n\n0:00 Intro\n1:57 The Indomitus Journey\n11:36 Monopose\n16:57 Indomitus Marines & Progression\n22:01 Turbodork Metallic Paints\n28:13 Current Brushes\n32:53 Upcoming Projects\n34:59 Necron Force - Siege Studios\n42:43 Indomitus Necrons\n51:20 New Codex Thoughts\n\n\u25ba BGM Credits:\n\u25ba Kevin MacLeod (Royalty Free Music): http://incompetech.com/music/\n\u25ba https://epidemicsound.com\n\nThis video is an opinion editorial commentary.\nCopyright Disclaimer Under Section 107 of the Copyright Act 1976, allowance is made for fair use purposes such as criticism, commentary, parody, news reporting, teaching, scholarship, and research.\n\nAll works used in this video (Images, audio etc) belong to their respective authors\n(This does not include the audio commentary or licensed BGM).\n\nGames workshop, Warhammer 40,000, Warhammer, 40k, Space Marine Etc are all Trademarks of Games Workshop Ltd. Games Workshop does not endorse or support the 'Lore' videos. All views and opinions expressed in this video belong to Luetin09 and in no way reflect the views or opinions of Games Workshop Ltd.", "link": "https://www.youtube.com/watch?v=qK1-X_iSLOw", "date_published": "2020-10-27 00:00:00+00:00", "persistent": false, "user": null, "language": "en-US"}]