[{"source": "https://www.youtube.com/feeds/videos.xml?channel_id=UCQDhxkSxZA6lxdeXE19aoRA", "title": "Can I fix someones botched repair on this Galaxy Note Fan Edition?", "description": "--------------------------------------Socials-------------------------------------\nWebsite: https://www.hughjeffreys.com \nTwitter: https://twitter.com/hughjeffreys\nInstagram: http://instagram.com/hughjeffreys\n---------------------------------------Links---------------------------------------\nGet parts, tools, and thousands of free repair guides from iFixit at:\u00a0\n    https://iFixit.com/hughjeffreys\nAustralia Store: https://ifix.gd/2FPxhKy\n(DISCLAIMER: This description contains affiliate links, which means that if you click on one of the product links, l will receive a small commission.)", "link": "https://www.youtube.com/watch?v=bZhOZQfOL0g", "date_published": "2020-05-02 00:00:00+00:00", "persistent": false, "user": null, "language": "en-US"}]