[{"source": "https://www.youtube.com/feeds/videos.xml?channel_id=UCSiPjfAJBgbFlIUsxOWpK0w", "title": "Happy Together | The Turtles | Pomplamoose", "description": "Gardenview out now, listen on Spotify (https://sptfy.com/gardenview) or wherever you listen to music.\n\n Save this song on Spotify: https://spoti.fi/2r3Yqkh\nFollow us on instagram: https://instagram.com/pomplamoosemusic\nBecome a patron of our music (to vote on the songs we cover and get merch and stuff like that): http://www.patreon.com/pomplamoose\n\nA cover of Happy Together by Pomplamoose.\n\nCREDITS\n\nLead Vocals: Nataly Dawn\nKeys: Jack Conte\nGuitar/Bass/Keys/Percussion: Brian Green \nTrumpet: Andris Mattson\nBackground Vocals: Sarah Dugas\nMixing/Mastering: Caleb Parker\nProducer: Brian Green\nVideo Editor: Dominic Mercurio\n\nRecorded from our homes in San Francisco & Los Angeles.", "link": "https://www.youtube.com/watch?v=JFMxDBsUtxE", "date_published": "2020-05-01 00:00:00+00:00", "persistent": false, "user": null, "language": "en-US"}]