[{"source": "http://rss.cnn.com/rss/edition.rss", "title": "Separating fact from fiction as Trump builds a rationale to pardon Michael Flynn", "description": "President Donald Trump went on a Twitter rampage Thursday about his former adviser Michael Flynn, flooding the zone with conspiracy theories and paper-thin allegations that crooked FBI investigators entrapped Flynn as part of a \"deep state\" plot.", "link": "https://www.cnn.com/2020/04/30/politics/flynn-trump-conspiracy-theories-pardon/index.html", "date_published": "2020-05-01 00:46:53+00:00", "persistent": false, "user": null, "language": "en-US"}]