[{"source": "https://www.youtube.com/feeds/videos.xml?channel_id=UCBJycsmduvYEL83R_U4JriQ", "title": "iPhone 11 Pro Review: 6 Months Later!", "description": "iPhone 11 Pro plus iPhone 12 thoughts. I was wrong about 3D Touch!\nThat wallpaper: https://i.imgur.com/4SwaaPo.jpg\niPhone 11 Pro original review: https://youtu.be/DyX-QZZBgpw\n\nMKBHD Merch: http://shop.MKBHD.com\n\nVideo Gear I use: http://kit.co/MKBHD/video-gear#recom...\nTech I'm using right now: https://www.amazon.com/shop/MKBHD\n\nIntro Track: Jordyn Edmonds http://smarturl.it/jordynedmonds\nPlaylist of MKBHD Intro music: https://goo.gl/B3AWV5\n\n~\nhttp://twitter.com/MKBHD\nhttp://instagram.com/MKBHD\nhttp://facebook.com/MKBHD", "link": "https://www.youtube.com/watch?v=nxf41fMX_Y4", "date_published": "2020-05-02 00:00:00+00:00", "persistent": false, "user": null, "language": "en-US"}]