[{"source": "https://www.youtube.com/feeds/videos.xml?channel_id=UCLsnJt_eyqkGZ4ZEM__xCOg", "title": "JAK NAPRAWD\u0118 ZARABIAJ\u0104 YOUTUBERZY/INFLUENCERZY?", "description": "\ud83d\uddfa\ufe0f \"Kr\u00f3tki\" vlog opowiadaj\u0105cy o mo\u017cliwych \u017ar\u00f3d\u0142ach zarobk\u00f3w YouTuber\u00f3w.\n\u2757 Zosta\u0144 Patronem kana\u0142u! https://patronite.pl/vlogcasha\nSPRAWD\u0179 X-HORN 2.0:  https://bit.ly/3cE5qdD\n\n\ud83d\udcb5 Zni\u017cka 144 z\u0142 na nocleg z Airbnb: https://bit.ly/2U7dVqY\n\n\ud83c\udf0f Vlogi z Azji P\u0142d-Wsch: https://bit.ly/2wrM9t2\n\ud83c\udde6\ud83c\uddfa Vlogi z Australii: https://bit.ly/2OJWYOy\n\ud83c\uddfa\ud83c\uddf8 Vlogi z \u017cycia i podr\u00f3\u017cy w USA: https://bit.ly/2ya73NV\n\ud83d\ude99Vlogi z autostopu 2018: https://bit.ly/2NbHzos\n\n\u25b8 Instagram: https://www.instagram.com/vlogcasha\n\u25b8 Facebook: https://www.facebook.com/vlogcasha/\n\u25b8 \"Grupa Casha\" na FB: https://bit.ly/2N1a6wX\n\nFilm zawiera lokowanie produktu.", "link": "https://www.youtube.com/watch?v=hozwP5oVnNw", "date_published": "2020-05-01 00:00:00+00:00", "persistent": false, "user": null, "language": "pl-PL"}]