[{"source": "https://www.youtube.com/feeds/videos.xml?channel_id=UCwUizOU8pPWXdXNniXypQEQ", "title": "Astrology Reading - Bad News for Summer 2020", "description": "Grab your LMNT Electrolytes Here - https://drinklmnt.com/jp\n\nMy Salt Lamp - https://amzn.to/38YT532\n\nAstrology is the fine art of understanding why things are happening in life based on the alignment of the stars. There's never been more bad news coming your way than for this summer. Here's what you can expect and what's astrologically going on in the stars and zodiac to make this the hardest summer in human history. \n\n*For Comedy Show schedule and tickets: https://awakenwithjp.com/events/\n-My NEW Awakened Shirts are available! Claim yours here: https://awakenwithjp.com/shop\n\nListen and Subscribe to my NEW Podcast here: \nhttps://apple.co/3fFTbPC\nIt's also available everywhere else you get podcasts. Just search and subscribe to \"Awaken With JP Sears Show\"\n\nConnect with me at: \nhttp://www.facebook.com/AwakenWithJP\nhttp://www.Instagram.com/AwakenWithJP\nhttp://www.twitter.com/AwakenWithJP\nhttp://www.AwakenWithJP.com\n\nAs an Amazon Associate, I earn a small commission from qualifying purchases. Some of the links are affiliate links and if you decide to buy products through them I earn a tiny commission. It costs you nothing but helps support the channel and future videos!", "link": "https://www.youtube.com/watch?v=Y5-Kfbo3muY", "date_published": "2020-07-14 00:00:00+00:00", "persistent": false, "user": null, "language": "en-US"}]