[{"source": "https://www.youtube.com/feeds/videos.xml?channel_id=UCyl5V3-J_Bsy3x-EBCJwepg", "title": "Governors Reinstate Lockdowns To Combat Recovering Economy", "description": "Governors across the country have reinstated lockdowns mere weeks after slowly starting to lift them, citing a \"concerning spike\" in jobs and the economy.\n\n\u27a1\ufe0f https://babylonbee.com/news/governors-reinstate-lockdowns-to-combat-recovering-economy", "link": "https://www.youtube.com/watch?v=-uScjkffqOM", "date_published": "2020-07-13 00:00:00+00:00", "persistent": false, "user": null, "language": "en-US"}]