[{"source": "https://www.youtube.com/feeds/videos.xml?channel_id=UCnxGkOGNMqQEUMvroOWps6Q", "title": "Bob Saget Recounts Stories About Sam Kinison, Bill Hicks, and Rodney Dangerfield | Joe Rogan", "description": "Taken from #1507 w/Bob Saget:\nhttps://youtu.be/BY3CY36WAec", "link": "https://www.youtube.com/watch?v=i7hW7ApzvrU", "date_published": "2020-07-14 00:00:00+00:00", "persistent": false, "user": null, "language": "en-US"}, {"source": "https://www.youtube.com/feeds/videos.xml?channel_id=UCnxGkOGNMqQEUMvroOWps6Q", "title": "Bob Saget Witnessed Bill Burr's Infamous Philly Rant | Joe Rogan", "description": "Taken from #1507 w/Bob Saget:\nhttps://youtu.be/BY3CY36WAec", "link": "https://www.youtube.com/watch?v=F-xFbRsktno", "date_published": "2020-07-14 00:00:00+00:00", "persistent": false, "user": null, "language": "en-US"}, {"source": "https://www.youtube.com/feeds/videos.xml?channel_id=UCnxGkOGNMqQEUMvroOWps6Q", "title": "Bob Saget on Doing Blue Comedy While Having a Squeaky Clean Public Image", "description": "Taken from JRE #1507 w/Bob Saget: https://youtu.be/BY3CY36WAec", "link": "https://www.youtube.com/watch?v=Q15PjHWKnyA", "date_published": "2020-07-14 00:00:00+00:00", "persistent": false, "user": null, "language": "en-US"}, {"source": "https://www.youtube.com/feeds/videos.xml?channel_id=UCnxGkOGNMqQEUMvroOWps6Q", "title": "Bob Saget on Working with Richard Pryor | Joe Rogan", "description": "Taken from #1507 w/Bob Saget:\nhttps://youtu.be/BY3CY36WAec", "link": "https://www.youtube.com/watch?v=jap4YDu_Otk", "date_published": "2020-07-14 00:00:00+00:00", "persistent": false, "user": null, "language": "en-US"}, {"source": "https://www.youtube.com/feeds/videos.xml?channel_id=UCnxGkOGNMqQEUMvroOWps6Q", "title": "Alex Jones Explains the Nature of Conciousness", "description": "Taken from JRE #911 & #1255:\nhttps://www.youtube.com/watch?v=Df-o5TKv0C0\nhttps://www.youtube.com/watch?v=-5yh2HcIlkU", "link": "https://www.youtube.com/watch?v=hvNx6DbVENM", "date_published": "2020-07-13 00:00:00+00:00", "persistent": false, "user": null, "language": "en-US"}]