[{"source": "https://www.youtube.com/feeds/videos.xml?channel_id=UCXuqSBlHAE6Xw-yeJA0Tunw", "title": "WHO IS BUYING THIS STUFF?? - Ice Cube Phone Cooler", "description": "Maingear Vector 2 (Amazon): https://rebrand.ly/9w2i8h4\nMaingear Vector 2 (Micro Center): https://rebrand.ly/8j42qmi\nBrowse Micro Center\u2019s work and learn from home products: https://rebrand.ly/mg3bawz\n\nCheck out their AORUS 15G RTX 2080 SUPER MAX Q Gaming Laptop.\nOn Gigabyte's Store: https://geni.us/Av0HRO\nOn Amazon: https://geni.us/tbAWq\nOn Newegg: https://geni.us/P6do\n\nThermal throttling on phones can be a very real problem during extended mobile gaming sessions, so today we check out a phone water cooling system that promises to keep your phone cool around the clock.\n\nBuy the MOD X Phone Watercooler: \nOn AliExpress: https://lmg.gg/yi7JR\n\nBuy a FLIR Thermal Camera\nOn Amazon (PAID LINK): https://geni.us/hvRWYFr\nOn Newegg (PAID LINK): https://geni.us/FCy3PP\nOn B&H (PAID LINK): https://geni.us/fORA9t\n\nBuy Samsung Smart Phones\nOn Amazon (PAID LINK): https://geni.us/BI8Z0h\nOn Newegg (PAID LINK): https://geni.us/Av8b\nOn B&H (PAID LINK): https://geni.us/jg77\n\nPurchases made through some store links may provide some compensation to Linus Media Group.\n\nDiscuss on the forum: https://linustechtips.com/main/topic/1222082-this-made-my-phone-faster/\n\nGET MERCH: http://www.LTTStore.com/\nSUPPORT US ON FLOATPLANE: https://www.floatplane.com/  \nLTX EXPO: https://www.ltxexpo.com/   \n\nAFFILIATES & REFERRALS\n---------------------------------------------------\nAffiliates, Sponsors & Referrals: https://lmg.gg/sponsors\nGet Private Internet Access VPN at https://lmg.gg/pialinus2\nGet a Mech Keyboard: https://geni.us/RecNBTI\nNEEDforSEAT Gaming Chairs: https://geni.us/needforseat\nGet a Displate Metal Print at https://lmg.gg/displateltt\nUse code LINUSMEDIAGROUP on Epic Games Store: https://lmg.gg/kRTpY\nGet a 30-day free trial of Amazon Prime at https://lmg.gg/8KV1v\nOur Gear on Amazon: https://geni.us/lmgamazon\n \nFOLLOW US ELSEWHERE\n---------------------------------------------------  \nTwitter: https://twitter.com/linustech\nFacebook: http://www.facebook.com/LinusTech\nInstagram: https://www.instagram.com/linustech\nTwitch: https://www.twitch.tv/linustech\n\nFOLLOW OUR OTHER CHANNELS\n---------------------------------------------------  \nTechquickie: https://lmg.gg/techquickieyt\nTechLinked: https://lmg.gg/techlinkedyt\nShortCircuit: https://lmg.gg/shortcircuityt\n\nLMG Clips: https://lmg.gg/lmgclipsyt\nChannel Super Fun: https://lmg.gg/channelsuperfunyt\nCarpool Critics: https://lmg.gg/carpoolcriticsyt\n\nMUSIC CREDIT\n---------------------------------------------------  \nTitle: Laszlo - Supernova\nVideo Link: https://www.youtube.com/watch?v=PKfxmFU3lWY\niTunes Download Link: https://itunes.apple.com/us/album/supernova/id936805712\nArtist Link: https://soundcloud.com/laszlomusic\n\nOutro Screen Music Credit: Approaching Nirvana - Sugar High http://www.youtube.com/approachingnirvana\n\nMonitor And Keyboard by vadimmihalkevich / CC BY 4.0 https://lmg.gg/fxHYK \nMechanical RGB Keyboard by BigBrotherECE / CC BY 4.0 https://lmg.gg/Q9yyQ \nMouse Gamer free Model By Oscar Creativo / CC BY 4.0 https://lmg.gg/8upii", "link": "https://www.youtube.com/watch?v=n4kOeYy6wZs", "date_published": "2020-07-14 00:00:00+00:00", "persistent": false, "user": null, "language": "en-US"}, {"source": "https://www.youtube.com/feeds/videos.xml?channel_id=UCXuqSBlHAE6Xw-yeJA0Tunw", "title": "I've never seen ANYTHING like this before... Temple OS", "description": "Get 20% OFF + Free Shipping at Manscaped.com with code LTT - https://mnscpd.com/2ML8ni3\n\nBuy the Elgato Wave 1 Streaming Mic at https://geni.us/Ruam880\nBuy the Elgato Wave 3 Streaming Mic at https://geni.us/n4c8\n\nTerry Davis may not be as well-known as Linus Torvalds, but his open source operating system may be a legacy that will live on forever. What is it, and how do you use it?\n\nCheck out TempleOS: https://templeos.org/\nCheck out Fredrik Knudsen's TempleOS documentary: https://www.youtube.com/watch?v=UCgoxQCf5Jg\n\nDiscuss on the forum: https://linustechtips.com/main/topic/1221613-ive-never-seen-anything-like-this-before/\n\n\nGET MERCH: http://www.LTTStore.com/\nSUPPORT US ON FLOATPLANE: https://www.floatplane.com/  \nLTX EXPO: https://www.ltxexpo.com/   \n\nAFFILIATES & REFERRALS\n---------------------------------------------------\nAffiliates, Sponsors & Referrals: https://lmg.gg/sponsors\nGet Private Internet Access VPN at https://lmg.gg/pialinus2\nGet a Mech Keyboard: https://geni.us/RecNBTI\nNEEDforSEAT Gaming Chairs: https://geni.us/needforseat\nGet a Displate Metal Print at https://lmg.gg/displateltt\nUse code LINUSMEDIAGROUP on Epic Games Store: https://lmg.gg/kRTpY\nGet a 30-day free trial of Amazon Prime at https://lmg.gg/8KV1v\nOur Gear on Amazon: https://geni.us/lmgamazon\n \nFOLLOW US ELSEWHERE\n---------------------------------------------------  \nTwitter: https://twitter.com/linustech\nFacebook: http://www.facebook.com/LinusTech\nInstagram: https://www.instagram.com/linustech\nTwitch: https://www.twitch.tv/linustech\n\nFOLLOW OUR OTHER CHANNELS\n---------------------------------------------------  \nTechquickie: https://lmg.gg/techquickieyt\nTechLinked: https://lmg.gg/techlinkedyt\nShortCircuit: https://lmg.gg/shortcircuityt\n\nLMG Clips: https://lmg.gg/lmgclipsyt\nChannel Super Fun: https://lmg.gg/channelsuperfunyt\nCarpool Critics: https://lmg.gg/carpoolcriticsyt\n\nMUSIC CREDIT\n---------------------------------------------------  \nTitle: Laszlo - Supernova\nVideo Link: https://www.youtube.com/watch?v=PKfxmFU3lWY\niTunes Download Link: https://itunes.apple.com/us/album/supernova/id936805712\nArtist Link: https://soundcloud.com/laszlomusic\n\nOutro Screen Music Credit: Approaching Nirvana - Sugar High http://www.youtube.com/approachingnirvana\n\nMonitor And Keyboard by vadimmihalkevich / CC BY 4.0 https://lmg.gg/fxHYK \nMechanical RGB Keyboard by BigBrotherECE / CC BY 4.0 https://lmg.gg/Q9yyQ \nMouse Gamer free Model By Oscar Creativo / CC BY 4.0 https://lmg.gg/8upii", "link": "https://www.youtube.com/watch?v=LtlyeDAJR7A", "date_published": "2020-07-13 00:00:00+00:00", "persistent": false, "user": null, "language": "en-US"}]