[{"source": "https://www.youtube.com/feeds/videos.xml?channel_id=UCbu2SsF-Or3Rsn3NxqODImw", "title": "Dead by Daylight - Official 4K Stadia Announcement Trailer", "description": "Experience the thrills of Dead by Daylight, one of the most popular multiplayer horror games, on Google Stadia.\n\nComing September 2020.\n\nDead by Daylight is an asymmetrical multiplayer horror game where one player takes on the role of a brutal Killer and the other four play as Survivors. As a Killer, your goal is to sacrifice as many Survivors as possible. \nAs a Survivor, your goal is to escape and avoid being caught and killed.", "link": "https://www.youtube.com/watch?v=WBoMkNKtJcc", "date_published": "2020-07-14 00:00:00+00:00", "persistent": false, "user": null, "language": "en-US"}, {"source": "https://www.youtube.com/feeds/videos.xml?channel_id=UCbu2SsF-Or3Rsn3NxqODImw", "title": "Dead by Daylight - Official Stadia Announcement Trailer", "description": "Experience the thrills of Dead by Daylight, one of the most popular multiplayer horror games, on Google Stadia.\n\nComing September 2020.\n\nDead by Daylight is an asymmetrical multiplayer horror game where one player takes on the role of a brutal Killer and the other four play as Survivors. As a Killer, your goal is to sacrifice as many Survivors as possible. \nAs a Survivor, your goal is to escape and avoid being caught and killed.", "link": "https://www.youtube.com/watch?v=L4wmg6dE3dI", "date_published": "2020-07-14 00:00:00+00:00", "persistent": false, "user": null, "language": "en-US"}, {"source": "https://www.youtube.com/feeds/videos.xml?channel_id=UCbu2SsF-Or3Rsn3NxqODImw", "title": "Ghost of Tsushima Review", "description": "Ghost of Tsushima has some dull edges, but strikes a lot of highs with its cinematic stylings. Sucker Punch's action-adventure Ghost of Tsushima will be available on PS4 on July 17. You can read the full written Ghost of Tsushima review by Edmond Tran on GameSpot: https://www.gamespot.com/reviews/ghost-of-tsushima-review-chaos-in-the-windy-city/1900-6417501/", "link": "https://www.youtube.com/watch?v=0UkhlCjR1-w", "date_published": "2020-07-14 00:00:00+00:00", "persistent": false, "user": null, "language": "en-US"}, {"source": "https://www.youtube.com/feeds/videos.xml?channel_id=UCbu2SsF-Or3Rsn3NxqODImw", "title": "Hitman 3 - Official 4K Stadia Announcement Trailer", "description": "The World of Assassination Trilogy comes to Stadia. Hitman and Hitman 2 both arrive this September, with Hitman launching into Stadia Pro. Hitman 3, the dramatic conclusion to the trilogy, is set to release January 2021.", "link": "https://www.youtube.com/watch?v=P92YOxUghiw", "date_published": "2020-07-14 00:00:00+00:00", "persistent": false, "user": null, "language": "en-US"}, {"source": "https://www.youtube.com/feeds/videos.xml?channel_id=UCbu2SsF-Or3Rsn3NxqODImw", "title": "Hitman 3 - Official Stadia Announcement Trailer", "description": "The World of Assassination Trilogy comes to Stadia. Hitman and Hitman 2 both arrive this September, with Hitman launching into Stadia Pro. Hitman 3, the dramatic conclusion to the trilogy, is set to release January 2021.", "link": "https://www.youtube.com/watch?v=p8OPeOWoZNQ", "date_published": "2020-07-14 00:00:00+00:00", "persistent": false, "user": null, "language": "en-US"}, {"source": "https://www.youtube.com/feeds/videos.xml?channel_id=UCbu2SsF-Or3Rsn3NxqODImw", "title": "Lego Nintendo Entertainment System - Official Reveal Trailer", "description": "Play with power, and bricks, with this Nintendo Entertainment System made entirely from LEGO! Releasing this August for $229.99.", "link": "https://www.youtube.com/watch?v=pfgFWiu3Z7U", "date_published": "2020-07-14 00:00:00+00:00", "persistent": false, "user": null, "language": "en-US"}, {"source": "https://www.youtube.com/feeds/videos.xml?channel_id=UCbu2SsF-Or3Rsn3NxqODImw", "title": "Ubisoft Announces A Bunch Of Release Dates | Save State", "description": "Ubisoft announces release dates for its upcoming games, Cyberpunk 2077 is not coming to Game Pass, and Microsoft takes a stance on cross-gen games.\n\nUbisoft Forward may not have had many surprises, but it did have plenty of release dates. Hyper Scape is currently in open beta for PC, Watch Dogs: Legion and Assassin's Creed Valhalla are both coming later this year, and Far Cry 6 is scheduled for February 2021. \n\nPlenty of games make there debut on Xbox Game Pass, but Cyberpunk 2077 will not be one of them. While there is an exclusive Cyberpunk 2077-themed Xbox One, the partnership doesn't extend to Game Pass, it seems. Microsoft and Sony are taking different approaches to the next generation of consoles. Sony is going the more traditional route with PS5-only games, while Microsoft, however, wants to launch games across both Xbox One and Xbox Series X. \n\nAnd hey, while you're here, GameSpot launched its own merch store. Till the end of August, all the proceeds will be split between Black Lives Matter and COVID-19 relief. \n\nCheck it out here: store.gamespot.com\n\n#SaveState #GameSpot", "link": "https://www.youtube.com/watch?v=EQjRx3kanJ8", "date_published": "2020-07-14 00:00:00+00:00", "persistent": false, "user": null, "language": "en-US"}, {"source": "https://www.youtube.com/feeds/videos.xml?channel_id=UCbu2SsF-Or3Rsn3NxqODImw", "title": "Death Stranding - Official 4K PC Launch Trailer", "description": "Unite the divided - One more time. From legendary game creator Hideo Kojima and KOJIMA PRODUCTIONS comes DEATH STRANDING, the genre-defying open world action adventure for PC! Launching July 14 on Steam and the Epic Games Store.", "link": "https://www.youtube.com/watch?v=c3bEhASd2bw", "date_published": "2020-07-13 00:00:00+00:00", "persistent": false, "user": null, "language": "en-US"}, {"source": "https://www.youtube.com/feeds/videos.xml?channel_id=UCbu2SsF-Or3Rsn3NxqODImw", "title": "Ghost Of Tsushima \u2013 Official PS4 Launch Trailer", "description": "Jin Sakai must set aside his samurai traditions and forge a new path, the path of the Ghost, and wage an unconventional war for the freedom of Tsushima. The hotly anticipated Ghost of Tsushima from Sucker Punch Productions arrives July 17, exclusively on PlayStation 4.", "link": "https://www.youtube.com/watch?v=SLoQbykVbDc", "date_published": "2020-07-13 00:00:00+00:00", "persistent": false, "user": null, "language": "en-US"}, {"source": "https://www.youtube.com/feeds/videos.xml?channel_id=UCbu2SsF-Or3Rsn3NxqODImw", "title": "Ghost of Tsushima \u2013 Official 4K Cinematic Launch Trailer", "description": "Jin Sakai must set aside his samurai traditions and forge a new path, the path of the Ghost, and wage an unconventional war for the freedom of Tsushima.\n\nThe hotly anticipated Ghost of Tsushima from Sucker Punch Productions arrives July 17, exclusively on PlayStation 4.", "link": "https://www.youtube.com/watch?v=GR0OCg4lsGI", "date_published": "2020-07-13 00:00:00+00:00", "persistent": false, "user": null, "language": "en-US"}, {"source": "https://www.youtube.com/feeds/videos.xml?channel_id=UCbu2SsF-Or3Rsn3NxqODImw", "title": "Just As Absurd As The Original | Deadly Premonition 2 Let's Play Part 1", "description": "Deadly Premonition super-fans Ben Janca and Jean-Luc Seipke are here to experience Dead Premonition 2: A Blessing In Disguise for the first time, and they want to take all of you along for the ride.\n\nIf you enjoy this and want to see more let us know in the comments and like and share this video!", "link": "https://www.youtube.com/watch?v=UeHO-lU1a94", "date_published": "2020-07-13 00:00:00+00:00", "persistent": false, "user": null, "language": "en-US"}, {"source": "https://www.youtube.com/feeds/videos.xml?channel_id=UCbu2SsF-Or3Rsn3NxqODImw", "title": "Remember When PS3 Almost Lost the Console War?", "description": "Sony may have flown too close to the sun with the PS3, but its fall from grace is what led to the PS4\u2019s success. \n\nThe PlayStation 3 stumbled out of the gate back in 2006, nearly costing Sony the console war. But through hard lessons learned, paved the way for the PS4\u2019s overwhelming success. So where did Sony go wrong with the PS3, and how exactly did it right its course? \n\nJoin Kurt Indovina for this episode of Remember When as he looks back on the PS3\u2019s rocky launch, its infamous cell technology, and how Sony managed to climb its way back up the food chain. Kurt also invites CNET editor Jeff Bakalar to give some extra insight, and fill some gaps on the PS3\u2019s troublesome launch.\n\nWatch Remember When here: https://www.youtube.com/playlist?list=PLpg6WLs8kxGMLxDSYQgn3jsNCR8qG8tlj\n\nSubscribe to our channel: https://www.youtube.com/gamespot\n\nFollow us!\nTwitter: https://twitter.com/GameSpot\nInstagram: https://www.instagram.com/gamespot/ \nFacebook: https://www.facebook.com/GameSpot/\n\n#RememberWhen #PS3 #GameSpot", "link": "https://www.youtube.com/watch?v=cTHD22RWGGQ", "date_published": "2020-07-13 00:00:00+00:00", "persistent": false, "user": null, "language": "en-US"}]