[{"source": "https://www.youtube.com/feeds/videos.xml?channel_id=UChnxLLvzviaR5NeKOevB8iQ", "title": "Patch From Scratch 01: Chemical Breaks", "description": "Making a little patch from scratch! Final jam at 15:55\n\nNotes:\n\nTo be fair, this isn't completely from scratch. Here are the connections I had set up in my rack to start with:\n\nHermod sends pitch and trig to Piston Honda Mk III, Plaits, and Pico Voice. Trig is used to excite Streams to create envelopes for the Piston Honda, and Quart to create envelopes for Plaits and Pico Voice. Piston Honda voice 2 is sent to Happy Nerding VCF. KeyStep Pro is connected to send clock to Pamela's New Workout (which in turn clocks Hermod) and sends gate triggers to the drums and to the ADE-32 for modulation. This was the basic \"ready to go\" patch I always had set, which I plan on destroying in the new setup to encourage more experimentation.  \n\nGear used: \nMake Noise Morphagene: https://reverb.grsm.io/morphagene\nSquarp Hermod: https://reverb.grsm.io/hermod\nEmpress Effects ZOIA: https://reverb.grsm.io/zoia3787\nMake Noise 0-Coast: https://reverb.grsm.io/0coast\nErica Synths Pico System 3: https://reverb.grsm.io/picosystemiii\nArturia Rackbrute: https://reverb.grsm.io/rackbrute\nArturia Keystep Pro: https://reverb.grsm.io/keysteppro\nArturia Microfreak: https://reverb.grsm.io/microfreak\nMake Noise Maths: https://reverb.grsm.io/maths\nMutable Instruments Plaits, Streams: https://reverb.grsm.io/plaits\nIntellijel Quad VCA: https://reverb.grsm.io/intquadvca\nIME Piston Honda MKIII: https://reverb.grsm.io/pistonhonda\nAfter Later Monsoon: https://reverb.grsm.io/almonsoon\nQD Quad Drum Module: https://reverb.grsm.io/vpmeqd\nBusy Circuits Pam's New Workout: https://reverb.grsm.io/pams\nErica Synths Pico Drum2, Pico Voice: https://reverb.grsm.io/espico\nQuart: https://reverb.grsm.io/quart\n------------------------------------\nPatreon: http://bit.ly/rmrpatreon\nBandcamp: http://bit.ly/2Kq617o\nSoundcloud: http://bit.ly/2NOH9Is\nSpotify: https://spoti.fi/2N40SoX\nGoogle Play: http://bit.ly/33M9aG5\niTunes: https://apple.co/2pqh3SK\nAmazon Music: https://amzn.to/2O9q1fe\nT-Shirts: http://bit.ly/rmrshirts\nTwitter: http://bit.ly/rmrtwitters\nWebsite: http://bit.ly/rmrmedia", "link": "https://www.youtube.com/watch?v=8aETDNk04tE", "date_published": "2020-07-13 00:00:00+00:00", "persistent": false, "user": null, "language": "en-US"}]