[{"source": "https://www.youtube.com/feeds/videos.xml?channel_id=UCF9IOB2TExg3QIBupFtBDxg", "title": "US Update", "description": "US\nhttps://www.youtube.com/watch?v=uYvTftH2rpE\n\n41 states with rising cases\n\nWeeks delay for testing\n\nPeople sicker, outbreaks bigger\n\nContact tracers cannot do their job\n\nAthletes tested no problem\n\nNBA player tested 20 times in Florida\n\nArizona University, saliva test, 2,000 up to 16,000\n\nFlorida\n\nCases, + 15,300 (Sunday) + 12,624 (Monday)\n\nOpen for business\n\nCarlos Gimenez, the reason is us, OK\n\nChange behaviour\n\nYounger people after COVID parties\n\n7 hospitals at capacity now\n\nCalifornia\n\nCases, + 63,714 past week\n\nBars, indoor dining, churches,\n\nBusinesses will close, good people unemployed, because people would not wear a mask\n\nArizona\n\n19% testing positive\n\nPhoenix, over 100% capacity\n\nDr. Fauci\n\nWe haven\u2019t even begun to see the end of it yet\n\n36 years as director of National Institute of Allergy and Infectious Diseases\n\nI don\u2019t think it\u2019s an exaggeration to say we have a serious ongoing problem, right now, as we speak\n\nWhat worries me is the slope of the curve\n\nIt still looks like it\u2019s exponential \n\nMany states started opening up before their cases got down to a baseline level where new cases could easily be tracked\n\nI think we have to realise that some states jumped ahead of themselves. Other states did it correctly\n\nBut the citizenry didn\u2019t listen to the guidelines and they decided they were going to stay in bars and go to congregations of crowds and celebrations\n\nThe US has always valued individual rights\n\nThis could make it hard to tackle the pandemic\n\nA movement against science and authority\n\nThat is very, very problematic right now\n\nExtreme confusion\n\nI have never seen a virus or any pathogen that has such a broad range of manifestations\n\nEven if it doesn\u2019t kill you, even if it doesn\u2019t put you in the hospital, it can make you seriously ill\n\nI have a reputation, as you probably have figured out, of speaking the truth at all times and not sugar-coating things \n\nAnd that may be one of the reasons why I haven\u2019t been on television very much lately", "link": "https://www.youtube.com/watch?v=Z-I5piVSGf4", "date_published": "2020-07-14 00:00:00+00:00", "persistent": false, "user": null, "language": "en-US"}, {"source": "https://www.youtube.com/feeds/videos.xml?channel_id=UCF9IOB2TExg3QIBupFtBDxg", "title": "Update, UK", "description": "UK\n\nPrepare now for a winter COVID-19 peak, Academy of Medical Sciences, 14th July\n\n37 excerpts\n\nhttps://acmedsci.ac.uk/more/news/prepare-now-for-a-winter-covid-19-peak-warns-academy-of-medical-sciences\n\nPreparations to avoid second wave worst-case scenario in NHS hospitals must start now\n\nCOVID-19 is more likely to spread in winter\n\nMore time indoors\n\nVirus able to survive longer in colder, darker winter conditions.\n\nProblems\n\nDisruption already created\n\nBacklog of patients\n\nPossibility of a flu epidemic\n\nOther infectious diseases\n\nAsthma, heart attack, chronic obstructive pulmonary disease and stroke\n\nOverlapping symptoms of COVID-19, flu and other winter infections\n\nInternal redeployments\n\nSlower with reduced throughput capacity\n\nRisk of the health service being overwhelmed\n\nActions\n\nMinimising transmission in the community\n\nPublic information campaign for all\n\nTailored to individuals and communities at high risk\n\nComprehensive, near real-time, population-wide surveillance system\n\nFlu vaccination, concerted effort \n\nMinimise coronavirus and flu transmission everywhere\n\nTrack, trace and isolate programme ready for winter\n\nShielding\n\nHospitals and care homes\n\nCOVID-19 and COVID-19-free zones\n\nEnsure there is adequate PPE\n\nSystem-wide infection control, minimise transmission in hospital and other residential care settings\n\nFactors\n\nHigh degree of uncertainty about how epidemic will evolve \n\nRt 1.7 from September 2020 onwards\n\nPeak in hospital admissions and deaths in January and February 2021\n\nSeptember 2020 to June 2021, 119,900 hospital-based deaths (excluding care homes)\n\nGovernment would act to reduce the transmission rate\n\nDexamethasone (and heparin)\n\nNeed for immediate action\n\nIt must be done now\n\nMasks mandated in shops in England from 24th July. Already mandatory in shops in Scotland. \n\nhttps://www.theguardian.com/world/2020/jul/13/face-masks-shops-england-24-july-boris-johnson\n \nGermany, Spain, Italy and Greece, have already made it compulsory\n\nYouGov poll\n\nUK , 36%\nSpain, 86%\nItaly, 83%\nFrance, 78%\nGermany, 65%", "link": "https://www.youtube.com/watch?v=dXUmFmZV8Vw", "date_published": "2020-07-14 00:00:00+00:00", "persistent": false, "user": null, "language": "en-US"}, {"source": "https://www.youtube.com/feeds/videos.xml?channel_id=UCF9IOB2TExg3QIBupFtBDxg", "title": "Update with US concerns", "description": "US\n\nhttps://www.cdc.gov/covid-data-tracker/index.html#cases\n\nLeadership by example\n\nBritish PM\n\nhttps://www.theguardian.com/world/2020/jul/13/boris-johnson-says-face-masks-should-be-worn-in-shops-in-england\n\nThe scientific evidence of face coverings, and the importance of stopping aerosol droplets; that\u2019s been growing \n\nSo I do think that in shops it is very important to wear a face covering\n\nHeat wave\n\nWhite house task force, (Brett Giroir)\n\nDeaths expected to go up\n\nTurning around in the next 2 or 3 weeks \n\n90% of people in hotspots need to wear masks or we will not get control of the virus\n\nWhite house Fauci debate\n\nhttps://www.cdc.gov/covid-data-tracker/index.html#cases\n\nhttps://rt.live\n\nFlorida\n\nCases, + 15,300\n\nTests, + 140,000\n\nMasks not always used\n\nBeaches and businesses open\n\nWhitehouse task force, wearing masks is essential\n\nMiami, ITU capacity, 6 full already\n\nDisney world, reduced capacity\n\nMasks over age of 3\n\nTexas\n\nCases, + 6,000\n\nRefrigerator trucks\n\nhttps://www.houstonchronicle.com/news/investigations/article/As-COVID-19-continues-to-slam-Houston-the-death-15400462.php?utm_source=newsletter&utm_medium=email&utm_campaign=HC_DailyHeadlines&utm_term=news&utm_content=headlines#photo-19662384\n\nGregg Abbott\n\nMay need a lockdown\n\nDeath toll will rise\n\nReporting inconsistencies between states\n\nTexas is one of 24 states that publicly reports only confirmed COVID-19 deaths, not probables\n\n(19% of deaths reported in New York City, was reported as a probable)\n\nRampant testing shortages\n\nMany patients likely died without being screened\n\nSurge of cases, health care providers in Houston overwhelmed\n\n12 hours or more for emergency room care or ICU beds with respiratory distress\n\nWhat we\u2019re seeing now in states like Texas is comparable to what we saw in New York City (CDC) \n\nDeath data lag\n\nIncubation\n\nSymptomatic\n\nComplications\n\nDeath collation\n\nReporting\n\nThe steep rise in cases that started about mid-June in many states will likely be seen in rising deaths very soon\n\nIt is hard to see how they won\u2019t come\n\nhttps://www.kff.org/person/jennifer-kates/\n\nDeath rates increasing by 50% in past month\n\nArizona\n\nTexas\n\nArkansas\n\nTennessee\n\nSouth Carolina\n\nArizona\n\nRefrigerator trucks\n\nMichigan\n\nJuly 4th Parties\n\nPacked parties made contact tracing impossible\n\nLouisiana\n\nBars closed\n\nMandatory mask order\n\n61 Marines \n\nhttps://www.businessinsider.com/coronavirus-outbreaks-us-marine-bases-in-japan-anger-authorities-2020-7?r=US&IR=T\n\nIt is extremely regrettable that the infections are rapidly spreading among US personnel when we Okinawans are doing our utmost to contain the infections (Okinawa's governor, Denny Tamaki)\n\nOkinawans are shocked by what we were told\n\nWe now have strong doubts that the US military has taken adequate disease prevention measures.\n\nTwo experimental vaccines\n\nhttps://www.theguardian.com/world/live/2020/jul/13/coronavirus-live-news-who-reports-record-global-cases-as-south-africa-reinstates-alcohol-ban\n\nGerman biotech firm BioNTech and Pfizer\n\nFast track designation from the U.S. drug regulator\n\nTrial with up to 30,000 participants as soon as later this month\n\n100 million doses by the end of this year\n\n1.2 billion doses by 2021-end.\n\nSouth America\nDeath toll higher than North America\n\nJapan\nI want to host them as a symbol of the world coming together to overcome this tough situation and of strengthened bonds among humankind (Koike)", "link": "https://www.youtube.com/watch?v=u_Y04ZxJwJY", "date_published": "2020-07-13 00:00:00+00:00", "persistent": false, "user": null, "language": "en-US"}]