[{"source": "https://www.youtube.com/feeds/videos.xml?channel_id=UCR-DXc1voovS8nhAvccRZhg", "title": "Ansible 2.10 is here! Your questions, answered", "description": "Ansible 2.10.0 was released today: https://groups.google.com/g/ansible-project/c/yFnMgbjqYnU\n\nWith the advent of collections and ansible-base, what does this mean for your Ansible automation? Do you need to rewrite all your playbooks? Will your favorite modules still be around? How do I even install Ansible anymore? Why did the Ansible team make these Collection changes?\n\nI'll answer all those questions and more in this Q&A session on Ansible 2.10's release! #Ansible #DevOps\n\nSponsor me on GitHub:\u00a0https://github.com/sponsors/geerlingguy\nSupport me on Patreon:\u00a0https://www.patreon.com/geerlingguy", "link": "https://www.youtube.com/watch?v=D83Wf0njbyA", "date_published": "2020-09-23 00:00:00+00:00", "persistent": false, "user": null, "language": "en-US"}]