[{"source": "https://www.youtube.com/feeds/videos.xml?channel_id=UCBJycsmduvYEL83R_U4JriQ", "title": "Can You Actually Game in 8K? (RTX 3090 Gameplay!)", "description": "Gaming in 8K with an RTX3090 is surprisingly impressive! Uploaded in 8K. RIP to your GPU.\n*8K may or may not take up to a week to process lol\n\nRTX3090 8K gaming: https://nvidia.com/en-us/geforce/technologies/8k/\nMaingear F131: http://www.maingear.com/8kgaming\nLG 8K TV: http://lgoledtv.co/MKBHD-8K\n\nLinusTechTips Review: https://youtu.be/YjcxrfEVhc8\nHardwareCanucks Review: https://youtu.be/OXH1YxzIeW4\nDave2D Review: https://youtu.be/jgLOfZaV3Ac\n\nMKBHD Merch: http://shop.MKBHD.com\n\nTech I'm using right now: https://www.amazon.com/shop/MKBHD\n\nIntro Track: \nPlaylist of MKBHD Intro music: https://goo.gl/B3AWV5\n\nComputer/GPU provided by Maingear for video.\n\n~\nhttp://twitter.com/MKBHD\nhttp://instagram.com/MKBHD\nhttp://facebook.com/MKBHD", "link": "https://www.youtube.com/watch?v=kFz9afj8lu0", "date_published": "2020-09-23 00:00:00+00:00", "persistent": false, "user": null, "language": "en-US"}, {"source": "https://www.youtube.com/feeds/videos.xml?channel_id=UCBJycsmduvYEL83R_U4JriQ", "title": "Porsche Taycan Turbo: I Almost Switched!  [Auto Focus Ep 6]", "description": "Porsche Taycan is an incredible electric sports car. It just needs 1 more thing to get me to switch from Tesla.\n\nShoutout to Maurice from Porsche of Englewood: mmanente@townmotors.com\n\nMKBHD Merch: http://shop.MKBHD.com\n\nTech I'm using right now: https://www.amazon.com/shop/MKBHD\n\nPlaylist of MKBHD Intro music: https://goo.gl/B3AWV5\n\n~\nhttp://twitter.com/MKBHD\nhttp://instagram.com/MKBHD\nhttp://facebook.com/MKBHD", "link": "https://www.youtube.com/watch?v=BAZX9p2oGOg", "date_published": "2020-09-22 00:00:00+00:00", "persistent": false, "user": null, "language": "en-US"}]