[{"source": "https://www.youtube.com/feeds/videos.xml?channel_id=UCBJycsmduvYEL83R_U4JriQ", "title": "Dear Electric Cars!", "description": "Amid Apple Project Titan rumors... let's talk about future electric cars!\n\nPorsche Taycan story: https://amp.theguardian.com/money/2020/nov/28/electric-cars-porsche-charging-network\n\nTesla vs Ford beef: https://electrek.co/2020/12/28/ford-throws-shade-tesla-quality-electric-vehicles-compromise/amp/\n\nGas vs electric range graph: https://www.energy.gov/eere/vehicles/fact-939-august-22-2016-all-electric-vehicle-ranges-can-exceed-those-some-gasoline\n\nThumbnail art: https://magictorch.com/macformat-various-projects\n\nMKBHD Merch: http://shop.MKBHD.com\n\nTech I'm using right now: https://www.amazon.com/shop/MKBHD\n\nIntro Track: Jordyn Edmonds http://smarturl.it/jordynedmonds \nPlaylist of MKBHD Intro music: https://goo.gl/B3AWV5\n\n~\nhttp://twitter.com/MKBHD\nhttp://instagram.com/MKBHD\nhttp://facebook.com/MKBHD", "link": "https://www.youtube.com/watch?v=pJlA2J92Fw4", "date_published": "2020-12-29 00:00:00+00:00", "persistent": false, "user": null, "language": "en-US"}]