[{"source": "https://www.youtube.com/feeds/videos.xml?channel_id=UCD6VugMZKRhSyzWEWA9W2fg", "title": "Pharaoh Review | featuring Caesar 3 from the SPQR Series\u2122", "description": "The best of Trauma-based citybuilding since 1999.\n\nDiscounts on everything:\nhttps://www.gog.com/partner/sseth\n\nUseful resources, guides and FAQs:\nhttp://pharaoh.heavengames.com/\n\nHappy new year brothers.\nTake care out there.\n-----------------------\nSend Sseth Shekels: https://www.paypal.me/SsethTzeentachGB\nSend Sseth Shekels per video:  https://www.patreon.com/Sseth\nSend Sseth Shekels / crypto: https://www.subscribestar.com/ssethtzeentach\n\nWebsite: https://ssethtzeentach.com/\nTwitter: https://twitter.com/SsethTzeentach\nFB: https://www.facebook.com/sseth672/", "link": "https://www.youtube.com/watch?v=YA2UAeFMWFs", "date_published": "2020-12-28 00:17:47+00:00", "persistent": false, "user": null, "language": "en-US"}]