[{"source": "https://www.youtube.com/feeds/videos.xml?channel_id=UCzQUP1qoWDoEbmsQxvdjxgQ", "title": "HBO MAX Removed \"Chappelle's Show\" after Dave Chappelle's Request", "description": "This clip is taken from the Joe Rogan Experience #1585 with Michael Kosta. https://open.spotify.com/episode/4XMWyMS0SxoloUWF5hoqdU?si=3nu84-pfRteJujwOAK3DxA", "link": "https://www.youtube.com/watch?v=VogZVWPd4CI", "date_published": "2020-12-28 00:00:00+00:00", "persistent": false, "user": null, "language": "en-US"}, {"source": "https://www.youtube.com/feeds/videos.xml?channel_id=UCzQUP1qoWDoEbmsQxvdjxgQ", "title": "Joe Rogan on \"The Color of Money\"", "description": "This clip is taken from the Joe Rogan Experience #1585 with Michael Kosta. https://open.spotify.com/episode/4XMWyMS0SxoloUWF5hoqdU?si=3nu84-pfRteJujwOAK3DxA", "link": "https://www.youtube.com/watch?v=Pf4ag0lve-0", "date_published": "2020-12-28 00:00:00+00:00", "persistent": false, "user": null, "language": "en-US"}, {"source": "https://www.youtube.com/feeds/videos.xml?channel_id=UCzQUP1qoWDoEbmsQxvdjxgQ", "title": "The Shifting Nature of the Coronavirus", "description": "This clip is taken from the Joe Rogan Experience #1585 with Michael Kosta. https://open.spotify.com/episode/4XMWyMS0SxoloUWF5hoqdU?si=3nu84-pfRteJujwOAK3DxA", "link": "https://www.youtube.com/watch?v=R59mzw0iPTY", "date_published": "2020-12-28 00:00:00+00:00", "persistent": false, "user": null, "language": "en-US"}]