[{"source": "https://www.youtube.com/feeds/videos.xml?channel_id=UCwUizOU8pPWXdXNniXypQEQ", "title": "Coronavirus - It\u2019s Deadlier Than You Thought", "description": "Here's the latest BREAKING NEWS update on the Coronavirus. It's definitely gonna kill you. The only way to protect yourself from COVID-19 is to buy a casket now. Stay tuned for all the latest sensationalized updates about the Corona Virus.\nSubscribe to my channel for MORE! New videos every week!: https://www.youtube.com/user/AwakenWithJP?sub_confirmation=1\n\n*For Comedy Show schedule and tickets: https://awakenwithjp.com/events/\n-My NEW Awakened Shirts are available! Claim yours here: https://awakenwithjp.com/shop\n\nClick Here to join my PATREON - https://awakenwithjp.com/patron\n---- Want to be the first to see my new videos with 24 hour early access? Just click this to receive the alerts! - https://m.me/awakenwithjp?ref=w6836464\n\nListen and Subscribe to my NEW Podcast here: \nhttps://podcasts.apple.com/ca/podcast/awaken-with-jp-sears-show/id1436938686\nIt's also available everywhere else you get podcasts. Just search and subscribe to \"Awaken With JP Sears Show\"\n\n-Order my new book at: http://HowToBeUltraSpiritual.com/\n\nConnect with me at: \nhttp://www.facebook.com/AwakenWithJP\nhttp://www.Instagram.com/AwakenWithJP\nhttp://www.twitter.com/AwakenWithJP\nhttp://www.AwakenWithJP.com", "link": "https://www.youtube.com/watch?v=XPpzHYKpndk", "date_published": "2020-03-11 00:00:00+00:00", "persistent": false, "user": null, "language": "en-US"}, {"source": "https://www.youtube.com/feeds/videos.xml?channel_id=UCwUizOU8pPWXdXNniXypQEQ", "title": "How Spiritual People Fight", "description": "How spiritual people fight will give you an inside look at the ultra spiritual ferocious fighting lingo that happens with the most spiritually awake people. (feat. @brentpella)\nSubscribe to my channel for MORE! New videos every week!: https://www.youtube.com/user/AwakenWithJP?sub_confirmation=1\n\n*For Comedy Show schedule and tickets: https://awakenwithjp.com/events/\n-My NEW Awakened Shirts are available! Claim yours here: https://awakenwithjp.com/shop\n\nClick Here to join my PATREON - https://awakenwithjp.com/patron\n---- Want to be the first to see my new videos with 24 hour early access? Just click this to receive the alerts! - https://m.me/awakenwithjp?ref=w6836464\n\nListen and Subscribe to my NEW Podcast here: \nhttps://podcasts.apple.com/ca/podcast/awaken-with-jp-sears-show/id1436938686\nIt's also available everywhere else you get podcasts. Just search and subscribe to \"Awaken With JP Sears Show\"\n\n-Order my new book at: http://HowToBeUltraSpiritual.com/\n\nConnect with me at: \nhttp://www.facebook.com/AwakenWithJP\nhttp://www.Instagram.com/AwakenWithJP\nhttp://www.twitter.com/AwakenWithJP\nhttp://www.AwakenWithJP.com", "link": "https://www.youtube.com/watch?v=bQgRBnqpoQw", "date_published": "2020-03-10 00:00:00+00:00", "persistent": false, "user": null, "language": "en-US"}]