[{"source": "https://www.youtube.com/feeds/videos.xml?channel_id=UCnxGkOGNMqQEUMvroOWps6Q", "title": "Before MMA Alexander Volkanovski Was a 214lb Rugby Player | Joe Rogan", "description": "Taken from MMA Show #93 w/Alexander Volkanovski:\nhttps://youtu.be/jUiUUCt_TWg", "link": "https://www.youtube.com/watch?v=EWVWmyEzw5I", "date_published": "2020-03-11 00:00:00+00:00", "persistent": false, "user": null, "language": "en-US"}, {"source": "https://www.youtube.com/feeds/videos.xml?channel_id=UCnxGkOGNMqQEUMvroOWps6Q", "title": "Joe Rogan Freaks Out About Australia's Cane Toad Problem", "description": "Taken from MMA Show #93 w/Alexander Volkanovski:\nhttps://youtu.be/jUiUUCt_TWg", "link": "https://www.youtube.com/watch?v=kWImFZqvxyQ", "date_published": "2020-03-11 00:00:00+00:00", "persistent": false, "user": null, "language": "en-US"}, {"source": "https://www.youtube.com/feeds/videos.xml?channel_id=UCnxGkOGNMqQEUMvroOWps6Q", "title": "Joe Rogan Recaps Stylebender vs. Yoel Romero w/Alexander Volkanovski", "description": "Taken from MMA Show #93 w/Alexander Volkanovski:\nhttps://youtu.be/jUiUUCt_TWg", "link": "https://www.youtube.com/watch?v=qiW9mQ2YNyo", "date_published": "2020-03-11 00:00:00+00:00", "persistent": false, "user": null, "language": "en-US"}, {"source": "https://www.youtube.com/feeds/videos.xml?channel_id=UCnxGkOGNMqQEUMvroOWps6Q", "title": "Can We Eliminate the Ticks That Carry Lyme Disease?", "description": "Taken from JRE #1439 w/Michael Osterholm: https://youtu.be/E3URhJx0NSw", "link": "https://www.youtube.com/watch?v=9xXrN-w4-JM", "date_published": "2020-03-10 00:00:00+00:00", "persistent": false, "user": null, "language": "en-US"}, {"source": "https://www.youtube.com/feeds/videos.xml?channel_id=UCnxGkOGNMqQEUMvroOWps6Q", "title": "Hand Sanitizer & Face Masks, Will They Help Against the Coronavirus? w:Michael Osterholm | Joe", "description": "Taken from JRE #1439 w/Michael Osterholm:\nhttps://youtu.be/E3URhJx0NSw", "link": "https://www.youtube.com/watch?v=qbqQdwvjf7U", "date_published": "2020-03-10 00:00:00+00:00", "persistent": false, "user": null, "language": "en-US"}, {"source": "https://www.youtube.com/feeds/videos.xml?channel_id=UCnxGkOGNMqQEUMvroOWps6Q", "title": "How Serious is the Coronavirus? Infectious Disease Expert Michael Osterholm Explains | Joe Rogan", "description": "Taken from JRE #1439 w/Michael Osterholm:\nhttps://youtu.be/E3URhJx0NSw", "link": "https://www.youtube.com/watch?v=cZFhjMQrVts", "date_published": "2020-03-10 00:00:00+00:00", "persistent": false, "user": null, "language": "en-US"}, {"source": "https://www.youtube.com/feeds/videos.xml?channel_id=UCnxGkOGNMqQEUMvroOWps6Q", "title": "Is the Coronavirus a Bioweapon? w/Michael Osterholm | Joe Rogan", "description": "Taken from JRE #1439 w/Michael Osterholm:\nhttps://youtu.be/E3URhJx0NSw", "link": "https://www.youtube.com/watch?v=CfBhk-9OcrU", "date_published": "2020-03-10 00:00:00+00:00", "persistent": false, "user": null, "language": "en-US"}, {"source": "https://www.youtube.com/feeds/videos.xml?channel_id=UCnxGkOGNMqQEUMvroOWps6Q", "title": "Joe Rogan Speaks Out Against Anti-Vaxxers", "description": "Taken from JRE #1439 w/Michael Osterholm: https://youtu.be/E3URhJx0NSw", "link": "https://www.youtube.com/watch?v=ute7g2QxAO8", "date_published": "2020-03-10 00:00:00+00:00", "persistent": false, "user": null, "language": "en-US"}, {"source": "https://www.youtube.com/feeds/videos.xml?channel_id=UCnxGkOGNMqQEUMvroOWps6Q", "title": "Should You Take Probiotics After a Course of Antibiotics?", "description": "Taken from JRE #1439 w/Michael Osterholm: https://youtu.be/E3URhJx0NSw", "link": "https://www.youtube.com/watch?v=BxwFAL3jDmg", "date_published": "2020-03-10 00:00:00+00:00", "persistent": false, "user": null, "language": "en-US"}, {"source": "https://www.youtube.com/feeds/videos.xml?channel_id=UCnxGkOGNMqQEUMvroOWps6Q", "title": "The Differences Between the Coronavirus and the Spanish Flu w:Michael Osterholm | Joe Rogan", "description": "Taken from JRE #1439 w/Michael Osterholm:\nhttps://youtu.be/E3URhJx0NSw", "link": "https://www.youtube.com/watch?v=B6IgMdsZHbM", "date_published": "2020-03-10 00:00:00+00:00", "persistent": false, "user": null, "language": "en-US"}, {"source": "https://www.youtube.com/feeds/videos.xml?channel_id=UCnxGkOGNMqQEUMvroOWps6Q", "title": "Why Wasn\u2019t the US Better Prepared for Coronavirus?", "description": "Taken from JRE #1439 w/Michael Osterholm: https://youtu.be/E3URhJx0NSw", "link": "https://www.youtube.com/watch?v=Q4F2oSQ8CRI", "date_published": "2020-03-10 00:00:00+00:00", "persistent": false, "user": null, "language": "en-US"}, {"source": "https://www.youtube.com/feeds/videos.xml?channel_id=UCnxGkOGNMqQEUMvroOWps6Q", "title": "Why We\u2019re Years Out From a Coronavirus Vaccine", "description": "Taken from JRE #1439 w/Michael Osterholm: https://youtu.be/E3URhJx0NSw", "link": "https://www.youtube.com/watch?v=X8J0f18LLhE", "date_published": "2020-03-10 00:00:00+00:00", "persistent": false, "user": null, "language": "en-US"}, {"source": "https://www.youtube.com/feeds/videos.xml?channel_id=UCnxGkOGNMqQEUMvroOWps6Q", "title": "Why is China a Hotbed for Diseases Like Coronavirus?", "description": "Taken from JRE #1439 w/Michael Osterholm: https://youtu.be/E3URhJx0NSw", "link": "https://www.youtube.com/watch?v=_-DRhUDK738", "date_published": "2020-03-10 00:00:00+00:00", "persistent": false, "user": null, "language": "en-US"}]