[{"source": "https://www.youtube.com/feeds/videos.xml?channel_id=UCl2mFZoRqjw_ELax4Yisf6w", "title": "The ONE person stopping Right To Repair in Minnesota", "description": "https://tinyurl.com/rossmatrix\nLet's get Right to Repair passed! https://gofund.me/1cba2545\nhttps://www.senate.mn/members/member_bio.php?member_id=1174\n\n\n\ud83d\udd35 Patreon https://www.patreon.com/rossmanngroup", "link": "https://www.youtube.com/watch?v=E1p0WOl25nQ", "date_published": "2020-03-11 00:00:00+00:00", "persistent": false, "user": null, "language": "en-US"}, {"source": "https://www.youtube.com/feeds/videos.xml?channel_id=UCl2mFZoRqjw_ELax4Yisf6w", "title": "USPS, please stop losing our packages \ud83d\ude22", "description": "https://tinyurl.com/rossmatrix\nLet's get Right to Repair passed! https://gofund.me/1cba2545\nhttps://youtu.be/G4CCuMg6jXI", "link": "https://www.youtube.com/watch?v=kHlbgSr1nmc", "date_published": "2020-03-10 00:00:00+00:00", "persistent": false, "user": null, "language": "en-US"}, {"source": "https://www.youtube.com/feeds/videos.xml?channel_id=UCl2mFZoRqjw_ELax4Yisf6w", "title": "the man in the thumbnail is a sadistic murderer", "description": "https://tinyurl.com/rossmatrix\nLet's get Right to Repair passed! https://gofund.me/1cba2545\n10:58 \n\n\n\nhttps://www.youtube.com/watch?v=GWxGYewQmXA", "link": "https://www.youtube.com/watch?v=y_v7p3xEPDM", "date_published": "2020-03-10 00:00:00+00:00", "persistent": false, "user": null, "language": "en-US"}]