[{"source": "https://www.youtube.com/feeds/videos.xml?channel_id=UCqg5FCR7NrpvlBWMXdt-5Vg", "title": "Ori and the Will of the Wisps (Zero Punctuation)", "description": "Watch this week's episode on DOOM Eternal early: https://www.escapistmagazine.com/v2/doom-eternal-zero-punctuation/\n\nSubscribe to Escapist Magazine! \u25ba\u25ba http://bit.ly/Sub2Escapist\r\n\nThis week on Zero Punctuation, Yahtzee reviews Ori and the Will of the Wisps.\n\r\nWant to see the next episode a week early? Check out http://www.escapistmagazine.com for the latest episodes of your favorite shows.\r\n\r\n---\r\n\r\n\r\n\r\n---\r\n\r\n\r\nZero Punctuation Merch Store \u25ba\u25ba https://sharkrobot.com/collections/zero-punctuation \r\n\r\nJoin us on Twitch \u25ba\u25ba https://www.twitch.tv/escapistmagazine \r\n\r\nLike us on Facebook \u25ba\u25ba http://www.facebook.com/EscapistMag\r\n\r\nFollow us on Twitter \u25ba\u25ba https://twitter.com/EscapistMag\n\n#ZeroPunctuation #OriandtheWilloftheWisps", "link": "https://www.youtube.com/watch?v=70gY_ToZHmI", "date_published": "2020-04-01 00:00:00+00:00", "persistent": false, "user": null, "language": "en-US"}, {"source": "https://www.youtube.com/feeds/videos.xml?channel_id=UCqg5FCR7NrpvlBWMXdt-5Vg", "title": "Yahtzee and Jack Play Doom Eternal | Post-ZP Stream", "description": "We play some lame game about Samus Aran roid raging or something.\n\nWant in on the chat? Come join us on Twitch: https://www.twitch.tv/escapistmagazine", "link": "https://www.youtube.com/watch?v=36T8rBA1K6Y", "date_published": "2020-04-01 00:00:00+00:00", "persistent": false, "user": null, "language": "en-US"}, {"source": "https://www.youtube.com/feeds/videos.xml?channel_id=UCqg5FCR7NrpvlBWMXdt-5Vg", "title": "Over The Alps | Review in 3 Minutes", "description": "Subscribe to Escapist Magazine! \u25ba\u25ba http://bit.ly/Sub2Escapist\r\n\nAmy Campbell reviews Over The Alps, developed by Stave Studios.\n\nOver The Alps on Steam: https://store.steampowered.com/app/1227400/Over_the_Alps/\n\r\nWant to see the next episode a week early? Check out http://www.escapistmagazine.com for the latest episodes of your favorite shows.\r\n\r\n---\r\n\r\n\r\n\r\n---\r\n\r\n\r\nZero Punctuation Merch Store \u25ba\u25ba https://sharkrobot.com/collections/zero-punctuation \r\n\r\nJoin us on Twitch \u25ba\u25ba https://www.twitch.tv/escapistmagazine \r\n\r\nLike us on Facebook \u25ba\u25ba http://www.facebook.com/EscapistMag\r\n\r\nFollow us on Twitter \u25ba\u25ba https://twitter.com/EscapistMag", "link": "https://www.youtube.com/watch?v=YLEFAZJdbsI", "date_published": "2020-03-31 00:00:00+00:00", "persistent": false, "user": null, "language": "en-US"}, {"source": "https://www.youtube.com/feeds/videos.xml?channel_id=UCqg5FCR7NrpvlBWMXdt-5Vg", "title": "Pacing and Punchlines | Yahtzee's Dev Diary", "description": "Subscribe to Escapist Magazine! \u25ba\u25ba http://bit.ly/Sub2Escapist\r\n\nYahtzee continues work on Bunker Buster in this episode of Dev Diary. \n\r\nWant to see the next episode a week early? Check out http://www.escapistmagazine.com for the latest episodes of your favorite shows.\r\n\r\n---\r\n\r\n\r\n\r\n---\r\n\r\n\r\nZero Punctuation Merch Store \u25ba\u25ba https://sharkrobot.com/collections/zero-punctuation \r\n\r\nJoin us on Twitch \u25ba\u25ba https://www.twitch.tv/escapistmagazine \r\n\r\nLike us on Facebook \u25ba\u25ba http://www.facebook.com/EscapistMag\r\n\r\nFollow us on Twitter \u25ba\u25ba https://twitter.com/EscapistMag", "link": "https://www.youtube.com/watch?v=K48PChHcPss", "date_published": "2020-03-31 00:00:00+00:00", "persistent": false, "user": null, "language": "en-US"}]