[{"source": "https://www.youtube.com/feeds/videos.xml?channel_id=UCNvzD7Z-g64bPXxGzaQaa4g", "title": "COD: Black Ops Cold War - Top 10 Secrets & Easter Eggs", "description": "Call of Duty Black Ops: Cold War is filled with tons of awesome secrets, Easter Eggs, and references. Here are some of the best.\nSubscribe for more: https://www.youtube.com/gameranxTV?sub_confirmation=1\n\nSources:\nhttps://www.reddit.com/r/blackopscoldwar/comments/jgxpc2/took_a_closer_look_at_the_backgrounds_of_the_main/\n\nhttps://www.youtube.com/watch?v=0qvPiUTbevo", "link": "https://www.youtube.com/watch?v=5tYP_cwoyeg", "date_published": "2020-11-16 00:00:00+00:00", "persistent": false, "user": null, "language": "en-US"}]