[{"source": "https://www.youtube.com/feeds/videos.xml?channel_id=UCnxGkOGNMqQEUMvroOWps6Q", "title": "Professor Gary Laderman's Issues with Tenure System", "description": "#1565 w/Gary Laderman:\nhttps://open.spotify.com/episode/0qMDZGFzU4RsEdjICSUiWg?si=uV4iB2YYSH2rT2wNeseJjw", "link": "https://www.youtube.com/watch?v=6l2-pCXqjo4", "date_published": "2020-11-17 00:00:00+00:00", "persistent": false, "user": null, "language": "en-US"}, {"source": "https://www.youtube.com/feeds/videos.xml?channel_id=UCnxGkOGNMqQEUMvroOWps6Q", "title": "The Problem with Celebrity Pastors", "description": "#1565 w/Gary Laderman:\nhttps://open.spotify.com/episode/0qMDZGFzU4RsEdjICSUiWg?si=uV4iB2YYSH2rT2wNeseJjw", "link": "https://www.youtube.com/watch?v=xnsZueuiZH0", "date_published": "2020-11-17 00:00:00+00:00", "persistent": false, "user": null, "language": "en-US"}, {"source": "https://www.youtube.com/feeds/videos.xml?channel_id=UCnxGkOGNMqQEUMvroOWps6Q", "title": "The Religious Qualities of Celebrity Worship, Pop Culture", "description": "#1565 w/Gary Laderman:\nhttps://open.spotify.com/episode/0qMDZGFzU4RsEdjICSUiWg?si=uV4iB2YYSH2rT2wNeseJjw", "link": "https://www.youtube.com/watch?v=d9LlFB4Tx-Y", "date_published": "2020-11-17 00:00:00+00:00", "persistent": false, "user": null, "language": "en-US"}, {"source": "https://www.youtube.com/feeds/videos.xml?channel_id=UCnxGkOGNMqQEUMvroOWps6Q", "title": "Santino & the Shrew Moment - JRE Toons", "description": "Another hilarious moment animated by PaulyToon from the Joe Rogan Experience #1293 with Andrew Santino (https://youtu.be/3Dp4RrpbWqo)", "link": "https://www.youtube.com/watch?v=6yzVtlUI02w", "date_published": "2020-11-16 00:00:00+00:00", "persistent": false, "user": null, "language": "en-US"}]