[{"source": "https://www.youtube.com/feeds/videos.xml?channel_id=UC-2YHgc363EdcusLIBbgxzg", "title": "Why You Will Never Have Zoom Calls With Mars | Answers With Joe", "description": "Mars is far away. So far, it takes light anywhere from 3 to 22 minutes to travel there. This means the way we communicate is going to be very, very different - and will have long-term effects we can't really know right now.\n\n\nWant to support the channel? Here's how:\n\nPatreon: http://www.patreon.com/answerswithjoe\nChannel Memberships: https://www.youtube.com/channel/UC-2YHgc363EdcusLIBbgxzg/join\nT-Shirts & Merch: http://www.answerswithjoe.com/store\n\nJoin me on the Our Ludicrous Future Podcast:\nhttps://www.youtube.com/channel/UCvUf_yOU_swE6PtOuv2yBqg\n\nInterested in getting a Tesla? Use my referral link and get discounts and perks:\nhttps://ts.la/joe74700\n\nFollow me at all my places!\nInstagram: https://instagram.com/answerswithjoe\nSnapchat: https://www.snapchat.com/add/answerswithjoe\nFacebook: http://www.facebook.com/answerswithjoe\nTwitter: https://www.twitter.com/answerswithjoe\n\nLINKS LINKS LINKS:\n\n https://www.forbes.com/sites/kionasmith/2019/02/06/astronaut-alan-shepards-out-of-this-world-round-of-golf-on-the-moon/#52b4afe72500 \n\nhttps://medium.com/@ikokki/moon-base-landing-on-mars-nasas-rejected-plans-from-the-1960s-and-1970s-fafc706cf1f9\n\nhttps://www.forbes.com/sites/quora/2016/09/26/is-there-a-fortune-to-be-made-on-mars/#57fbe41a6e28\n\nhttps://www.space.com/nasa-3d-printed-habitat-competition-winners.html\n\nhttps://www.pbs.org/benfranklin/l3_world_letters.html\n\nhttps://eyes.nasa.gov/dsn/dsn.html\n\nhttps://www.universetoday.com/148524/new-receiver-will-boost-interplanetary-communication/amp/\n\nhttps://www.forbes.com/sites/startswithabang/2020/01/02/no-we-still-cant-use-quantum-entanglement-to-communicate-faster-than-light/?sh=3a80a9c74d5d\n\nhttps://www.livescience.com/building-a-wormhole-with-cosmic-strings.html", "link": "https://www.youtube.com/watch?v=YWKWkuJwHj4", "date_published": "2020-11-16 00:00:00+00:00", "persistent": false, "user": null, "language": "en-US"}]