[{"source": "https://www.youtube.com/feeds/videos.xml?channel_id=UCAKcSON6PSG_JkTbXh2WdIg", "title": "CAAMP - three songs at The Current (2019)", "description": "One year ago today \u2014 on Nov. 16, 2019 \u2014 Ohio band Caamp visited our studio to play three songs off their album, \"By and By.\" Watch that three-song set above.\n\nSONGS PERFORMED\n0:00 \"Peach Fuzz\"\n2:10 \"Wolf Song\"\n5:39 \"Wunderbar\"\n\nPERSONNEL\nTaylor Meier \u2013 guitar, vocals\nEvan Westfall \u2013 banjo \nMatt Vinson \u2013 bass\nJoe Kavalec \u2013 keys\n\nCREDITS\nVideo & Photo: Nate Ryan\nAudio: Michael DeMark\nProduction: Derrick Stevens\n\nFIND MORE:\n2019 studio session: https://www.thecurrent.org/feature/2019/11/16/caamp-perform-in-the-current-studio\n\nSubscribe to our channel:\nhttp://www.youtube.com/user/893TheCurrent?sub_confirmation=1\nLike/Follow:\nhttps://www.facebook.com/TheCurrent/\nhttps://twitter.com/TheCurrent\nhttps://www.instagram.com/thecurrent/\n\n#caamp #caampband", "link": "https://www.youtube.com/watch?v=x-q2f0rkbrg", "date_published": "2020-11-17 00:00:00+00:00", "persistent": false, "user": null, "language": "en-US"}]