[{"source": "https://www.youtube.com/feeds/videos.xml?channel_id=UC1gVCrX5uEFc0s_8TIYGqmw", "title": "Diving in 1896 - [ 60 FPS - Color - 4K ] - Old footage restoration with AI and Machine Learning", "description": "Just take a look at this brave man emerging from water in metal diving gear. On the left we can see his oxygen supply station. They better keep up pumping!\n\nOriginal video was processed with Deep Learning algorithms to achieve modern look and quality. Here is the process:\n\n1. Footage stabilization and noise/dust/scratches removal with After Effects and Neat Video \u2714\ufe0f\n\ud83d\udd17 https://www.neatvideo.com/?linkID=p7845\n2. Restoration with DeepRemaster, removing scratches and film damage \u2714\ufe0f\n\ud83d\udd17 https://github.com/satoshiiizuka/siggraphasia2019_remastering\n3. Frame interpolation to get smooth look using DAIN method. Result is 60 FPS video \u2714\ufe0f\n\ud83d\udd17 https://github.com/baowenbo/DAIN\n4. Colorization using DeOldify with NoGAN. Colors are not accurate, only for ambient mood \u2714\ufe0f\n\ud83d\udd17 https://github.com/jantic/DeOldify\n5. Upscaling using Topaz Video Enhance AI, upscale preserving detail and reducing noise \u2714\ufe0f\n\ud83d\udd17 https://topazlabs.com/video-enhance-ai/ref/755/\n\u2b50\u2b50\u2b50 15% DISCOUNT CODE: oldendays15\n6. Automation with Python scripts and AWS Thinkbox Deadline as queue manager \u2714\ufe0f\n\ud83d\udd17 https://www.awsthinkbox.com/deadline\n7. RTX 2070 Super 8GB, 32GB RAM, Ryzen 9 3900X 12-core. Approx 48hrs/10min video processing.\n\n\ud83c\udfb5 Intro Music:\nTimelapse by boomopera\nhttps://1.envato.market/om6ao\n\nSocial Media:\nhttps://www.facebook.com/oldendayschannel\nhttps://www.twitter.com/OldenDaysYT\nhttps://www.instagram.com/oldendayschannel\nhttps://www.pinterest.ca/OldenDaysYT/old-footage-restoration\nhttps://www.patreon.com/oldendays\n\n#deoldify #colorize #upscale #topazlabs #veai #dain #60fps #4k", "link": "https://www.youtube.com/watch?v=oYf6M_0jN5o", "date_published": "2020-11-13 00:00:00+00:00", "persistent": false, "user": null, "language": "en-US"}, {"source": "https://www.youtube.com/feeds/videos.xml?channel_id=UC1gVCrX5uEFc0s_8TIYGqmw", "title": "Police Parade in Chicago 1896 - [ 60 FPS - Color - 4K ] - Old footage restoration with AI", "description": "5000 policemen on Madison Avenue during parade.\nFun fact: all men on the movie have mustache!\n\nOriginal video was processed with Deep Learning algorithms to achieve modern look and quality. Here is the process:\n\n1. Footage stabilization and noise/dust/scratches removal with After Effects and Neat Video \u2714\ufe0f\n\ud83d\udd17 https://www.neatvideo.com/?linkID=p7845\n2. Restoration with DeepRemaster, removing scratches and film damage \u2714\ufe0f\n\ud83d\udd17 https://github.com/satoshiiizuka/siggraphasia2019_remastering\n3. Frame interpolation to get smooth look using DAIN method. Result is 60 FPS video \u2714\ufe0f\n\ud83d\udd17 https://github.com/baowenbo/DAIN\n4. Colorization using DeOldify with NoGAN. Colors are not accurate, only for ambient mood \u2714\ufe0f\n\ud83d\udd17 https://github.com/jantic/DeOldify\n5. Upscaling using Topaz Video Enhance AI, upscale preserving detail and reducing noise \u2714\ufe0f\n\ud83d\udd17 https://topazlabs.com/video-enhance-ai/ref/755/\n\u2b50\u2b50\u2b50 15% DISCOUNT CODE: oldendays15\n6. Automation with Python scripts and AWS Thinkbox Deadline as queue manager \u2714\ufe0f\n\ud83d\udd17 https://www.awsthinkbox.com/deadline\n7. RTX 2070 Super 8GB, 32GB RAM, Ryzen 9 3900X 12-core. Approx 48hrs/10min video processing.\n\n\ud83c\udfb5 Intro Music:\nTimelapse by boomopera\nhttps://1.envato.market/om6ao\n\nSocial Media:\nhttps://www.facebook.com/oldendayschannel\nhttps://www.twitter.com/OldenDaysYT\nhttps://www.instagram.com/oldendayschannel\nhttps://www.pinterest.ca/OldenDaysYT/old-footage-restoration\nhttps://www.patreon.com/oldendays\n\n#deoldify #colorize #upscale #topazlabs #veai #dain #60fps #4k", "link": "https://www.youtube.com/watch?v=2WaBBqoj_cs", "date_published": "2020-11-12 00:00:00+00:00", "persistent": false, "user": null, "language": "en-US"}]