[{"source": "https://www.youtube.com/feeds/videos.xml?channel_id=UCAKcSON6PSG_JkTbXh2WdIg", "title": "Chris Thile - three songs at the Fine Line in Minneapolis (2019)", "description": "One year ago today \u2014 Nov. 11, 2019 \u2014 we premiered this recording of mandolin virtuoso Chris Thile performing a live set at the Fine Line in Minneapolis. You'll be blown away by Thile's spellbinding solo performance, and you'll be equally charmed by the audience's reaction. Watching this video will bring back to mind everything you love about seeing live music. \n\nThese performances come from Chris Thile's MicroShow. We are grateful to New Belgium Brewing for its support of The Current's MicroShow series.\n\nSONGS PERFORMED\n0:00 \"Dionysus\"\n4:05 J.S. Bach, Violin Partita No. 2: Gigue\n7:47 \"Rabbit In The Log\"\n\nPERSONNEL\nChris Thile - mandolin and vocals\n\nCREDITS\nVideo & Photo: Nate Ryan\nAudio: Michael DeMark\nProduction: Derrick Stevens\n\nFIND MORE:\n2019 MicroShow performance: https://www.thecurrent.org/feature/2012/06/27/brandicarlile-live\n2013 Theft of the Dial: https://www.thecurrent.org/feature/2013/02/23/theft-of-the-dial-chris-thile\n\nSubscribe to our channel:\nhttp://www.youtube.com/user/893TheCurrent?sub_confirmation=1\nLike/Follow:\nhttps://www.facebook.com/TheCurrent/\nhttps://twitter.com/TheCurrent\nhttps://www.instagram.com/thecurrent/\n\n#christhile #mandolin", "link": "https://www.youtube.com/watch?v=2w3XsSJ-IqU", "date_published": "2020-11-12 00:00:00+00:00", "persistent": false, "user": null, "language": "en-US"}, {"source": "https://www.youtube.com/feeds/videos.xml?channel_id=UCAKcSON6PSG_JkTbXh2WdIg", "title": "Interview with Bernard Sumner of New Order", "description": "The Current's Jill Riley checks in with Bernard Sumner at his home in England. Sumner, who is recovering from COVID-19, talks about New Order's new single, \"Be A Rebel.\" He also reflects on New Order's origins in post-industrial Manchester, on his fondness for learning about new instruments, and on the merits of boredom.\n\nCredits\nGuest - Bernard Sumner\nHost - Jill Riley\nProducer - Anna Weggel\nTechnical Director - Eric Xu Romani\nVideo Editor - Luke Taylor\n\nSubscribe to our channel:\nhttp://www.youtube.com/user/893TheCurrent?sub_confirmation=1\nLike/Follow:\nhttps://www.facebook.com/TheCurrent/\nhttps://twitter.com/TheCurrent\nhttps://www.instagram.com/thecurrent/\n\n#bernardsumner #neworder #neworderband", "link": "https://www.youtube.com/watch?v=rkUMRw-dg2o", "date_published": "2020-11-12 00:00:00+00:00", "persistent": false, "user": null, "language": "en-US"}, {"source": "https://www.youtube.com/feeds/videos.xml?channel_id=UCAKcSON6PSG_JkTbXh2WdIg", "title": "Josh Ritter - Virtual Session", "description": "Jade talks to Josh Ritter about how bringing his family on the road touring helped prepare them for the pandemic, his latest EP 'See Here, I Have Built You A Mansion,' and his upcoming second book, 'The Great Goddamn of It All'.\n\nSongs Performed\n07:56 Miles Away\n18:44 Time Is Wasting\n32:27 Girl In The Way\n\nSubscribe to our channel:\nhttp://www.youtube.com/user/893TheCurrent\n\nLike/Follow:\nhttps://www.facebook.com/TheCurrent/\nhttps://twitter.com/TheCurrent\nhttps://www.instagram.com/thecurrent/", "link": "https://www.youtube.com/watch?v=2lGevT9r0yQ", "date_published": "2020-11-12 00:00:00+00:00", "persistent": false, "user": null, "language": "en-US"}]