[{"source": "https://www.youtube.com/feeds/videos.xml?channel_id=UCw--xPGVVxYzRsWyV1nFqgg", "title": "Upon A Burning Throne - REVIEW", "description": "My review of the indian inspired epic, Upon A Burning Throne. A TRULY epic fantasy well worth a lot of discussion. \nMerch: https://teespring.com/stores/fantasy-news-2\nPatreon: https://www.patreon.com/DanielBGreene\nDiscord Server: https://discord.gg/xUzhVv4\nTwitter: https://twitter.com/DanielBGreene?lang=en\nTwitch: https://www.twitch.tv/fantasynews\nInstagram: https://www.instagram.com/dgreene101/\nSubreddit: https://www.reddit.com/r/danielgreene\nPodcast: https://afictionalconversation.podbean.com/", "link": "https://www.youtube.com/watch?v=QVXgg7WTnBA", "date_published": "2020-11-13 00:00:00+00:00", "persistent": false, "user": null, "language": "en-US"}, {"source": "https://www.youtube.com/feeds/videos.xml?channel_id=UCw--xPGVVxYzRsWyV1nFqgg", "title": "Way Of Kings Leather Bound ( KICKSTARTER ) Review", "description": "My review of the Way Of Kings Kickstarter leather bound editions. This kickstarter broke records, lets see if this version of the way of kings lives up to the hype! \nMerch: https://teespring.com/stores/fantasy-news-2\nPatreon: https://www.patreon.com/DanielBGreene\nDiscord Server: https://discord.gg/xUzhVv4\nTwitter: https://twitter.com/DanielBGreene?lang=en\nTwitch: https://www.twitch.tv/fantasynews\nInstagram: https://www.instagram.com/dgreene101/\nSubreddit: https://www.reddit.com/r/danielgreene\nPodcast: https://afictionalconversation.podbean.com/", "link": "https://www.youtube.com/watch?v=V86AQS2D7JU", "date_published": "2020-11-12 00:00:00+00:00", "persistent": false, "user": null, "language": "en-US"}]