[{"source": "https://www.youtube.com/feeds/videos.xml?channel_id=UCSiPjfAJBgbFlIUsxOWpK0w", "title": "Sooo I have a favor to ask of you...", "description": "Gardenview out now, listen on Spotify (https://sptfy.com/gardenview) or wherever you listen to music.\n\n Pomplamoose was nominated for a Shorty Award! To vote: https://shortyawards.com/category/12th/youtube-musician The only way we can win this thing is if you vote everyday this week. Thank you so so much for helping us reach more people!\n\nFollow us on instagram: https://instagram.com/pomplamoosemusic\nBecome a patron of our music (to vote on the songs we cover and get merch and stuff like that): http://www.patreon.com/pomplamoose", "link": "https://www.youtube.com/watch?v=EWgrQ18MaGg", "date_published": "2020-02-13 00:00:00+00:00", "persistent": false, "user": null, "language": "en-US"}]