[{"source": "https://www.youtube.com/feeds/videos.xml?channel_id=UC-2YHgc363EdcusLIBbgxzg", "title": "10 Surprising Uses For Urine | Random Thursday", "description": "You flush it down the drain every day, but urine is surprisingly useful, and once upon a time, pretty valuable. So today we look at 10 ways urine has been used, and continues to be used today.\n\n\nSupport me on Patreon!\r\nhttp://www.patreon.com/answerswithjoe\r\n\r\nNot a fan of Patreon? Become a member!\r\nhttps://www.youtube.com/channel/UC-2YHgc363EdcusLIBbgxzg/join\r\n\r\nJoin me on the Our Ludicrous Future Podcast:\r\nhttps://www.youtube.com/channel/UCvUf_yOU_swE6PtOuv2yBqg\r\n\r\nGet cool nerdy t-shirts at\r\nhttp://www.answerswithjoe.com/shirts\r\n\r\nInterested in getting a Tesla? Use my referral link and get discounts and perks:\r\nhttps://ts.la/joe74700\r\n\r\nFollow me at all my places!\r\nInstagram: https://instagram.com/answerswithjoe\r\nSnapchat: https://www.snapchat.com/add/answerswithjoe\r\nFacebook: http://www.facebook.com/answerswithjoe\r\nTwitter: https://www.twitter.com/answerswithjoe", "link": "https://www.youtube.com/watch?v=wGDvJ1NuZMI", "date_published": "2020-02-13 00:00:00+00:00", "persistent": false, "user": null, "language": "en-US"}]