[{"source": "https://www.youtube.com/feeds/videos.xml?channel_id=UCNvzD7Z-g64bPXxGzaQaa4g", "title": "10 Best Games of 2000 We NEVER FORGOT", "description": "We're taking a trip down memory lane to talk about our favorite video games from the year 2000 - from FPS to RPS and everything in between.\nSubscribe for more: http://youtube.com/gameranxtv", "link": "https://www.youtube.com/watch?v=U-vvNdF911c", "date_published": "2020-02-13 00:00:00+00:00", "persistent": false, "user": null, "language": "en-US"}, {"source": "https://www.youtube.com/feeds/videos.xml?channel_id=UCNvzD7Z-g64bPXxGzaQaa4g", "title": "10 DIRTIEST Fighting Game Moves NOBODY Likes", "description": "Fighting games, like anything competitive, have some dirty moves. Here's a list of the ones we hear the most complaints about.\nSubscribe for more: http://youtube.com/gameranxtv", "link": "https://www.youtube.com/watch?v=_qXpDvaGPR4", "date_published": "2020-02-12 00:00:00+00:00", "persistent": false, "user": null, "language": "en-US"}, {"source": "https://www.youtube.com/feeds/videos.xml?channel_id=UCNvzD7Z-g64bPXxGzaQaa4g", "title": "Top 30 NEW PC Games of 2020", "description": "PC gaming has plenty to look forward to in 2020. Here are our most anticipated.\nSubscribe for more: http://youtube.com/gameranxtv\n\n#30 MICROSOFT FLIGHT SIMULATOR\nPLATFORM: PC\nRELEASE DATE: 2020\n\n#29 DESTROY ALL HUMANS! REMAKE\nPLATFORM: PC PS4 XBOX ONE\nRELEASE DATE: 2020\n\n#28 PHANTASY STAR ONLINE 2\nPLATFORM: PC XBOX ONE\nRELEASE DATE: 2020\n\n#27 WASTELAND 3\nPLATFORM: PC PS4 XBOX ONE\nRELEASE DATE: MAY 19, 2020\n\n#26 EMPIRE OF SIN\nPLATFORM: PC PS4 XBOX ONE\nRELEASE DATE: 2020\n\n#25 SENUA\u2019S SAGA: HELLBLADE 2\nPLATFORM: PC XBOX SERIES X\nRELEASE DATE: 2020\n\n#24 OVERWATCH 2\nPLATFORM: PC PS4 XBOX ONE SWITCH\nRELEASE DATE: 2020\n\n#23 LEGO STAR WARS: THE SKYWALKER SAGA\nPLATFORM: PC PS4 XBOX ONE SWITCH\nRELEASE DATE: 2020\n\n#22 TALES OF ARISE\nPLATFORM: PC PS4 XBOX ONE\nRELEASE DATE: 2020\n\n#21 GODS & MONSTERS\nPLATFORM: PC PS4 XBOX ONE PS5 XBOX SERIES X\nRELEASE DATE: 2020\n\n#20 OUTRIDERS\nPLATFORM: PC PS4 XBOX ONE PS5 XBOX SERIES X\nRELEASE DATE: 2020\n\n#19 TOTAL WAR SAGA: TROY\nPLATFORM: PC \nRELEASE DATE: 2020\n\n#18 DEATH STRANDING\nPLATFORM: PC PS4 \nRELEASE DATE: 2020\n\n#17 KERBAL SPACE PROGRAM 2\nPLATFORM: PC PS4 XBOX ONE \nRELEASE DATE: 2020\n\n#16 TORCHLIGHT 3\nPLATFORM: PC\nRELEASE DATE: 2020\n\n#15 CRUSADER KINGS 3\nPLATFORM: PC \nRELEASE DATE: 2020\n\n#14 GODFALL\nPLATFORM: PC PS5 \nRELEASE DATE: 2020\n\n#13 MARVEL'S AVENGERS\nPLATFORM: PC PS4 XBOX ONE\nRELEASE DATE: SEPTEMBER 4, 2020\n\n#12 DIABLO IV\nPLATFORM: PC PS4 XBOX ONE \nRELEASE DATE: 2020\n\n#11 RESIDENT EVIL 3 REMAKE\nPLATFORM: PC PS4 XBOX ONE \nRELEASE DATE: APRIL 3, 2020\n\n#10 HALO: INFINITE\nPLATFORM: PC XBOX ONE XBOX SERIES X\nRELEASE DATE: 2020\n\n#9 DYING LIGHT 2\nPLATFORM: PC PS4 XBOX ONE \nRELEASE DATE: 2020\n\n#8 ELDEN RING\nPLATFORM: PC PS4 XBOX ONE \nRELEASE DATE: 2020\n\n#7 VAMPIRE: THE MASQUERADE - BLOODLINES 2\nPLATFORM: PC PS4 XBOX ONE \nRELEASE DATE: 2020\n\n#6 WATCH DOGS LEGION\nPLATFORM: PC PS4 XBOX ONE PS5 XBOX SERIES X\nRELEASE DATE: 2020\n\n#5 RAINBOW SIX QUARANTINE\nPLATFORM: PC PS4 XBOX ONE PS5 XBOX SERIES X\nRELEASE DATE: 2020\n\n#4 DOOM ETERNAL\nPLATFORM: PC PS4 XBOX ONE \nRELEASE DATE: MARCH 20, 2020\n\n#3 MOUNT & BLADE 2: BANNERLORD\nPLATFORM: PC PS4 XBOX ONE\nRELEASE DATE: MAR 2020\n\n#2 CYBERPUNK 2077\nPLATFORM: PC PS4 XBOX ONE \nRELEASE DATE: SEPTEMBER 17, 2020\n\n#1 HALF-LIFE: ALYX\nPLATFORM: PC \nRELEASE DATE: MARCH, 2020", "link": "https://www.youtube.com/watch?v=nCKXPD6-wo0", "date_published": "2020-02-12 00:00:00+00:00", "persistent": false, "user": null, "language": "en-US"}]