[{"source": "https://www.youtube.com/feeds/videos.xml?channel_id=UCwSv086EAByBY-Z7y-QR_cQ", "title": "ABW u radnego z Jeleniej G\u00f3ry!", "description": "\ud83e\udd2a Mi\u0142o, \u017ce tutaj zajrza\u0142e\u015b.  Zapraszam do ogl\u0105dania.\n\n\u2b07\ufe0fRozwi\u0144 opis\u2b07\ufe0f\n-------------------------------------------------------------\n\ud83d\udc40 Mroczne Podcasty: https://goo.gl/cdCFKe\n\ud83d\udc40 Hello World_: http://bit.ly/31BEhnv\n\ud83d\udc40 Tatusiek: http://bit.ly/3aSCheE\n-------------------------------------------------------------\n\ud83d\udc40 twitter: http://bit.ly/2B6jTPd\n-------------------------------------------------------------\n\u2709\ufe0f Ludzie listy pisz\u0105 \n\ud83d\udd8a\ufe0f uszi@protonmail.com\n-------------------------------------------------------------\n\ud83d\udc7a niecenzuralne i agresywne komentarze zostan\u0105 usuni\u0119te.  Jak ju\u017c musisz zakl\u0105\u0107 dawaj znaki (&*%@%).\n-------------------------------------------------------------\n\ud83d\udcb2 wsparcie\n\ud83d\udcb0 http://bit.ly/2ETKSyN\n-------------------------------------------------------------\n\u2705\u017ar\u00f3d\u0142a:\nLink 1:                   http://bit.ly/2tQK5gq\nLink 2:                   http://bit.ly/2ONHgE1\nLink 3:                   http://bit.ly/2HiEItu\nLink 4:                   http://bit.ly/39poZVq\nLink 5:                   http://bit.ly/39udoo8\nLink 6:                   http://bit.ly/2ULPwsf\n-------------------------------------------------------------\n\ud83d\uddbcGrafika: \nfacebook.com / MariuszGierusJG\nhttp://bit.ly/39rmwtM\n-------------------------------------------------------------\n\ud83d\udca1 Tagi: #JeleniaG\u00f3ra #Ukraina\n-------------------------------------------------------------", "link": "https://www.youtube.com/watch?v=Xl0LEKgmFoQ", "date_published": "2020-02-13 00:00:00+00:00", "persistent": false, "user": null, "language": "en-US"}]