[{"source": "https://www.youtube.com/feeds/videos.xml?channel_id=UCXuqSBlHAE6Xw-yeJA0Tunw", "title": "This is a GAMING PC!?!?!", "description": "The first 100 people to go to https://blinkist.com/linustechtips are going to get unlimited access for 1 week to try it out. You\u2019ll also get 25% off if you want the full membership.\n\nUse code LINUS and get 25% off GlassWire at https://lmg.gg/glasswire\n \nYou are on a super tight budget and you  just got a 7 year old Dell Optiplex 9010. With a mix of new and used hardware upgrades, we are gonna show you how much game really is in that old computer. \n\nIntro by Mbarek Abdelwassaa -  https://www.instagram.com/mbarek_abdel/\n\n\nBuy NVIDIA GTX 1650 Low-Profile\nOn Amazon (PAID LINK): https://geni.us/AcfMvI\nOn Newegg (PAID LINK): https://geni.us/athULc\n\nBuy NVIDIA GTX 1650 SUPER\nOn Amazon (PAID LINK): https://geni.us/VnBm\nOn Newegg (PAID LINK): https://geni.us/GGzxkX\n\nBuy NVIDIA GTX 1660 TI\nOn Amazon (PAID LINK): https://geni.us/vHS6fX\nOn Newegg (PAID LINK): https://geni.us/hCD2\n\nBuy DDR3 RAM\nOn Amazon (PAID LINK): https://geni.us/dgZ23G\nOn Newegg (PAID LINK): https://geni.us/X7vMfB\n\nBuy SATA SSD\nOn Amazon (PAID LINK): https://geni.us/7TC7OIC\nOn Newegg (PAID LINK): https://geni.us/uHfYU\n\nBuy SATA to 6-pin Adapter \nOn Amazon (PAID LINK): https://geni.us/PFZmi\nOn Newegg (PAID LINK): https://geni.us/5XYn\n\nBuy SATA to 8-pin Adapter\nOn Amazon (PAID LINK): https://geni.us/jeZ3\nOn Newegg (PAID LINK): https://geni.us/hOOz \n\nPurchases made through some store links may provide some compensation to Linus Media Group.\n\nUsed Dell 9010 Ebay search: https://lmg.gg/9aXe1\nUsed GTX 960 Ebay search: https://lmg.gg/LKhCL\nDiscuss on the forum: https://lmg.gg/2NtRP\n\n\nGET MERCH: http://www.LTTStore.com/\nSUPPORT US ON FLOATPLANE: https://www.floatplane.com/  \nLTX EXPO: https://www.ltxexpo.com/   \n\nAFFILIATES & REFERRALS\n---------------------------------------------------\nAffiliates, Sponsors & Referrals: https://lmg.gg/sponsors\nGet Private Internet Access VPN at https://lmg.gg/pialinus2\nGet a Displate Metal Print at https://lmg.gg/displateltt\nSupport a Creator code LINUSMEDIAGROUP on Epic Games Store: https://lmg.gg/kRTpY\nGet a 30-day free trial of Amazon Prime at https://lmg.gg/8KV1v\nOur Test Benches on Amazon: https://lmg.gg/HOx0z\nOur Production Gear: https://lmg.gg/4oPzt\n \nFOLLOW US ELSEWHERE\n---------------------------------------------------  \nTwitter: https://twitter.com/linustech\nFacebook: http://www.facebook.com/LinusTech\nInstagram: https://www.instagram.com/linustech\nTwitch: https://www.twitch.tv/linustech\n\nFOLLOW OUR OTHER CHANNELS\n---------------------------------------------------  \nTechquickie: https://lmg.gg/techquickieyt\nTechLinked: https://lmg.gg/techlinkedyt\nShortCircuit: https://lmg.gg/shortcircuityt\n\nLMG Clips: https://lmg.gg/lmgclipsyt\nChannel Super Fun: https://lmg.gg/channelsuperfunyt\nCarpool Critics: https://lmg.gg/carpoolcriticsyt\n\nMUSIC CREDIT\n---------------------------------------------------  \nTitle: Laszlo - Supernova\nVideo Link: https://www.youtube.com/watch?v=PKfxmFU3lWY\niTunes Download Link: https://itunes.apple.com/us/album/supernova/id936805712\nArtist Link: https://soundcloud.com/laszlomusic\n\nOutro Screen Music Credit: Approaching Nirvana - Sugar High http://www.youtube.com/approachingnirvana\n\nMonitor And Keyboard by vadimmihalkevich / CC BY 4.0 https://lmg.gg/fxHYK \nMechanical RGB Keyboard by BigBrotherECE / CC BY 4.0 https://lmg.gg/Q9yyQ \nMouse Gamer free Model By Oscar Creativo / CC BY 4.0 https://lmg.gg/8upii", "link": "https://www.youtube.com/watch?v=56MgVgnRBSs", "date_published": "2020-05-03 00:00:00+00:00", "persistent": false, "user": null, "language": "en-US"}, {"source": "https://www.youtube.com/feeds/videos.xml?channel_id=UCXuqSBlHAE6Xw-yeJA0Tunw", "title": "WHY do I pay Adobe $10K a YEAR!?", "description": "Buy CORSAIR Dark Core RGB Pro\nOn CORSAIR: https://geni.us/BwIcB\nOn Amazon: https://geni.us/rAGj8\nOn Newegg: https://geni.us/gQTZB\n\nCheck out ORIGIN PC\u2019s new EVO16-S Ready-To-Ship Streamer Bundle today at https://bit.ly/3ahu3LX\n\nIntro by Mbarek Abdelwassaa -  https://www.instagram.com/mbarek_abdel/\n\nIt's ridiculous. Can we make our videos without touching a SINGLE Adobe Product?\n\nApps we used:\nKyno: https://lesspain.software/kyno/\nDavinci Resolve / Fusion / Fairlight: https://www.blackmagicdesign.com/products/davinciresolve/\nAffinity Photo: https://affinity.serif.com/en-gb/photo/\n\nBuy an Editing Workstation\nOn Amazon (PAID LINK): https://geni.us/5qwv7e\nOn B&H (PAID LINK): https://geni.us/195VL9\n\nBuy an AMD Threadripper CPU\nOn Amazon (PAID LINK): https://geni.us/AeAzI5\nOn B&H (PAID LINK): https://geni.us/tr9khe\n\nBuy an NVIDIA GPU\nOn Amazon (PAID LINK): https://geni.us/BgrzU\nOn B&H (PAID LINK): https://geni.us/WMe5\n\nPurchases made through some store links may provide some compensation to Linus Media Group.\n\nDiscuss on the forum: https://linustechtips.com/main/topic/1187903-why-do-i-pay-adobe-10k-a-year/\n\n\nGET MERCH: http://www.LTTStore.com/\nSUPPORT US ON FLOATPLANE: https://www.floatplane.com/  \nLTX EXPO: https://www.ltxexpo.com/   \n\nAFFILIATES & REFERRALS\n---------------------------------------------------\nAffiliates, Sponsors & Referrals: https://lmg.gg/sponsors\nGet Private Internet Access VPN at https://lmg.gg/pialinus2\nGet a Displate Metal Print at https://lmg.gg/displateltt\nSupport a Creator code LINUSMEDIAGROUP on Epic Games Store: https://lmg.gg/kRTpY\nGet a 30-day free trial of Amazon Prime at https://lmg.gg/8KV1v\nOur Test Benches on Amazon: https://lmg.gg/HOx0z\nOur Production Gear: https://lmg.gg/4oPzt\n \nFOLLOW US ELSEWHERE\n---------------------------------------------------  \nTwitter: https://twitter.com/linustech\nFacebook: http://www.facebook.com/LinusTech\nInstagram: https://www.instagram.com/linustech\nTwitch: https://www.twitch.tv/linustech\n\nFOLLOW OUR OTHER CHANNELS\n---------------------------------------------------  \nTechquickie: https://lmg.gg/techquickieyt\nTechLinked: https://lmg.gg/techlinkedyt\nShortCircuit: https://lmg.gg/shortcircuityt\n\nLMG Clips: https://lmg.gg/lmgclipsyt\nChannel Super Fun: https://lmg.gg/channelsuperfunyt\nCarpool Critics: https://lmg.gg/carpoolcriticsyt\n\nMUSIC CREDIT\n---------------------------------------------------  \nTitle: Laszlo - Supernova\nVideo Link: https://www.youtube.com/watch?v=PKfxmFU3lWY\niTunes Download Link: https://itunes.apple.com/us/album/supernova/id936805712\nArtist Link: https://soundcloud.com/laszlomusic\n\nOutro Screen Music Credit: Approaching Nirvana - Sugar High http://www.youtube.com/approachingnirvana\n\nMonitor And Keyboard by vadimmihalkevich / CC BY 4.0 https://lmg.gg/fxHYK \nMechanical RGB Keyboard by BigBrotherECE / CC BY 4.0 https://lmg.gg/Q9yyQ \nMouse Gamer free Model By Oscar Creativo / CC BY 4.0 https://lmg.gg/8upii", "link": "https://www.youtube.com/watch?v=L9VysWRHPdI", "date_published": "2020-05-02 00:00:00+00:00", "persistent": false, "user": null, "language": "en-US"}]