[{"source": "https://www.youtube.com/feeds/videos.xml?channel_id=UCw--xPGVVxYzRsWyV1nFqgg", "title": "Fantasy Themes - A Reader's Perspective!", "description": "A midnight rant/ramble on the writing of themes within the fantasy genre.\nMerch: https://teespring.com/stores/fantasy-news-2\nPatreon: https://www.patreon.com/DanielBGreene\nAmazon: https://www.amazon.com/shop/danielgreene\nDiscord Server: https://discord.gg/xUzhVv4\nTwitter: https://twitter.com/DanielBGreene?lang=en\nTwitch: https://www.twitch.tv/fantasynews\nInstagram: https://www.instagram.com/dgreene101/\nGoodReads: https://www.goodreads.com/user/show/82239739-daniel-greene\nSubreddit: https://www.reddit.com/r/danielgreene", "link": "https://www.youtube.com/watch?v=eRu5GqNrDQQ", "date_published": "2020-05-03 00:00:00+00:00", "persistent": false, "user": null, "language": "en-US"}, {"source": "https://www.youtube.com/feeds/videos.xml?channel_id=UCw--xPGVVxYzRsWyV1nFqgg", "title": "Fullmetal Alchemist: Brotherhood - REVIEW", "description": "My review of Fullmetal Alchemist: Brotherhood!\nMerch: https://teespring.com/stores/fantasy-news-2\nPatreon: https://www.patreon.com/DanielBGreene\nAmazon: https://www.amazon.com/shop/danielgreene\nDiscord Server: https://discord.gg/xUzhVv4\nTwitter: https://twitter.com/DanielBGreene?lang=en\nTwitch: https://www.twitch.tv/fantasynews\nInstagram: https://www.instagram.com/dgreene101/\nGoodReads: https://www.goodreads.com/user/show/82239739-daniel-greene\nSubreddit: https://www.reddit.com/r/danielgreene", "link": "https://www.youtube.com/watch?v=H1B1drKq1wI", "date_published": "2020-05-02 00:00:00+00:00", "persistent": false, "user": null, "language": "en-US"}]