[{"source": "https://www.youtube.com/feeds/videos.xml?channel_id=UCZYTClx2T1of7BRZ86-8fow", "title": "Hydroxychloroquine and COVID-19: What We Know Right Now | SciShow News", "description": "You might have heard that we found a cure for the COVID-19, and that it comes from a drug we've used for centuries. But let's take a breath and look at the facts.\n\nCOVID-19 News & Updates: https://www.youtube.com/playlist?list...\n\n#coronavirus #COVID19\n\nHosted by: Hank Green\n\nSciShow has a spinoff podcast! It's called SciShow Tangents. Check it out at http://www.scishowtangents.org\n----------\nSupport SciShow by becoming a patron on Patreon: https://www.patreon.com/scishow\n----------\nHuge thanks go to the following Patreon supporters for helping us keep SciShow free for everyone forever:\n\nKevin Bealer, Jacob, Katie Marie Magnone, D.A.Noe, Charles Southerland, Eric Jensen, Christopher R Boucher, Alex Hackman, Matt Curls, Adam Brainard, Scott Satovsky Jr, Sam Buck, Ron Kakar, Chris Peters, Kevin Carpentier, Patrick D. Ashmore, Piya Shedden, Sam Lutfi, charles george, Greg\n\n----------\nLooking for SciShow elsewhere on the internet?\nFacebook: http://www.facebook.com/scishow\nTwitter: http://www.twitter.com/scishow\nTumblr: http://scishow.tumblr.com\nInstagram: http://instagram.com/thescishow\n----------\nSources:\n\nhttps://link.springer.com/article/10.1007/s12016-010-8243-x#Sec5\nhttps://www.ncbi.nlm.nih.gov/pubmed/9719345\nhttps://onlinelibrary.wiley.com/doi/full/10.1111/j.1529-8019.2007.00131.x\nhttps://www.uptodate.com/contents/antimalarial-drugs-in-the-treatment-of-rheumatic-disease\nhttps://www.ncbi.nlm.nih.gov/books/NBK26871/\nhttps://www.ncbi.nlm.nih.gov/books/NBK215631/\nhttps://www.ncbi.nlm.nih.gov/pubmed/14021822\nhttps://www.ccjm.org/content/85/6/459.full\nhttps://www.ncbi.nlm.nih.gov/books/NBK9953/\nhttps://medlineplus.gov/ency/article/002224.htm\nhttps://www.ncbi.nlm.nih.gov/pubmed/25075736\nhttps://www.ncbi.nlm.nih.gov/pmc/articles/PMC3294426/\nhttps://www.nature.com/articles/s41421-020-0156-0\nhttps://aac.asm.org/content/53/8/3416\nhttps://www.nature.com/articles/s41422-020-0282-0\nhttps://www.ncbi.nlm.nih.gov/pubmed/32205204\nhttps://www.medrxiv.org/content/10.1101/2020.03.22.20040949v1\nhttps://www.ncbi.nlm.nih.gov/pubmed/29517495", "link": "https://www.youtube.com/watch?v=va6j4JITJoE", "date_published": "2020-04-10 00:00:00+00:00", "persistent": false, "user": null, "language": "en-US"}, {"source": "https://www.youtube.com/feeds/videos.xml?channel_id=UCZYTClx2T1of7BRZ86-8fow", "title": "The Lost City and the Origin of Life | Weird Places", "description": "Hydrothermal vents are some of the most extreme environments on the planet. But in 2000, scientists discovered a vent unlike any other, one that spews white smoke and is 10 times older. And some think it may help us understand how all life began.\n\nHosted by: Michael Aranda\n\nSciShow has a spinoff podcast! It's called SciShow Tangents. Check it out at http://www.scishowtangents.org\n----------\nSupport SciShow by becoming a patron on Patreon: https://www.patreon.com/scishow\n----------\nHuge thanks go to the following Patreon supporters for helping us keep SciShow free for everyone forever:\n\nKevin Bealer, Jacob, Katie Marie Magnone, D.A.Noe, Charles Southerland, Eric Jensen, Christopher R Boucher, Alex Hackman, Matt Curls, Adam Brainard, Scott Satovsky Jr, Sam Buck, Ron Kakar, Chris Peters, Kevin Carpentier, Patrick D. Ashmore, Piya Shedden, Sam Lutfi, charles george, Greg\n\n----------\nLooking for SciShow elsewhere on the internet?\nFacebook: http://www.facebook.com/scishow\nTwitter: http://www.twitter.com/scishow\nTumblr: http://scishow.tumblr.com\nInstagram: http://instagram.com/thescishow\n----------\nSources:\nhttps://www.nature.com/articles/35084000\nhttps://www.sciencedirect.com/science/article/pii/S0016703711000135?via%3Dihub\nhttps://php.radford.edu/~swoodwar/biomes/?page_id=1027\nhttps://oceanexplorer.noaa.gov/explorations/05lostcity/background/serp/serpentinization.html\nhttps://science.sciencemag.org/content/307/5714/1428\nhttps://agupubs.onlinelibrary.wiley.com/doi/abs/10.1029/98JE02142\nhttps://www.ncbi.nlm.nih.gov/pmc/articles/PMC4523005/\nhttps://www.nature.com/articles/s41467-018-02876-y\nhttps://link.springer.com/chapter/10.1007/978-1-4020-2087-2_1\nhttps://www.yaleclimateconnections.org/2008/06/covering-ocean-acidification-chemistry-and-considerations/\n\nImage Sources:\nhttps://commons.wikimedia.org/wiki/File:Sully_Vent.jpg\nhttps://commons.wikimedia.org/wiki/File:Tube_worms_ASHES_hydrothermal_field_(27260324626).jpg\nhttps://www.flickr.com/photos/noaaphotolib/5277442273/in/album-72157635360690997/\nhttps://www.flickr.com/photos/noaaphotolib/5277253081\nhttps://www.flickr.com/photos/noaaphotolib/5277865980/in/album-72157635360690997/\nhttps://www.flickr.com/photos/noaaphotolib/5277864520/in/photostream/\nhttps://commons.wikimedia.org/wiki/File:P%C3%A9ridot_(%3D_olivine)_(Pakistan)_2.jpg\nhttps://www.videoblocks.com/video/abstract-underwater-slow-motion-nodmw0ukgik4kpbpt\nhttps://www.flickr.com/photos/noaaphotolib/5277250483/in/photostream/\nhttps://en.wikipedia.org/wiki/Hydrothermal_vent#/media/File:BlackSmoker.jpg\nhttps://www.flickr.com/photos/noaaphotolib/5277861894/in/photostream/\n\nhttps://www.flickr.com/photos/noaaphotolib/5015491672/in/album-72157635360690997/\nhttps://en.wikipedia.org/wiki/Lost_City_Hydrothermal_Field#/media/File:Expl2282_-_Flickr_-_NOAA_Photo_Library.jpg\nhttps://commons.wikimedia.org/wiki/File:Titan_and_rings_PIA14909.jpg\nhttps://commons.wikimedia.org/wiki/File:Europa_-_July_9_1979_(18267960842).jpg\nhttps://commons.wikimedia.org/wiki/File:PIA17202_-_Approaching_Enceladus.jpg\nhttps://www.flickr.com/photos/noaaphotolib/5277862844/in/album-72157625086509029/", "link": "https://www.youtube.com/watch?v=BFExaMByzYw", "date_published": "2020-04-09 00:00:00+00:00", "persistent": false, "user": null, "language": "en-US"}]