[{"source": "https://www.youtube.com/feeds/videos.xml?channel_id=UCSiPjfAJBgbFlIUsxOWpK0w", "title": "Just the Two of Us | Bill Withers | Pomplamoose", "description": "Gardenview out now, listen on Spotify (https://sptfy.com/gardenview) or wherever you listen to music.\n\n Save this song on Spotify: https://spoti.fi/2r3Yqkh\nFollow us on instagram: https://instagram.com/pomplamoosemusic\nBecome a patron of our music (to vote on the songs we cover and get merch and stuff like that): http://www.patreon.com/pomplamoose\n\nA cover of Just the Two of Us by Pomplamoose.\n\nCREDITS\n\nLead Vocals / Acoustic Bass: Nataly Dawn\nPiano: Jack Conte\nMixing/Mastering: Caleb Parker\nVideo Editor: Dominic Mercurio\n\nRecorded at our home studio in San Francisco.", "link": "https://www.youtube.com/watch?v=pU2CGfIuxUU", "date_published": "2020-04-09 00:00:00+00:00", "persistent": false, "user": null, "language": "en-US"}]