[{"source": "https://www.youtube.com/feeds/videos.xml?channel_id=UCh9IfI45mmk59eDvSWtuuhQ", "title": "The First Guy To Ever Be King", "description": "Get the best discount of the year on Raycons! Now through the end of November, go to https://buyraycon.com/ryangeorge to get 20% off your order!\n\nHi there hello please click the subscribe button and turn on notifications so I can feed my cats.\nTwitter/Instagram: @TheRyanGeorge", "link": "https://www.youtube.com/watch?v=WLeoqCS3mvY", "date_published": "2020-11-27 00:00:00+00:00", "persistent": false, "user": null, "language": "en-US"}]