[{"source": "https://www.youtube.com/feeds/videos.xml?channel_id=UCwUizOU8pPWXdXNniXypQEQ", "title": "Breaking News! The Cure for Divisiveness Is Found", "description": "Grab your Supernatural Starter Set Here! -  https://supernatural.com/jp\n\nTake a stand against censorship. Join my Awakened Warriors Email List - https://awakenwithjp.com/joinme\n\nBreaking news! The Cure For Divisiveness is Found. Researchers discovery of a miracle cure now gives us hope to end the pandemic of divisiveness. Will the cure be mandatory? Tune in to find out!\n\n*For Comedy Show schedule and tickets: https://awakenwithjp.com/events/\n-My NEW Awakened Shirts are available! Claim yours here: https://awakenwithjp.com/shop\n\nListen and Subscribe to my NEW Podcast here: \nhttps://apple.co/3fFTbPC\nIt's also available everywhere else you get podcasts. Just search and subscribe to \"Awaken With JP Sears Show\"\n\nConnect with me at: \nhttp://www.facebook.com/AwakenWithJP\nhttp://www.Instagram.com/AwakenWithJP\nhttp://www.twitter.com/AwakenWithJP\nhttp://www.AwakenWithJP.com", "link": "https://www.youtube.com/watch?v=PiM1BDJVsPk", "date_published": "2020-11-27 00:00:00+00:00", "persistent": false, "user": null, "language": "en-US"}]