[{"source": "https://www.youtube.com/feeds/videos.xml?channel_id=UCSiPjfAJBgbFlIUsxOWpK0w", "title": "POMPLAMOOSE // Invisible People // animated music video", "description": "Gardenview out now, listen on Spotify (https://sptfy.com/gardenview) or wherever you listen to music.\n\n Watch the behind the scenes of this video: https://youtu.be/Ry-ZymxsvZc\nWatch the original version of this video: https://youtu.be/rO8Q6vLKzzo\n\nSave this song on Spotify: https://spoti.fi/2r3Yqkh\nFollow us on instagram: https://instagram.com/pomplamoosemusic\nBecome a patron of our music (to vote on the songs we cover and get merch and stuff like that): http://www.patreon.com/pomplamoose\n\nCREDITS\n\nLead Vocals: Nataly Dawn\nDrums: Ben Rose\nTrumpet: Gabe Steiner\nAlto Sax: Morgan Jones\nTrombone: Erik Hughes\nTenor Sax: Dan Reckard \nEverything else: Jack Conte\nEngineer: Chris Sorem\nMixing/Mastering: Jack Conte\nArt/Direction: Hannah Clair\nAnimation: David Kessler\n\nIllustrations by Hannah Clair:\nhttps://www.hannahclair.co.uk\nhttps://www.instagram.com/hannahclairillustration/\nhttps://thebrightagency.com/uk/illustration/artists/hannah-clair\n\nAnimation by David Kessler: \nhttps://www.davidskessler.work\nhttps://www.studioscopic.com\nhttps://www.youtube.com/c/davidskessler\nhttps://www.instagram.com/dskessler/\n\nLYRICS\n\nInvisible people\nYeah they\u2019re invisible\nThey are invisible people\nYeah they\u2019re invisible\n\nTalk to them when you\u2019re in the car\nIn the shower they like to argue argue argue argue argue with you\nKnow exactly what you would say\nThen they\u2019ll see what you\u2019re made of are you are you seeing me too\n\nDealing with invisible people\nDealing with the hole in our chest\nSome of them are good, some are evil\nAll of them are just in our heads\n \nInvisible people\nYeah they\u2019re invisible\nThey are invisible people\nYeah they\u2019re invisible\n  \nI\u2019ll convince you that I was right\nIn my pillow where are you hiding hiding hiding hiding I can hear\nAll your whispers and your white lies\nWalk straight through me you knew me why did why did why did you just disappear", "link": "https://www.youtube.com/watch?v=xIyFHwD9X3I", "date_published": "2020-11-27 00:00:00+00:00", "persistent": false, "user": null, "language": "en-US"}]