[{"source": "https://www.youtube.com/feeds/videos.xml?channel_id=UCNnKprAG-MWLsk-GsbsC2BA", "title": "The Furry Disease", "description": "FURRY APOCALYPSE SHIRT:\nhttps://crowdmade.com/flashgitz\n\nPatreon \u25ba\nhttps://www.patreon.com/flashgitz\n\nSpecial thanks to our Patron Producers, really going the extra mile to make this possible:\n\nAlbert Hutchins\nDavid Murphy\nAndrew Palmer\nAdam Knopow\nConnor Hill\nSam Husmann\n\nThank you gents, seriously.\n\nAdditional Animation \u25ba \nOllie Kremer\nArislaretis\nTaterman NG\n\nBackgrounds \u25ba\nJavier Navarro https://www.instagram.com/naav_draws/\n\nSound \u25ba\nJustin Greger\n\nMusic \u25ba\nTom Ryan\n\nVO \u25ba \n\nTemplar 1 - Tim Plewman\n\nTemplar 2 - Jacob Kilner\n\nDon - Furry\n\nInstagram \u25ba\nhttps://www.instagram.com/flashgitz/\n\nTwitter \u25ba\nhttps://www.twitter.com/flashgitzanims\nhttps://www.twitter.com/flashgitztom\nhttps://www.twitter.com/flashgitzdon\n\nDiscord \u25ba\nhttps://discord.gg/nJCcJj6", "link": "https://www.youtube.com/watch?v=afpn6skCDhA", "date_published": "2020-11-27 00:00:00+00:00", "persistent": false, "user": null, "language": "en-US"}]