[{"source": "http://rss.cnn.com/rss/edition.rss", "title": "Canada's 'Atlantic bubble' has been a sanctuary. But it may be bursting soon", "description": "At Canada's outer edge, the country's \"Atlantic bubble\" is just a six hour drive from Boston, but a world away from the Covid-19 reality. Here, 2.5 million people have been living with limited Covid-19 cases due to strict regional restrictions. Yet, the bubble itself is vulnerable as a new wave approaches. CNN's Paula Newton reports.", "link": "https://www.cnn.com/videos/world/2020/11/27/canada-atlantic-bubble-coronavirus-covid-19-newton-pkg-intl-hnk-vpx.cnn", "date_published": "2020-11-27 22:42:35+00:00", "persistent": false, "user": null, "language": "en-US"}, {"source": "http://rss.cnn.com/rss/edition.rss", "title": "ICU nurse's take on 'How It Started ...' meme goes viral", "description": "Kathryn, a 28-year-old ICU nurse whose take on the \"How It Started ... How It's Going\" meme went viral, talks to CNN's Brooke Baldwin about the toll the coronavirus pandemic has taken on health care workers.", "link": "https://www.cnn.com/videos/health/2020/11/26/icu-nurse-how-it-started-how-its-going-coronavirus-pandemic-nr-bts-vpx.cnn", "date_published": "2020-11-27 22:38:55+00:00", "persistent": false, "user": null, "language": "en-US"}, {"source": "http://rss.cnn.com/rss/edition.rss", "title": "'God kept me here for my boys': Dad reflects on Covid-19 fight", "description": "After Covid-19 infected everyone in their family, Charles and Kirstin Johnson-Nixon are now on a mission to spread awareness about the devastating effects of the disease. CNN's Adrienne Broaddus reports.", "link": "https://www.cnn.com/videos/health/2020/11/27/minnesota-johnson-nixon-family-covid-broaddus-dnt-vpx.cnn", "date_published": "2020-11-27 21:02:14+00:00", "persistent": false, "user": null, "language": "en-US"}, {"source": "http://rss.cnn.com/rss/edition.rss", "title": "Bruce Boynton, the man who inspired the Freedom Rides, dies at 83", "description": "Bruce Boynton, a civil rights icon who helped inspire the historic Freedom Rides of 1961, has died at 83.", "link": "https://www.cnn.com/2020/11/27/us/bruce-boynton-freedom-rides-obit/index.html", "date_published": "2020-11-27 20:18:38+00:00", "persistent": false, "user": null, "language": "en-US"}, {"source": "http://rss.cnn.com/rss/edition.rss", "title": "Supreme Court's scientifically illiterate decision will cost lives", "description": "", "link": "https://www.cnn.com/collections/intl-scotus-112620/", "date_published": "2020-11-27 20:00:18+00:00", "persistent": false, "user": null, "language": "en-US"}, {"source": "http://rss.cnn.com/rss/edition.rss", "title": "Lego rolls out Colosseum, a model of the Roman amphitheater with over 9,000 pieces", "description": "Lego has officially rolled out Colosseum -- the largest Lego brick set in history and a detailed reproduction of Rome's famous oval amphitheatre.", "link": "https://www.cnn.com/2020/11/27/business/lego-colosseum-trnd/index.html", "date_published": "2020-11-27 19:33:41+00:00", "persistent": false, "user": null, "language": "en-US"}, {"source": "http://rss.cnn.com/rss/edition.rss", "title": "UK to pilot blood test that may detect 50 types of cancer", "description": "The UK's National Health Service (NHS) is to pilot a simple blood test that may detect more than 50 types of cancer and, it is hoped, could help thousands of people by allowing the disease to be treated more successfully at an earlier stage.", "link": "https://www.cnn.com/2020/11/27/health/cancer-blood-test-pilot-gbr-intl/index.html", "date_published": "2020-11-27 19:26:03+00:00", "persistent": false, "user": null, "language": "en-US"}, {"source": "http://rss.cnn.com/rss/edition.rss", "title": "Neanderthals may have used their hands differently from humans", "description": "If you were to greet a Neanderthal with a handshake, it might feel a little awkward.", "link": "https://www.cnn.com/2020/11/27/world/neanderthal-human-hands-thumb-grip-scn/index.html", "date_published": "2020-11-27 18:55:21+00:00", "persistent": false, "user": null, "language": "en-US"}, {"source": "http://rss.cnn.com/rss/edition.rss", "title": "Manchester United rocked by cyber attack", "description": "Manchester United has launched investigations as the club continues to tackle a \"disruptive\" cyber attack.", "link": "https://www.cnn.com/2020/11/27/sport/manchester-united-cyber-attack-spt-intl/index.html", "date_published": "2020-11-27 18:43:12+00:00", "persistent": false, "user": null, "language": "en-US"}, {"source": "http://rss.cnn.com/rss/edition.rss", "title": "Trees are losing their leaves earlier because of climate change", "description": "Trees will start to shed their leaves earlier as the planet warms, a new study has suggested, contradicting previous assumptions that warming temperatures are delaying the onset of fall.", "link": "https://www.cnn.com/2020/11/27/europe/fall-leaves-intl-scli-climate-scn/index.html", "date_published": "2020-11-27 18:15:25+00:00", "persistent": false, "user": null, "language": "en-US"}, {"source": "http://rss.cnn.com/rss/edition.rss", "title": "Iran's foreign minister called the death 'cowardice -- with serious indications of Israeli role'", "description": "A top Iranian nuclear scientist, Mohsen Fakhrizadeh-Mahavadi, was killed outside the capital Tehran, Iran's state media IRIB and semi-official news agencies Tasnim said. CNN's Nick Paton Walsh has the latest.", "link": "https://www.cnn.com/videos/world/2020/11/27/iran-nuclear-scientist-killed-tehran-vpx.cnn", "date_published": "2020-11-27 17:27:47+00:00", "persistent": false, "user": null, "language": "en-US"}, {"source": "http://rss.cnn.com/rss/edition.rss", "title": "The 'cheetah' versus the 'wild dog.' Mike Tyson is back in the ring", "description": "When Mike Tyson was in his prime, he was described as \"the baddest man on the planet.\" A heavyweight boxing champion who thrashed his opponents into submission so quickly, many of them never even got to experience a seat on the corner stool -- they were in and out of the ring in less than three minutes.", "link": "https://www.cnn.com/2020/11/27/sport/mike-tyson-roy-jones-jr-fight-spt-int-cmd/index.html", "date_published": "2020-11-27 15:45:14+00:00", "persistent": false, "user": null, "language": "en-US"}, {"source": "http://rss.cnn.com/rss/edition.rss", "title": "Fury over brutal beating in Brazil amid pattern of 'daily' violence, activists say", "description": "Brazilians outraged by the death of a Black man after being beaten by supermarket security guards have been protesting in major cities across the country, chanting a phrase familiar to Americans: \"I can't breathe.\"", "link": "https://www.cnn.com/2020/11/27/americas/joo-alberto-silveira-freitas-brazil-intl/index.html", "date_published": "2020-11-27 14:56:09+00:00", "persistent": false, "user": null, "language": "en-US"}, {"source": "http://rss.cnn.com/rss/edition.rss", "title": "Matthew Perry is engaged to 'the greatest woman on the face of the planet'", "description": "Matthew Perry is engaged to his girlfriend, Molly Hurwitz, the \"Friends\" star revealed in comments published Thursday.", "link": "https://www.cnn.com/2020/11/27/entertainment/matthew-perry-engaged-intl-scli/index.html", "date_published": "2020-11-27 13:52:19+00:00", "persistent": false, "user": null, "language": "en-US"}, {"source": "http://rss.cnn.com/rss/edition.rss", "title": "Analysis: Trump finally signals a White House exit", "description": "President Donald Trump finally confirmed Thursday that he will vacate the White House in January after weeks of plunging America into a dark period of uncertainty\u2014where the fate of democracy sometimes seemed to be hanging by a thread\u2014but he largely ignored the mounting challenges his successor is facing as he exits.", "link": "https://www.cnn.com/2020/11/27/politics/trump-biden-coronavirus-economy/index.html", "date_published": "2020-11-27 13:26:30+00:00", "persistent": false, "user": null, "language": "en-US"}, {"source": "http://rss.cnn.com/rss/edition.rss", "title": "Daughter of former Ghana president warns of social media scam around his funeral", "description": "The eldest daughter of the late Jerry Rawlings, a former president of Ghana, has warned against scammers using fake social media accounts that claim to be raising funds for her father's funeral.", "link": "https://www.cnn.com/2020/11/27/africa/ghana-president-daughter-social-media-intl/index.html", "date_published": "2020-11-27 12:48:51+00:00", "persistent": false, "user": null, "language": "en-US"}, {"source": "http://rss.cnn.com/rss/edition.rss", "title": "Tributes pour in for Dallas Cowboys strength and conditioning coach Markus Paul", "description": "Tributes have been pouring in for the Dallas Cowboys' strength and conditioning coach Markus Paul, 54, who died Wednesday after experiencing a medical emergency unrelated to Covid-19 at the team's headquarters.", "link": "https://www.cnn.com/2020/11/27/sport/markus-paul-tributes-dallas-cowboys-nfl-spt-intl/index.html", "date_published": "2020-11-27 12:27:48+00:00", "persistent": false, "user": null, "language": "en-US"}, {"source": "http://rss.cnn.com/rss/edition.rss", "title": "The Supreme Court exposed a new tone in its justices when it rejected New York's pandemic limits on religious services", "description": "The Supreme Court's rejection of New York's pandemic limits on religious services exposed personal fissures among the nine justices and offered the starkest rendering yet of President Donald Trump's impact on the bench.", "link": "https://www.cnn.com/2020/11/27/politics/supreme-court-justices-personal-tone/index.html", "date_published": "2020-11-27 12:10:34+00:00", "persistent": false, "user": null, "language": "en-US"}, {"source": "http://rss.cnn.com/rss/edition.rss", "title": "Opinion: A Trump memoir? Thanks, but let's not", "description": "The arrival of Barack Obama's memoir (part of a $65 million book deal with Michelle Obama) and President Donald Trump's looming unemployment have stirred understandable speculation about a potential Trump memoir. These books have long been a way for former presidents to share their experiences, explain their thinking, and shape their legacies.", "link": "https://www.cnn.com/2020/11/27/opinions/obama-memoir-what-about-trump-memoir-hemmer/index.html", "date_published": "2020-11-27 12:06:22+00:00", "persistent": false, "user": null, "language": "en-US"}, {"source": "http://rss.cnn.com/rss/edition.rss", "title": "Diego Maradona buried as scores of fans mourn in the streets of Buenos Aires", "description": "Diego Maradona was buried on Thursday in a private ceremony on the outskirts of Buenos Aires.", "link": "https://www.cnn.com/2020/11/26/football/diego-maradona-death-spt-intl/index.html", "date_published": "2020-11-27 11:49:27+00:00", "persistent": false, "user": null, "language": "en-US"}, {"source": "http://rss.cnn.com/rss/edition.rss", "title": "Nearly 60,000 Americans could die of Covid-19 in the next three weeks", "description": "The Covid-19 pandemic is raging across the US -- already more devastating than previous surges and showing no signs of slowing down.", "link": "https://www.cnn.com/2020/11/27/health/us-coronavirus-friday/index.html", "date_published": "2020-11-27 11:27:46+00:00", "persistent": false, "user": null, "language": "en-US"}, {"source": "http://rss.cnn.com/rss/edition.rss", "title": "Trump 2024? It could happen", "description": "Will he, or won't he?", "link": "https://www.cnn.com/2020/11/27/opinions/trump-2024-presidential-run-dantonio/index.html", "date_published": "2020-11-27 11:14:55+00:00", "persistent": false, "user": null, "language": "en-US"}, {"source": "http://rss.cnn.com/rss/edition.rss", "title": "Wonder goal for Tottenham in the Europa League", "description": "They say good things come in threes -- and so it has proven to be with Europa League wonder goals.", "link": "https://www.cnn.com/2020/11/27/football/harry-winks-goal-tottenham-hotspur-ludogorets-europa-league-spt-intl/index.html", "date_published": "2020-11-27 11:07:18+00:00", "persistent": false, "user": null, "language": "en-US"}, {"source": "http://rss.cnn.com/rss/edition.rss", "title": "Diego Maradona did 'everything better and bigger, but fell more dangerously and darker'", "description": "Dawn had barely broken and already the queue of people waiting to pay their respects to Diego Maradona, who was lying in honor at the presidential palace in Buenos Aires, was estimated to be more than a mile long.", "link": "https://www.cnn.com/2020/11/26/football/diego-maradona-death-argentina-spt-intl/index.html", "date_published": "2020-11-27 11:01:06+00:00", "persistent": false, "user": null, "language": "en-US"}, {"source": "http://rss.cnn.com/rss/edition.rss", "title": "Knife-edge Swiss vote could make businesses liable for global rights abuses", "description": "Swiss voters are about to decide whether a business should be held liable for human rights and environmental abuses, even if the wrongdoing was committed in a foreign country by a subsidiary or a supplier it works closely with.", "link": "https://www.cnn.com/2020/11/27/business/switzerland-responsible-business-initiative-referendum/index.html", "date_published": "2020-11-27 10:29:00+00:00", "persistent": false, "user": null, "language": "en-US"}, {"source": "http://rss.cnn.com/rss/edition.rss", "title": "Roy Jones Jr. on his bout with Mike Tyson", "description": "Former multi-weight class world boxing champion Roy Jones Jr. sits down with Don Riddell to discuss his bout with former heavyweight world champion Mike Tyson.", "link": "https://www.cnn.com/videos/sports/2020/11/27/roy-jones-jr-mike-tyson-boxing-clash-2020-heavyweight-spt-intl.cnn", "date_published": "2020-11-27 10:24:52+00:00", "persistent": false, "user": null, "language": "en-US"}, {"source": "http://rss.cnn.com/rss/edition.rss", "title": "China slaps tariffs of up to 212% on Australian wine imports", "description": "Australian winemakers have been dealt another blow from China as tensions continue to spiral between the two countries.", "link": "https://www.cnn.com/2020/11/27/business/china-australia-wine-dumping-intl-hnk/index.html", "date_published": "2020-11-27 10:12:13+00:00", "persistent": false, "user": null, "language": "en-US"}, {"source": "http://rss.cnn.com/rss/edition.rss", "title": "You cooked for 20 and fed 6 people. What to do with all of those leftovers", "description": "After the last plate has been cleared from the table and everyone -- except the person stuck washing dishes -- has migrated to the couch, it's time to begin the next part of the Thanksgiving tradition.", "link": "https://www.cnn.com/2020/11/27/health/thanksgiving-leftovers-ideas-wellness/index.html", "date_published": "2020-11-27 10:02:48+00:00", "persistent": false, "user": null, "language": "en-US"}, {"source": "http://rss.cnn.com/rss/edition.rss", "title": "Trump says he'll leave office if Electoral College votes for Biden", "description": "President Donald Trump said Thursday he will leave office if the Electoral College votes for President-elect Joe Biden but made clear he's not prepared to concede.", "link": "https://www.cnn.com/2020/11/26/politics/trump-leave-office-electoral-college/index.html", "date_published": "2020-11-27 09:51:03+00:00", "persistent": false, "user": null, "language": "en-US"}, {"source": "http://rss.cnn.com/rss/edition.rss", "title": "Smaller long-haul planes are the future of flying -- but also its past", "description": "For nearly half of the entire history of commercial aviation, long-haul flights have conjured up images of large, wide-bodied aircraft, with two aisles, up to 10 seats in every row, spacious overhead bins and, more recently, shiny on-demand tablet-style entertainment systems.", "link": "https://www.cnn.com/travel/article/narrow-body-planes-long-haul-flights-future/index.html", "date_published": "2020-11-27 09:41:12+00:00", "persistent": false, "user": null, "language": "en-US"}, {"source": "http://rss.cnn.com/rss/edition.rss", "title": "Why this store makes you pay with its own currency", "description": "Food labels already indicate how good or bad a product is for you. But good or bad for the planet? That's often much less clear. Now a growing number of brands are labeling their products to show their climate impact.", "link": "https://www.cnn.com/2020/11/27/business/food-climate-label-carbon-footprint-spc-intl/index.html", "date_published": "2020-11-27 09:01:30+00:00", "persistent": false, "user": null, "language": "en-US"}, {"source": "http://rss.cnn.com/rss/edition.rss", "title": "This therapist fights online toxicity, one TikTok video at a time", "description": "The thought of joining TikTok last year made clinical psychologist Julie Smith apprehensive.", "link": "https://www.cnn.com/2020/11/27/health/tiktok-therapist-mental-health-intl-wellness/index.html", "date_published": "2020-11-27 08:53:34+00:00", "persistent": false, "user": null, "language": "en-US"}, {"source": "http://rss.cnn.com/rss/edition.rss", "title": "Thanksgiving controversy in China as university says it does not promote 'Western holidays with religious connotations'", "description": "A Chinese college student's threat to report a dormitory supervisor's offer of Thanksgiving candies has stirred a heated debate online over the government's tightening grip on campuses across the country.", "link": "https://www.cnn.com/2020/11/27/asia/china-university-thanksgiving-intl-hnk/index.html", "date_published": "2020-11-27 07:57:59+00:00", "persistent": false, "user": null, "language": "en-US"}, {"source": "http://rss.cnn.com/rss/edition.rss", "title": "Trump's election loss may have been a blow to populists around the world. But don't count them out just yet", "description": "For four years, Donald Trump has been the world's standard-bearer for right-wing populism. The movement didn't begin with Trump, but the US President championed it in a way no other leader could, using the weight of the most powerful office on Earth to give it legitimacy.", "link": "https://www.cnn.com/2020/11/27/world/trump-election-defeat-populism-global-intl/index.html", "date_published": "2020-11-27 07:50:29+00:00", "persistent": false, "user": null, "language": "en-US"}, {"source": "http://rss.cnn.com/rss/edition.rss", "title": "Hong Kong protester jailed for throwing eggs as city's judiciary comes under pressure", "description": "A 31-year-old man has been jailed for 21 months for throwing eggs at a police station, the latest tough sentence handed down by a Hong Kong court as the authorities move to clamp down on political dissent in the Chinese territory.", "link": "https://www.cnn.com/2020/11/26/asia/hong-kong-eggs-law-intl-hnk/index.html", "date_published": "2020-11-27 04:25:08+00:00", "persistent": false, "user": null, "language": "en-US"}, {"source": "http://rss.cnn.com/rss/edition.rss", "title": "French police officers suspended after a video emerges of them beating a Black man", "description": "Several French police officers were suspended Thursday after a video emerged of them beating a Black man in Paris.", "link": "https://www.cnn.com/2020/11/26/europe/france-police-violence-video-intl/index.html", "date_published": "2020-11-27 01:42:59+00:00", "persistent": false, "user": null, "language": "en-US"}, {"source": "http://rss.cnn.com/rss/edition.rss", "title": "1 dead after multiple random shootings in Nevada on Thanksgiving", "description": "Five people were shot, one fatally, and two suspects were arrested in Henderson, Nevada early Thanksgiving morning, police said.", "link": "https://www.cnn.com/2020/11/26/us/henderson-nevada-shooting-shot-dead-trnd/index.html", "date_published": "2020-11-27 01:24:31+00:00", "persistent": false, "user": null, "language": "en-US"}, {"source": "http://rss.cnn.com/rss/edition.rss", "title": "In posthumous message, Alex Trebek asks viewers to 'be thankful' and 'keep the faith'", "description": "Alex Trebek, the late host of the long-running game show \"Jeopardy!,\" had a Thanksgiving message for viewers, urging them to \"be thankful\" and \"keep the faith.\"", "link": "https://www.cnn.com/2020/11/26/us/alex-trebek-thanksgiving-message/index.html", "date_published": "2020-11-27 01:14:37+00:00", "persistent": false, "user": null, "language": "en-US"}, {"source": "http://rss.cnn.com/rss/edition.rss", "title": "Let's give thanks for pop culture in this pandemic year", "description": "Yes, 2020 has been a gigantic dumpster fire on so many levels, but a spirit of gratitude may help pull us through just yet.", "link": "https://www.cnn.com/2020/11/26/entertainment/baby-yoda-gratitude-pop-culture-plc/index.html", "date_published": "2020-11-27 00:46:16+00:00", "persistent": false, "user": null, "language": "en-US"}, {"source": "http://rss.cnn.com/rss/edition.rss", "title": "No quarantine necessary: What it's like to visit the Maldives right now", "description": "I'm sitting on a lounger at a Maldivian resort's overwater restaurant taking in views of the glimmering Arabian Sea, but I feel uneasy.", "link": "https://www.cnn.com/travel/article/holiday-maldives-covid/index.html", "date_published": "2020-11-27 00:25:36+00:00", "persistent": false, "user": null, "language": "en-US"}, {"source": "http://rss.cnn.com/rss/edition.rss", "title": "'I'm the President of the United States!': Trump flips out on reporter", "description": "President Trump condemned a reporter after being asked if he would concede the election if the Electoral College votes for Joe Biden.", "link": "https://www.cnn.com/videos/politics/2020/11/26/trump-thanksgiving-inauguration-biden-question-vpx.cnn", "date_published": "2020-11-27 00:15:17+00:00", "persistent": false, "user": null, "language": "en-US"}]