[{"source": "https://www.youtube.com/feeds/videos.xml?channel_id=UCittVh8imKanO_5KohzDbpg", "title": "MEET THE NEW BOSS", "description": "The military-industrial complex is back.\n\nNEW MERCH: https://teespring.com/stores/paul-joseph-watson-3\n\nINTRO MUSIC: Sagittarius V - Lucidator: http://sagittariusvmusic.bandcamp.com\n\nDONATE: https://www.subscribestar.com/paul-joseph-watson\nCASH APP: https://cash.app/\u00a3pjw123\nSUMMIT NEWS: http://summit.news/newsletter\n\nBITCOIN WALLET: 3EMQG9EhPkoFbX5F19RTGZs8rPqGYm2mp9\nBITCOIN CASH WALLET: qrxhqz9ka423v68qwc7nyqc88q3mx9ea5gcpz88a0l\nLITECOIN WALLET: MSs2rWgM571WM3zUnL255gccoQAdz9L6CG\nETHEREUM WALLET: 0x21221F5da5e70F46Bbfa755f89e312daDa51f115 \n\nStoryFire: https://storyfire.com/user/5d421kcrz9ros/video\nAnything Goes: https://www.youtube.com/channel/UC6x4zJADfr5Z4w-bf8lbrcg\nParler: https://parler.com/profile/PJW/posts\nBitchute: https://www.bitchute.com/pauljosephwatson\nRumble: https://rumble.com/c/PJW\nTelegram: https://t.me/pjwnews\nTwitter: https://twitter.com/PrisonPlanet\nMinds: https://www.minds.com/PaulJosephWatson\nGab: https://gab.com/PrisonPlanet", "link": "https://www.youtube.com/watch?v=o8-OtyUb9ok", "date_published": "2020-11-27 00:00:00+00:00", "persistent": false, "user": null, "language": "en-US"}]