[{"source": "https://www.youtube.com/feeds/videos.xml?channel_id=UCNnKprAG-MWLsk-GsbsC2BA", "title": "Paper Mario creates a Monster", "description": "Install Raid for Free \u2705 IOS: https://clcr.me/7zlWEv \u2705 ANDROID: https://clcr.me/X1qCw6 \u2705 PC: https://clcr.me/8nh0dn and get a special starter pack \ud83d\udca5Available only for the next 30 days\n\nFlashgitz presents \"Paper Mario creates a Monster\" a Paper Mario parody featuring Paper Mario.\n\nPatreon \u25ba\nhttps://www.patreon.com/flashgitz\n\nSpecial thanks to our Patron Producers, really going the extra mile to make this possible:\n\nAlbert Hutchins\nDavid Murphy\nAndrew Palmer\nAdam Knopow\nConnor Hill\nZack Buckland\nJonathon Geach\nSam Husmann\n\nThank you gents, seriously.\n\nVO \u25ba \nMario - Meatcanyon\nPeach - Hayley Nelson\nBroken Peach - Don\nLuigi, Koopa Troopas - Tom\n\nSound \u25ba\nJustin Greger\n\n8-Bit Music \u25ba\nTom Ryan \n\nAdditional Animation \u25ba \nMeatcanyon\n\nBackgrounds \u25ba \nCG Geek https://www.youtube.com/CGGeek\n\nAdditional Background Work \u25ba \nPotatomanNG \n\nThumbnail \u25ba\nJosh Floyd \n\nInstagram \u25ba\nhttps://www.instagram.com/flashgitz/\n\n\nTwitter \u25ba\nhttps://www.twitter.com/flashgitzanims\nhttps://www.twitter.com/flashgitztom\nhttps://www.twitter.com/flashgitzdon\n\n\nDiscord \u25ba\nhttps://discord.gg/b5ekXbK", "link": "https://www.youtube.com/watch?v=Tvl1If4sMbA", "date_published": "2020-08-24 00:00:00+00:00", "persistent": false, "user": null, "language": "en-US"}]