[{"source": "https://www.youtube.com/feeds/videos.xml?channel_id=UCnxGkOGNMqQEUMvroOWps6Q", "title": "Best of the Week - August 16, 2020 - Joe Rogan Experience", "description": "#1527 w/David Blaine:\nhttps://www.youtube.com/watch?v=NY3Zg37nIHo\n\n#1528 w/Nikki Glaser:\nhttps://www.youtube.com/watch?v=KUCkrZKslr4\n\n#1529 w/ Whitney Cummings & Annie Lederman\nhttps://www.youtube.com/watch?v=5UXpbbX9-Wo", "link": "https://www.youtube.com/watch?v=-rRVA7PmBqo", "date_published": "2020-08-23 00:00:00+00:00", "persistent": false, "user": null, "language": "en-US"}]