[{"source": "https://www.youtube.com/feeds/videos.xml?channel_id=UCswH8ovgUp5Bdg-0_JTYFNw", "title": "How I Handle Being Triggered! | Russell Brand", "description": "Being \"triggered\" is sometimes used to ridicule people, but coming from a place of recovery and addiction, here are my sincere tips on how to handle being triggered.\n\nSubscribe to my channel here: http://tinyurl.com/opragcg\n(make sure to hit the BELL icon to be notified of new videos!)\n\nListen to my Under The Skin podcast here: \nhttp://luminary.link/russell\n\nGet my book \"Recovery\" here: https://amzn.to/2R7c810\nGet my book \"Mentors\" here (and as an audiobook!): https://amzn.to/2t0Zu9U\n\nInstagram: http://instagram.com/russellbrand/\nTwitter: http://twitter.com/rustyrockets\n\nProduced by Jenny May Finn (Instagram: @jennymayfinn)", "link": "https://www.youtube.com/watch?v=zeKVmK66QTY", "date_published": "2020-08-24 00:00:00+00:00", "persistent": false, "user": null, "language": "en-US"}]