[{"source": "https://www.youtube.com/feeds/videos.xml?channel_id=UC3I2GFN_F8WudD_2jUZbojA", "title": "Andy Shauf - Full Performance (Live on KEXP)", "description": "http://KEXP.ORG presents Andy Shauf performing live in the KEXP studio. Recorded February 25, 2020.\n\nSongs:\nNeon Skyline\nThirteen Hours\nTry Again\nThings I Do\n\nHost: Cheryl Waters\nKEXP Audio Engineer: Kevin Suggs\nGuest Audio Engineer: Justin Nace\nCameras: Alaia D\u2019Alessandro, Scott Holpainen, Kendall Rock & Justin Wilmore\nEditor: Scott Holpainen\n\nhttp://kexp.org\nhttps://andyshauf.com", "link": "https://www.youtube.com/watch?v=qqNTVbargwc", "date_published": "2020-08-24 00:00:00+00:00", "persistent": false, "user": null, "language": "en-US"}, {"source": "https://www.youtube.com/feeds/videos.xml?channel_id=UC3I2GFN_F8WudD_2jUZbojA", "title": "Andy Shauf - Neon Skyline (Live on KEXP)", "description": "http://KEXP.ORG presents Andy Shauf performing \u201cNeon Skyline\u201d live in the KEXP studio. Recorded February 25, 2020.\n\nHost: Cheryl Waters\nKEXP Audio Engineer: Kevin Suggs\nGuest Audio Engineer: Justin Nace\nCameras: Alaia D\u2019Alessandro, Scott Holpainen, Kendall Rock & Justin Wilmore\nEditor: Scott Holpainen\n\nhttp://kexp.org\nhttps://andyshauf.com", "link": "https://www.youtube.com/watch?v=wNKTwckPG-A", "date_published": "2020-08-24 00:00:00+00:00", "persistent": false, "user": null, "language": "en-US"}, {"source": "https://www.youtube.com/feeds/videos.xml?channel_id=UC3I2GFN_F8WudD_2jUZbojA", "title": "Andy Shauf - Things I Do (Live on KEXP)", "description": "http://KEXP.ORG presents Andy Shauf performing \u201cThings I Do\u201d live in the KEXP studio. Recorded February 25, 2020.\n\nHost: Cheryl Waters\nKEXP Audio Engineer: Kevin Suggs\nGuest Audio Engineer: Justin Nace\nCameras: Alaia D\u2019Alessandro, Scott Holpainen, Kendall Rock & Justin Wilmore\nEditor: Scott Holpainen\n\nhttp://kexp.org\nhttps://andyshauf.com", "link": "https://www.youtube.com/watch?v=y-zKG8LLWR0", "date_published": "2020-08-24 00:00:00+00:00", "persistent": false, "user": null, "language": "en-US"}, {"source": "https://www.youtube.com/feeds/videos.xml?channel_id=UC3I2GFN_F8WudD_2jUZbojA", "title": "Andy Shauf - Thirteen Hours (Live on KEXP)", "description": "http://KEXP.ORG presents Andy Shauf performing \u201cThirteen Hours\u201d live in the KEXP studio. Recorded February 25, 2020.\n\nHost: Cheryl Waters\nKEXP Audio Engineer: Kevin Suggs\nGuest Audio Engineer: Justin Nace\nCameras: Alaia D\u2019Alessandro, Scott Holpainen, Kendall Rock & Justin Wilmore\nEditor: Scott Holpainen\n\nhttp://kexp.org\nhttps://andyshauf.com", "link": "https://www.youtube.com/watch?v=82JnY6ejA_o", "date_published": "2020-08-24 00:00:00+00:00", "persistent": false, "user": null, "language": "en-US"}, {"source": "https://www.youtube.com/feeds/videos.xml?channel_id=UC3I2GFN_F8WudD_2jUZbojA", "title": "Andy Shauf - Try Again (Live on KEXP)", "description": "http://KEXP.ORG presents Andy Shauf performing \u201cTry Again\u201d live in the KEXP studio. Recorded February 25, 2020.\n\nHost: Cheryl Waters\nKEXP Audio Engineer: Kevin Suggs\nGuest Audio Engineer: Justin Nace\nCameras: Alaia D\u2019Alessandro, Scott Holpainen, Kendall Rock & Justin Wilmore\nEditor: Scott Holpainen\n\nhttp://kexp.org\nhttps://andyshauf.com", "link": "https://www.youtube.com/watch?v=XTKjqimjhc8", "date_published": "2020-08-24 00:00:00+00:00", "persistent": false, "user": null, "language": "en-US"}, {"source": "https://www.youtube.com/feeds/videos.xml?channel_id=UC3I2GFN_F8WudD_2jUZbojA", "title": "Dave B (Live at Refill)", "description": "Refill (http://www.refill.live) is a community-driven, live-streamed benefit concert to help raise $25,000 for the Seattle Artist Relief Fund (SARF), a Black-led community response to help provide direct financial support to artists who have been affected by COVID-19.\n  \nWith the global pandemic extending further into the future, artists from Seattle recognized a need for renewed focus and funding to support Seattle artists through SARF. In partnership with SARF, LANGSTON, and KEXP, we present this session with Northwest artist Dave B. \n\nDonate through this video where 100% of your donations go directly to artists in need.\n \nhttp://davebmusic.com\nhttps://www.langstonseattle.org/sarf\nhttps://www.kexp.org\nhttp://www.refill.live", "link": "https://www.youtube.com/watch?v=ORvN7jxA-EM", "date_published": "2020-08-23 00:00:00+00:00", "persistent": false, "user": null, "language": "en-US"}]