[{"source": "https://www.youtube.com/feeds/videos.xml?channel_id=UCyl5V3-J_Bsy3x-EBCJwepg", "title": "Tomorrow On The Babylon Bee Podcast", "description": "\ud83c\udf99 Tomorrow Dr. David Fisher joins Kyle and Ethan on The Babylon Bee podcast.\n\nSubscribe today \u27a1\ufe0f http://bit.ly/TheBeeYouTube", "link": "https://www.youtube.com/watch?v=5zosa9Q69rQ", "date_published": "2020-08-24 00:00:00+00:00", "persistent": false, "user": null, "language": "en-US"}, {"source": "https://www.youtube.com/feeds/videos.xml?channel_id=UCyl5V3-J_Bsy3x-EBCJwepg", "title": "Twitter Suspends Multiple Conservative Comedy Accounts, Says \u2018Oops\u2019", "description": "Kyle and Ethan discuss Twitter \u201caccidentally\u201d suspending the Babylon Bee for the web\u2019s darkest 90 minutes.\n\nFULL \u25b6\ufe0f  https://youtu.be/36_IRU4Y4Mk", "link": "https://www.youtube.com/watch?v=1PTQIQ5z_zA", "date_published": "2020-08-23 00:00:00+00:00", "persistent": false, "user": null, "language": "en-US"}]