[{"source": "https://www.youtube.com/feeds/videos.xml?channel_id=UCnxGkOGNMqQEUMvroOWps6Q", "title": "The Connection Psychedelics Have to Early Christianity, Christmas", "description": "#1543 w/Brian Muraresku & Graham Hancock:\nhttps://open.spotify.com/episode/0FwCgmkG2Cfb36etijDIho?si=swJOxAN8RCOwdfs7sl3r6A", "link": "https://www.youtube.com/watch?v=XS5qjEXS6oM", "date_published": "2020-09-30 00:00:00+00:00", "persistent": false, "user": null, "language": "en-US"}, {"source": "https://www.youtube.com/feeds/videos.xml?channel_id=UCnxGkOGNMqQEUMvroOWps6Q", "title": "The Secrecy Behind the Origins of Psychedelics", "description": "#1543 w/Brian Muraresku & Graham Hancock:\nhttps://open.spotify.com/episode/0FwCgmkG2Cfb36etijDIho?si=swJOxAN8RCOwdfs7sl3r6A", "link": "https://www.youtube.com/watch?v=Bum8BAIjc6o", "date_published": "2020-09-30 00:00:00+00:00", "persistent": false, "user": null, "language": "en-US"}, {"source": "https://www.youtube.com/feeds/videos.xml?channel_id=UCnxGkOGNMqQEUMvroOWps6Q", "title": "Joe Rogan on Floyd Mayweather vs. Logan Paul", "description": "#1542 w/Cameron Hanes:\nhttps://open.spotify.com/episode/56lMMfyHKa39Ct83oCv9j6", "link": "https://www.youtube.com/watch?v=hef85Sni-GU", "date_published": "2020-09-29 00:00:00+00:00", "persistent": false, "user": null, "language": "en-US"}, {"source": "https://www.youtube.com/feeds/videos.xml?channel_id=UCnxGkOGNMqQEUMvroOWps6Q", "title": "Joe Rogan on Trump Saying He'd Debate Biden on the Show", "description": "#1542 w/Cameron Hanes:\nhttps://open.spotify.com/episode/56lMMfyHKa39Ct83oCv9j6", "link": "https://www.youtube.com/watch?v=wxcaxQKKs7g", "date_published": "2020-09-29 00:00:00+00:00", "persistent": false, "user": null, "language": "en-US"}]