[{"source": "https://www.youtube.com/feeds/videos.xml?channel_id=UCAKcSON6PSG_JkTbXh2WdIg", "title": "Listen to Looch: 'Rolling Stone: Life and Death of Brian Jones'", "description": "Mary Lucia talks about a documentary, streaming now, that's all about the late Brian Jones, one of the founding members of the Rolling Stones.\n\nSubscribe to our channel:\nhttp://www.youtube.com/user/893TheCurrent?sub_confirmation=1\nLike/Follow:\nhttps://www.facebook.com/TheCurrent/\nhttps://twitter.com/TheCurrent\nhttps://www.instagram.com/thecurrent/\n\n#rollingstones #brianjones #documentary", "link": "https://www.youtube.com/watch?v=ayDYsO3jGFk", "date_published": "2020-09-30 00:00:00+00:00", "persistent": false, "user": null, "language": "en-US"}, {"source": "https://www.youtube.com/feeds/videos.xml?channel_id=UCAKcSON6PSG_JkTbXh2WdIg", "title": "Songhoy Blues - Virtual Session", "description": "Connecting with us from Bamako, Songhoy Blues' Oumar Toure caught up with Jill Riley and performed a few songs from their upcoming record, Optimisme, out October 23.\n\nSongs Played:\n03:57 Worry\n07:16 Bamako\n27:15 Dournia\n\nSubscribe to our channel:\nhttp://www.youtube.com/user/893TheCurrent\n\nLike/Follow:\nhttps://www.facebook.com/TheCurrent/\nhttps://twitter.com/TheCurrent\nhttps://www.instagram.com/thecurrent/", "link": "https://www.youtube.com/watch?v=maglwYwhjnM", "date_published": "2020-09-30 00:00:00+00:00", "persistent": false, "user": null, "language": "en-US"}, {"source": "https://www.youtube.com/feeds/videos.xml?channel_id=UCAKcSON6PSG_JkTbXh2WdIg", "title": "Dehd - Virtual Session", "description": "Dehd are a three-piece band out of Chicago comprising bassist and frontwoman Emily Kempf, guitarist Jason Balla and drummer Eric McGrady. In July, the band released \"Flower of Devotion,\" their third full-length release that comes just a year after their preceding album, \"Water.\"\n\nDehd's Emily Kempf joined The Current's David Safar to talk about \"Flower of Devotion,\" what it's been like to be not touring in 2020, about about how she got into her other career (operating her tattoo business). She also introduces David and all of us to her new Keeshond. Emily's conversation with David is lively and lighthearted \u2014 a perfect warmup to the videos of Dehd performing three songs from the new album.\n\nSONGS PERFORMED:\n06:45 \"Haha\"\n08:56 \"Loner\"\n12:02 \"Nobody\"\nAll songs from Dehd's 2020 album, \"Flower of Devotion,\" available on Fire Talk Records.\n\nCREDITS:\nHost: David Safar\nProducer: Jesse Wiza\nEngineer: Peter Ecklund\n\nSubscribe to our channel:\nhttp://www.youtube.com/user/893TheCurrent?sub_confirmation=1\nLike/Follow:\nhttps://www.facebook.com/TheCurrent/\nhttps://twitter.com/TheCurrent\nhttps://www.instagram.com/thecurrent/\n\n#dehd #dehdband #dehdchicago", "link": "https://www.youtube.com/watch?v=1rL8kjgQycg", "date_published": "2020-09-29 00:00:00+00:00", "persistent": false, "user": null, "language": "en-US"}]