[{"source": "https://www.youtube.com/feeds/videos.xml?channel_id=UCHnyfMqiRRG1u-2MsSQLbXA", "title": "The Infinite Pattern That Never Repeats", "description": "Simple rules of geometry meant that 5-fold symmetry was impossible as were crystals without a periodic structure. This turns out to be wrong. Thanks to LastPass for sponsoring a portion of this video. Click here to start using LastPass: https://ve42.co/LPs\n\nHuge thanks to Prof. Paul Steinhardt for the interview on this topic. Check out his book \u2018The Second Kind of Impossible\u2019\n\nIf you'd like to learn more about Penrose tilings, go check out \"Penrose Tiles to Trapdoor Ciphers\" by Martin Gardener, which helped my research for this video.\n\nFilmed by Gene Nagata (Potato Jet on YouTube)\nAnimations by Ivy Tello and Jonny Hyman\nEditing, Coloring, Music & Audio mastering by Jonny Hyman\n\nPrague scenes filmed in 2012.\nSpecial thanks to Raquel Nuno for helping with the tilings!\n\nAdditional Music from Epidemic Sound", "link": "https://www.youtube.com/watch?v=48sCx-wBs34", "date_published": "2020-09-30 00:00:00+00:00", "persistent": false, "user": null, "language": "en-US"}]