[{"source": "https://www.youtube.com/feeds/videos.xml?channel_id=UCwUizOU8pPWXdXNniXypQEQ", "title": "Why Everybody Loves Leaf Blowers", "description": "For 20% off Sun Warrior go to https://sunwarrior.com/jp and use the coupon code \"JP\"\n\nEveryone LOVES leaf blowers. They're never frustrating and always the most peaceful sound in the world. The sound of leaf blowers is also never raging outside your window for less than three hours at a time. Enjoy this leaf blower video. \n\n*For Comedy Show schedule and tickets: https://awakenwithjp.com/events/\n-My NEW Awakened Shirts are available! Claim yours here: https://awakenwithjp.com/shop\n\nListen and Subscribe to my NEW Podcast here: \nhttps://apple.co/3fFTbPC\nIt's also available everywhere else you get podcasts. Just search and subscribe to \"Awaken With JP Sears Show\"\n\nConnect with me at: \nhttp://www.facebook.com/AwakenWithJP\nhttp://www.Instagram.com/AwakenWithJP\nhttp://www.twitter.com/AwakenWithJP\nhttp://www.AwakenWithJP.com", "link": "https://www.youtube.com/watch?v=0RGY6OW6-3I", "date_published": "2020-09-29 00:00:00+00:00", "persistent": false, "user": null, "language": "en-US"}]