[{"source": "https://www.youtube.com/feeds/videos.xml?channel_id=UCFQMnBA3CS502aghlcr0_aw", "title": "Confessions of a Copywriter", "description": "Jim Clair is a Whistleblowing Copywriter unmasking the \"gurus\" he worked with. He writes at jimclair.com, blogging about copywriting and books. He worked on VenusFactor, Yogaburn and many others and has a decade of experience in the industry and has seen it all. \n\nFind Jim: \nhttps://www.jimclair.com\n\nFollow Coffeezilla\nTwitter: @coffeebreak_YT\nInstagram : @coffeebreak_YT", "link": "https://www.youtube.com/watch?v=je8A3La_X6g", "date_published": "2020-09-30 00:00:00+00:00", "persistent": false, "user": null, "language": "en-US"}]