[{"source": "https://www.youtube.com/feeds/videos.xml?channel_id=UChvithwOECK5g_19TjldMKw", "title": "6 Things We CAN'T Get Used to in the USA", "description": "We've moved from China to the USA, and we've discovered some things we simply cannot get used to. From food, to driving. From people, to language. It's been an interesting adjustment.\n\nBitcoin - bc1qrvvga0c4kn69rlte47q0tzrhugn9pf426tqhvm\nETH -  0x456E5A9B875d4eF8DCb70eB1F7Fa376C520b206C\n\n\u25d8 Support me on Patreon for early release, and much more! http://www.patreon.com/laowhy86\n\u25d8 Or, if you prefer, Subscribestar - https://www.subscribestar.com/laowhy86\n\nCar channel - https://www.youtube.com/worthlesswhips\nADVChina - https://www.youtube.com/advchina\nSerpentZA - https://www.youtube.com/serpentza\nADVPodcasts - https://www.youtube.com/advpodcasts\n\n\u25d8 Donate and support this channel through Paypal http://paypal.me/cmilkrun\n\n\u25d8 OR Become a Sponsor on YouTube:\nhttps://www.youtube.com/channel/UChvithwOECK5g_19TjldMKw/sponsor\n\n\u25d8 My TV show: Conquering Northern China:\nhttps://vimeo.com/ondemand/conqueringnorthernchina\n\n\u25d8 Conquering Southern China\nhttps://vimeo.com/ondemand/conqueringsouthernchina\n\n\u25d8 Discount code for both shows: laowinning\n\n\u25d8 Join me every week for videos about China! Don't forget to subscribe!\nhttp://www.youtube.com/laowhy86\n\nBe a Laowinner!\nLike comment subscribe!\n\n\u25d8 Facebook:\nhttp://www.facebook.com/laowhy86\n\n\u25d8 Instagram: \nhttp://instagram.com/laowhy86\n\n\u25d8 Music used most of the time - New World Hip Hop\nhttps://soundcloud.com/apollodrivenz\nhttps://www.youtube.com/channel/UCgirAE5d8ufiotRXmBZZbBQ\n\n\u25d8 Thanks so much to Zack P in Jilin for the background footage - \nhttps://www.youtube.com/channel/UCSDTBKPI4OxylEYLimVz0Fw", "link": "https://www.youtube.com/watch?v=iB_rp2jr-8I", "date_published": "2020-09-30 00:00:00+00:00", "persistent": false, "user": null, "language": "en-US"}]