[{"source": "http://feeds.bbci.co.uk/news/rss.xml", "title": "Covid student chaos: Paying \u00a330k a year and begging security for food", "description": "One US student in self-isolation at an Edinburgh halls of residence says he is getting little help from the university.", "link": "https://www.bbc.co.uk/news/uk-scotland-edinburgh-east-fife-54342186", "date_published": "2020-09-29 23:28:19+00:00", "persistent": false, "user": null, "language": "en-US"}, {"source": "http://feeds.bbci.co.uk/news/rss.xml", "title": "Black History Month: Postboxes painted to honour black Britons", "description": "Sir Lenny Henry is among a variety of figures to feature on the postboxes in Black History Month.", "link": "https://www.bbc.co.uk/news/uk-54344961", "date_published": "2020-09-29 23:17:55+00:00", "persistent": false, "user": null, "language": "en-US"}, {"source": "http://feeds.bbci.co.uk/news/rss.xml", "title": "Coronavirus: 'We have next to no income. There is no help for us'", "description": "Dejection over latest government help for business has left many small firms fearing for their futures.", "link": "https://www.bbc.co.uk/news/business-54333640", "date_published": "2020-09-29 23:09:48+00:00", "persistent": false, "user": null, "language": "en-US"}, {"source": "http://feeds.bbci.co.uk/news/rss.xml", "title": "Russian cleaner sweeps to power in surprise village vote", "description": "'Flabbergasted' Marina Udgodskaya only entered the race as her boss needed someone else to stand.", "link": "https://www.bbc.co.uk/news/world-europe-54338785", "date_published": "2020-09-29 23:08:15+00:00", "persistent": false, "user": null, "language": "en-US"}, {"source": "http://feeds.bbci.co.uk/news/rss.xml", "title": "Covid arts: How virtual reality alleviated lockdown isolation", "description": "An arts project took home-alone pensioner \"into space, up mountains and on to a Caribbean beach\".", "link": "https://www.bbc.co.uk/news/uk-wales-54344769", "date_published": "2020-09-29 23:04:50+00:00", "persistent": false, "user": null, "language": "en-US"}, {"source": "http://feeds.bbci.co.uk/news/rss.xml", "title": "Great Barrier Reef: Uncovering the secrets of Australia's deep waters", "description": "Scientists explain how the biggest deep-sea study of two marine parks led to exciting discoveries.", "link": "https://www.bbc.co.uk/news/world-australia-54322760", "date_published": "2020-09-29 23:04:02+00:00", "persistent": false, "user": null, "language": "en-US"}, {"source": "http://feeds.bbci.co.uk/news/rss.xml", "title": "Female Koran reciters 'part of Islamic legacy'", "description": "How female Muslim Koran reciters are making their voices heard.", "link": "https://www.bbc.co.uk/news/world-54344579", "date_published": "2020-09-29 23:03:06+00:00", "persistent": false, "user": null, "language": "en-US"}, {"source": "http://feeds.bbci.co.uk/news/rss.xml", "title": "Hydrogen-powered train makes UK maiden journey", "description": "The Hydroflex made a 25-mile round-trip in Warwickshire, reaching speeds of up to 50 mph.", "link": "https://www.bbc.co.uk/news/business-54350046", "date_published": "2020-09-29 23:02:41+00:00", "persistent": false, "user": null, "language": "en-US"}, {"source": "http://feeds.bbci.co.uk/news/rss.xml", "title": "Victorian Society risk list: Auf Wiedersehen, Pet pub added", "description": "The Victorian Society releases its annual list of 10 important buildings most at risk of being lost.", "link": "https://www.bbc.co.uk/news/uk-england-54323674", "date_published": "2020-09-29 23:01:20+00:00", "persistent": false, "user": null, "language": "en-US"}, {"source": "http://feeds.bbci.co.uk/news/rss.xml", "title": "Rare bone-eating 'bearded vulture' spotted in Norfolk", "description": "The wild raptor - known as Vigo - is thought to be returning home after a summer in Derbyshire.", "link": "https://www.bbc.co.uk/news/uk-england-norfolk-54342198", "date_published": "2020-09-29 18:50:46+00:00", "persistent": false, "user": null, "language": "en-US"}, {"source": "http://feeds.bbci.co.uk/news/rss.xml", "title": "Freddie Flintoff's bulimia documentary: 'It gave me a sense of relief'", "description": "The reaction to Andrew Flintoff's powerful documentary about the eating disorder has been huge.", "link": "https://www.bbc.co.uk/news/newsbeat-54343453", "date_published": "2020-09-29 16:13:32+00:00", "persistent": false, "user": null, "language": "en-US"}, {"source": "http://feeds.bbci.co.uk/news/rss.xml", "title": "Hugo Boss claims Scouse slogan infringes copyright", "description": "Artist John Charles says \"boss\" is just Liverpool slang and not an attempt to copy the global brand.", "link": "https://www.bbc.co.uk/news/uk-england-merseyside-54298068", "date_published": "2020-09-29 15:22:20+00:00", "persistent": false, "user": null, "language": "en-US"}, {"source": "http://feeds.bbci.co.uk/news/rss.xml", "title": "The Meaning Of Mariah Carey: Six revelations from the singer's memoir", "description": "The star recalls her experiences with racism and domestic violence in a revealing and frank memoir.", "link": "https://www.bbc.co.uk/news/entertainment-arts-54340236", "date_published": "2020-09-29 15:19:14+00:00", "persistent": false, "user": null, "language": "en-US"}, {"source": "http://feeds.bbci.co.uk/news/rss.xml", "title": "Covid-19: Milestones of the global pandemic", "description": "We track some of the key moments in the spread of Covid-19 around the world.", "link": "https://www.bbc.co.uk/news/world-54337098", "date_published": "2020-09-29 14:53:29+00:00", "persistent": false, "user": null, "language": "en-US"}, {"source": "http://feeds.bbci.co.uk/news/rss.xml", "title": "Early end to term so students can go home for Christmas", "description": "Gavin Williamson says lessons could end early to give students time to self-isolate ahead of Christmas break.", "link": "https://www.bbc.co.uk/news/education-54340184", "date_published": "2020-09-29 12:56:57+00:00", "persistent": false, "user": null, "language": "en-US"}, {"source": "http://feeds.bbci.co.uk/news/rss.xml", "title": "Covid-19: North East households mixing ban 'confusing'", "description": "People face a maximum \u00a36,400 fine for mixing indoors, but council bosses say more detail is needed.", "link": "https://www.bbc.co.uk/news/uk-england-54336735", "date_published": "2020-09-29 12:43:52+00:00", "persistent": false, "user": null, "language": "en-US"}, {"source": "http://feeds.bbci.co.uk/news/rss.xml", "title": "Covid: I 'misspoke' over North East Covid rules, says PM", "description": "Boris Johnson apologises after failing to clarify the detail of new tighter coronavirus restrictions.", "link": "https://www.bbc.co.uk/news/uk-54342688", "date_published": "2020-09-29 12:40:43+00:00", "persistent": false, "user": null, "language": "en-US"}, {"source": "http://feeds.bbci.co.uk/news/rss.xml", "title": "Fraser & Porteous in Scotland squad for Euro 2020 play-off", "description": "Ryan Fraser and Ryan Porteous are named in a 26-man Scotland squad for the Euro 2020 play-off semi final against Israel at Hampden next week.", "link": "https://www.bbc.co.uk/sport/football/54341403", "date_published": "2020-09-29 12:33:23+00:00", "persistent": false, "user": null, "language": "en-US"}, {"source": "http://feeds.bbci.co.uk/news/rss.xml", "title": "Covid: PM promises 'radical' shake-up of adult education", "description": "Boris Johnson said funding changes are required to help people find jobs in the post-Covid economy.", "link": "https://www.bbc.co.uk/news/uk-politics-54330880", "date_published": "2020-09-29 12:32:34+00:00", "persistent": false, "user": null, "language": "en-US"}, {"source": "http://feeds.bbci.co.uk/news/rss.xml", "title": "Pubs and restaurants must shut in NI at 11pm", "description": "First Minister Arlene Foster says the rule will be enforced and there can be \"no exceptions\".", "link": "https://www.bbc.co.uk/news/uk-northern-ireland-54337905", "date_published": "2020-09-29 12:21:43+00:00", "persistent": false, "user": null, "language": "en-US"}, {"source": "http://feeds.bbci.co.uk/news/rss.xml", "title": "Tim Davie: BBC boss 'prepared to fire stars who break impartiality rules'", "description": "New director general Tim Davie also says he will \"take people off Twitter\" if necessary.", "link": "https://www.bbc.co.uk/news/entertainment-arts-54263754", "date_published": "2020-09-29 11:11:33+00:00", "persistent": false, "user": null, "language": "en-US"}, {"source": "http://feeds.bbci.co.uk/news/rss.xml", "title": "Greggs hints at job cuts as furlough scheme ends", "description": "The baker is consulting with its 25,000 staff to minimise cuts by putting people on fewer hours.", "link": "https://www.bbc.co.uk/news/business-54336746", "date_published": "2020-09-29 11:07:23+00:00", "persistent": false, "user": null, "language": "en-US"}, {"source": "http://feeds.bbci.co.uk/news/rss.xml", "title": "US man faces jail in Thailand over hotel review", "description": "The man left several negative reviews which the hotel says are untrue and damage its reputation.", "link": "https://www.bbc.co.uk/news/world-asia-54335789", "date_published": "2020-09-29 11:00:18+00:00", "persistent": false, "user": null, "language": "en-US"}, {"source": "http://feeds.bbci.co.uk/news/rss.xml", "title": "'Hamilton simply punished for breaking rules and a bad track gives a bad race' - Palmer column", "description": "Former F1 driver Jolyon Palmer looks at five lessons we can learn from the Russian GP.", "link": "https://www.bbc.co.uk/sport/formula1/54340678", "date_published": "2020-09-29 10:57:33+00:00", "persistent": false, "user": null, "language": "en-US"}, {"source": "http://feeds.bbci.co.uk/news/rss.xml", "title": "Jet suit paramedic 'could save lives'", "description": "A first test flight has been carried out in the Lake District.", "link": "https://www.bbc.co.uk/news/uk-england-54341378", "date_published": "2020-09-29 10:29:01+00:00", "persistent": false, "user": null, "language": "en-US"}, {"source": "http://feeds.bbci.co.uk/news/rss.xml", "title": "Aurora and rare moonbows light up the night", "description": "Conditions were good overnight for displays of the Northern Lights and striking lunar rainbows.", "link": "https://www.bbc.co.uk/news/uk-scotland-highlands-islands-54338080", "date_published": "2020-09-29 09:30:34+00:00", "persistent": false, "user": null, "language": "en-US"}, {"source": "http://feeds.bbci.co.uk/news/rss.xml", "title": "'I monitor my staff with software that takes screenshots'", "description": "Many have struggled to get to grips with working from home, but would surveillance technology help?", "link": "https://www.bbc.co.uk/news/business-54289152", "date_published": "2020-09-29 09:26:04+00:00", "persistent": false, "user": null, "language": "en-US"}, {"source": "http://feeds.bbci.co.uk/news/rss.xml", "title": "Nokia clinches 5G deal with BT to phase out Huawei's kit in EE network", "description": "The Finnish firm will become the largest provider of base stations and antennas to EE's network.", "link": "https://www.bbc.co.uk/news/technology-54337759", "date_published": "2020-09-29 09:18:54+00:00", "persistent": false, "user": null, "language": "en-US"}, {"source": "http://feeds.bbci.co.uk/news/rss.xml", "title": "Essex say celebrations did not reflect 'inclusive values' after Muslim player sprayed with alcohol", "description": "Essex say there needs to be more education on diversity after Muslim player, Feroze Khushi, was sprayed with alcohol during celebrations.", "link": "https://www.bbc.co.uk/sport/cricket/54337950", "date_published": "2020-09-29 08:52:24+00:00", "persistent": false, "user": null, "language": "en-US"}, {"source": "http://feeds.bbci.co.uk/news/rss.xml", "title": "Flu jab waits and delays amid high demand", "description": "Officials in England say there will be enough stock to protect the vulnerable, but some will have to wait.", "link": "https://www.bbc.co.uk/news/health-54337585", "date_published": "2020-09-29 08:47:33+00:00", "persistent": false, "user": null, "language": "en-US"}, {"source": "http://feeds.bbci.co.uk/news/rss.xml", "title": "Jet suit paramedic tested in the Lake District 'could save lives'", "description": "The kit means a paramedic can \"fly\" up a fell in 90 seconds rather than go 30 minutes by foot.", "link": "https://www.bbc.co.uk/news/uk-england-54331994", "date_published": "2020-09-29 07:53:28+00:00", "persistent": false, "user": null, "language": "en-US"}, {"source": "http://feeds.bbci.co.uk/news/rss.xml", "title": "Newspaper headlines: 'Tory rebels' virus revolt' amid 'deadly chaos'", "description": "Many of Tuesday's papers lead on pressure on ministers to give MPs a say over Covid-19 restrictions.", "link": "https://www.bbc.co.uk/news/blogs-the-papers-54334534", "date_published": "2020-09-29 06:17:32+00:00", "persistent": false, "user": null, "language": "en-US"}, {"source": "http://feeds.bbci.co.uk/news/rss.xml", "title": "US 2020 election: Social media's nightmare scenario", "description": "Potential election chaos will play out on social media, and Big Tech is worried.", "link": "https://www.bbc.co.uk/news/technology-54311383", "date_published": "2020-09-29 05:21:36+00:00", "persistent": false, "user": null, "language": "en-US"}, {"source": "http://feeds.bbci.co.uk/news/rss.xml", "title": "Layla Anna-Lee: Meet football and MMA presenter", "description": "Gundeep Anand chats with football and MMA presenter Layla Anna-Lee about hosting with Idris Elba and voicing the opening ceremony of the London Olympics.", "link": "https://www.bbc.co.uk/sport/av/54285970", "date_published": "2020-09-29 05:13:15+00:00", "persistent": false, "user": null, "language": "en-US"}]