[{"source": "https://www.youtube.com/feeds/videos.xml?channel_id=UCZYTClx2T1of7BRZ86-8fow", "title": "The Mysterious *Gigantic* Lions That Used to Roam North America", "description": "North America used to be home to a cat so large, it may have taken down some of the biggest prey of the last Ice Age.\n\nGo to http://Brilliant.org/SciShow to try their Math History course. The first 200 subscribers get 20% off an annual Premium subscription.\n\nHosted by: Hank Green\n\nSciShow has a spinoff podcast! It's called SciShow Tangents. Check it out at http://www.scishowtangents.org\n----------\nSupport SciShow by becoming a patron on Patreon: https://www.patreon.com/scishow\n----------\nHuge thanks go to the following Patreon supporters for helping us keep SciShow free for everyone forever:\n\nBd_Tmprd, Harrison Mills, Jeffrey Mckishen, James Knight, Christoph Schwanke, Jacob, Matt Curls, Sam Buck, Christopher R Boucher, Eric Jensen, Lehel Kovacs, Adam Brainard, Greg, Ash, Sam Lutfi, Piya Shedden, Scott Satovsky Jr, Charles Southerland, charles george, Alex Hackman, Chris Peters, Kevin Bealer\n----------\nLooking for SciShow elsewhere on the internet?\nFacebook: http://www.facebook.com/scishow\nTwitter: http://www.twitter.com/scishow\nTumblr: http://scishow.tumblr.com\nInstagram: http://instagram.com/thescishow\n----------\nSources:\nhttps://doi.org/10.1002/jmor.10384\nhttps://doi.org/10.1016/j.palaeo.2015.10.039\nhttps://pubmed.ncbi.nlm.nih.gov/23300674/\nhttps://doi.org/10.1073/pnas.1502554112\nhttps://doi.org/10.5194/fr-19-131-2016\nhttps://doi.org/10.5334/oq.24 \nhttps://doi.org/10.1016/j.crpv.2017.06.009\nhttps://doi.org/10.1111/j.1365-294X.2009.04134.x\nhttps://doi.org/10.1159/000454705\nhttps://doi.org/10.1038/s41467-020-16502-3\nhttps://doi.org/10.1126/science.aao5987 \nhttps://doi.org/10.1016/j.cub.2019.06.059\nhttps://doi.org/10.1111/ecog.03303 \nhttps://www.researchgate.net/publication/281544339 \n\nImage Sources:\nhttps://commons.wikimedia.org/wiki/File:Panthera_leo_atrox_Sergiodlarosa_1.jpg\nhttps://commons.wikimedia.org/wiki/File:Panthera_atrox.jpg \nhttps://commons.wikimedia.org/wiki/File:Panthera_Atrox.jpg\nhttps://commons.wikimedia.org/wiki/File:Museu_de_Zoologia_da_Universidade_de_S%C3%A3o_Paulo_(May_2018)_19.jpg \nhttps://commons.wikimedia.org/wiki/File:Tiger_in_the_snow_at_the_Detroit_Zoo_March_2008_pic_2.jpg \nhttps://www.istockphoto.com/photo/prehistoric-men-hunting-a-young-mammoth-gm838837372-136570911\nhttps://www.istockphoto.com/photo/portrait-of-beautiful-puma-puma-in-the-dark-american-cougar-gm1161045066-318008194\nhttps://www.istockphoto.com/photo/close-up-view-of-a-walking-jaguar-gm893389228-247134523 \nhttps://commons.wikimedia.org/wiki/File:Stamps_of_Ecuador,_2007-11.jpg\nhttps://commons.wikimedia.org/wiki/File:Arctodus_-_Isolated_on_White.jpg Achat1999 \nhttps://commons.wikimedia.org/wiki/File:Extinct_monsters_BHL23904492.jpg\nhttps://commons.wikimedia.org/wiki/File:Megatherum_DB.jpg\nhttps://www.storyblocks.com/video/stock/pride-of-lions-resting-on-the-savanna-cam3tpw\nhttps://www.istockphoto.com/photo/prowling-lion-gm168442504-17355138\nhttps://www.istockphoto.com/photo/family-of-lions-with-mother-and-cubs-in-the-grass-of-the-serengeti-gm1151414545-312047009\nhttps://www.istockphoto.com/photo/businessman-looking-shocked-gm625795792-110278733\nhttps://www.storyblocks.com/video/stock/tracking-shot-through-tall-grass-sng7aoaueiz3czusr\nhttps://www.istockphoto.com/sign-in?returnurl=/asset-detail/download-balance-check?url=/vector/world-map-flat-asia-in-center-gm908055162-250176837&is_video=false\nhttps://www.istockphoto.com/photo/portrait-of-a-cougar-mountain-lion-puma-panther-striking-a-pose-on-a-fallen-tree-gm962970452-263022315", "link": "https://www.youtube.com/watch?v=dIR_FqxUNKI", "date_published": "2020-09-24 00:00:00+00:00", "persistent": false, "user": null, "language": "en-US"}, {"source": "https://www.youtube.com/feeds/videos.xml?channel_id=UCZYTClx2T1of7BRZ86-8fow", "title": "The Wild, Wiggly, Weird World of Worms | Compilation", "description": "There are tens of thousands of types of worms on our planet, and these wiggly wonders are oh-so fascinating that we had to put together different stories about them to reveal just how 'wormdeful' they are.\n\nHosted by: Michael Aranda\n\nSciShow has a spinoff podcast! It's called SciShow Tangents. Check it out at http://www.scishowtangents.org\n----------\nSupport SciShow by becoming a patron on Patreon: https://www.patreon.com/scishow\n----------\nHuge thanks go to the following Patreon supporters for helping us keep SciShow free for everyone forever:\n\nBd_Tmprd, Harrison Mills, Jeffrey Mckishen, James Knight, Christoph Schwanke, Jacob, Matt Curls, Sam Buck, Christopher R Boucher, Eric Jensen, Lehel Kovacs, Adam Brainard, Greg, Ash, Sam Lutfi, Piya Shedden, Scott Satovsky Jr, Charles Southerland, charles george, Alex Hackman, Chris Peters, Kevin Bealer\n----------\nLooking for SciShow elsewhere on the internet?\nFacebook: http://www.facebook.com/scishow\nTwitter: http://www.twitter.com/scishow\nTumblr: http://scishow.tumblr.com\nInstagram: http://instagram.com/thescishow\n----------\nSources:\nLinks to Original Episodes and Sources:\n\nWhy Do Earthworms Come Out After It Rains?\n\nhttps://www.youtube.com/watch?v=V4zhogVAuqc\n\nThis Worm's Gut Has No Way In or Out \n\nhttps://www.youtube.com/watch?v=Iu6MO9px2lI\n\nThis Flatworm Remembers Things After You Cut Off Its Brain \n\nhttps://www.youtube.com/watch?v=CYuDbfFRTsw\n\nWhy Don't Humans Get Heartworm? \n\nhttps://www.youtube.com/watch?v=8ilHOgTXnp0\n\nWhy You Might Want Parasitic Worms \nhttps://www.youtube.com/watch?v=qD6fmHUXBEg", "link": "https://www.youtube.com/watch?v=N7GqVTZRvwU", "date_published": "2020-09-23 00:00:00+00:00", "persistent": false, "user": null, "language": "en-US"}]