[{"source": "https://www.youtube.com/feeds/videos.xml?channel_id=UCswH8ovgUp5Bdg-0_JTYFNw", "title": "Social Dilemma: Are We All Addicted Now? | Russell Brand", "description": "After watching the new Netflix documentary #TheSocialDilemma, here are my thoughts on tech addiction, power and control.\nWhat do you think? Have you watch it?\n\nSubscribe to my channel here: http://tinyurl.com/opragcg\n(make sure to hit the BELL icon to be notified of new videos!)\n\nListen to my Under The Skin podcast here: \nhttp://luminary.link/russell\n\nGet my book \"Recovery\" here: https://amzn.to/2R7c810\nGet my book \"Mentors\" here (and as an audiobook!): https://amzn.to/2t0Zu9U\n\nInstagram: http://instagram.com/russellbrand/\nTwitter: http://twitter.com/rustyrockets\n\nProduced by Jenny May Finn (Instagram: @jennymayfinn)", "link": "https://www.youtube.com/watch?v=4yqBa5XaExI", "date_published": "2020-09-24 00:00:00+00:00", "persistent": false, "user": null, "language": "en-US"}]