[{"source": "https://www.youtube.com/feeds/videos.xml?channel_id=UCwSv086EAByBY-Z7y-QR_cQ", "title": "Co ze \"Zjednoczon\u0105 Prawic\u0105\"? Medialny cyrk, czy czekaj\u0105 nas przespieszone wybory?", "description": "\ud83e\udd2a Mi\u0142o, \u017ce tutaj zajrza\u0142e\u015b.  Zapraszam do ogl\u0105dania.\n\n\u2b07\ufe0fRozwi\u0144 opis\u2b07\ufe0f\n------------------------------------------------------------\n\ud83d\udc40 Mroczne Podcasty: https://goo.gl/cdCFKe\n\ud83d\udc40 Hello World_: http://bit.ly/31BEhnv\n\ud83d\udc40 Tatusiek: http://bit.ly/3aSCheE\n------------------------------------------------------------\n\ud83d\udc40 twitter: http://bit.ly/2B6jTPd\n------------------------------------------------------------\n\u2709\ufe0f Ludzie listy pisz\u0105 \n\ud83d\udd8a\ufe0f uszi@protonmail.com\n------------------------------------------------------------\n\ud83d\udc7a niecenzuralne i agresywne komentarze zostan\u0105 usuni\u0119te.  Jak ju\u017c musisz zakl\u0105\u0107 dawaj znaki (&*%@%).\n------------------------------------------------------------\n\ud83d\udcb2 Donate/ Darowizna\nPLN / SMS / Blik: http://bit.ly/2ETKSyN\nBTC: 174EmE88YFtvs6fuM8ZL5yYbik8hcaY6ud\n---------------------------------------------------------------\n\ud83d\uddbcGrafika - wykorzystano elementy ze strony: \nAdrian Grycuk - CC BY-SA 3.0 pl\nhttp://bit.ly/2Dm6Jyn\n-------------------------------------------------------------\n\u2705\u017ar\u00f3d\u0142a:\nhttps://bit.ly/2HpheX2\n-------------------------------------------------------------\n\ud83d\udca1 Tagi: #polityka #PiS\n--------------------------------------------------------------", "link": "https://www.youtube.com/watch?v=YxkbIQt_GEc", "date_published": "2020-09-23 00:00:00+00:00", "persistent": false, "user": null, "language": "en-US"}, {"source": "https://www.youtube.com/feeds/videos.xml?channel_id=UCwSv086EAByBY-Z7y-QR_cQ", "title": "Ustawa o cyberbezpiecze\u0144stwie wprowadza cenzur\u0119 polskiego internetu!", "description": "\ud83e\udd2a Mi\u0142o, \u017ce tutaj zajrza\u0142e\u015b.  Zapraszam do ogl\u0105dania.\n\n\u2b07\ufe0fRozwi\u0144 opis\u2b07\ufe0f\n------------------------------------------------------------\n\ud83d\udc40 Mroczne Podcasty: https://goo.gl/cdCFKe\n\ud83d\udc40 Hello World_: http://bit.ly/31BEhnv\n\ud83d\udc40 Tatusiek: http://bit.ly/3aSCheE\n------------------------------------------------------------\ntwitwitter: http://bit.ly/2B6jTPd\n------------------------------------------------------------\n\u2709\ufe0f Ludzie listy pisz\u0105 \n\ud83d\udd8a\ufe0f uszi@protonmail.com\n------------------------------------------------------------\n\ud83d\udc7a niecenzuralne i agresywne komentarze zostan\u0105 usuni\u0119te.  Jak ju\u017c musisz zakl\u0105\u0107 dawaj znaki (&*%@%).\n------------------------------------------------------------\n\ud83d\udcb2 Donate/ Darowizna\nPLN / SMS / Blik: http://bit.ly/2ETKSyN\nBTC: 174EmE88YFtvs6fuM8ZL5yYbik8hcaY6ud\n---------------------------------------------------------------\n\ud83d\uddbcGrafika - wykorzystano elementy ze stron: \nAdrian Grycuk / CC BY-SA 3.0 pl\nhttp://bit.ly/2QyJTHZ\n---------------------------------------------------------------\n\u2705\u017ar\u00f3d\u0142a:\nhttps://bit.ly/3iXyyQB\nhttps://bit.ly/3csx9Py\nhttps://bit.ly/2RRokpl\nhttps://bit.ly/2L5V3Ub\nhttps://bit.ly/32Wa70w\n-------------------------------------------------------------\n\ud83d\udca1 Tagi: #internet #cyberbezpiecze\u0144stwo\n--------------------------------------------------------------", "link": "https://www.youtube.com/watch?v=eAOHyKUpFjs", "date_published": "2020-09-23 00:00:00+00:00", "persistent": false, "user": null, "language": "en-US"}]