[{"source": "https://www.youtube.com/feeds/videos.xml?channel_id=UCme4ZOv65uzGADXuvtHkSvA", "title": "Wstawaki [#603] Trzy serca", "description": "#Wstawaki #zr\u00f3bmydobrydzie\u0144 #AdamSzustakOP\n\n\"Wstawaki 2.0\" muz: Jan Smoczy\u0144ski || Agnieszka Musia\u0142  \n________________________________________\n\nAby nas wesprze\u0107 kliknij tu \u2192 https://patronite.pl/langustanapalmie\n\n\n\u266b S\u0142uchaj jako PODCAST Langusty: \nAnchor \u2192 https://anchor.fm/langusta-na-palmie\nSpreaker \u2192 https://www.spreaker.com/show/historie-potluczone\nSpotify \u2192 https://spoti.fi/2NVIRHb\niTunes \u2192 https://apple.co/2ZIPQZv\nGoogle Podcasts \u2192 https://bit.ly/2OlBWHx\n\nZapraszamy na nowy portal :\n\u2192 http://www.dominikanie.pl\nPolecamy subskrypcje portalu na YT\n\u2192 https://www.youtube.com/c/Dominikanieplportal  \nMo\u017cna nas r\u00f3wnie\u017c znale\u017a\u0107 na Facebooku: \n\u2192 https://www.facebook.com/dominikanie\n\nWi\u0119cej nagra\u0144 o. Adama znajdziesz na: \n\u2192 http://www.langustanapalmie.pl\nMo\u017cna nas r\u00f3wnie\u017c znale\u017a\u0107 na Facebooku: \n\u2192 https://www.facebook.com/LangustaNaPalmie\nTwitterze: \n\u2192 https://twitter.com/LangustaPalmowa\nInstagramie: \n\u2192 https://www.instagram.com/langustanapalmie/\n\nZapraszamy.", "link": "https://www.youtube.com/watch?v=trUWwH16v7E", "date_published": "2020-09-07 00:00:00+00:00", "persistent": false, "user": null, "language": "pl-PL"}, {"source": "https://www.youtube.com/feeds/videos.xml?channel_id=UCme4ZOv65uzGADXuvtHkSvA", "title": "Historie pot\u0142uczone [#10] O Monice, co si\u0119 wkr\u0119ci\u0107 da\u0142a", "description": "\u200b @Langusta na palmie   #historiepot\u0142uczone #podcast\n\nHistorie pot\u0142uczone to opowie\u015bci o c\u00f3rkach i synach Boga, pi\u0119knych i brzydkich, \u015bwi\u0119tych i grzesznych, szcz\u0119\u015bliwych i na skraju rozpaczy. To opowie\u015bci o drodze, kt\u00f3r\u0105 idzie si\u0119 do nieba i o zakr\u0119tach i chaszczach, kt\u00f3re spychaj\u0105 do piek\u0142a. To opowie\u015bci o ludziach po prostu. Czyli o nas.\n\nMuzyka: Kai Engel: Brand New World, http://freemusicarchive.org/music/Kai_Engel/\n________________________________________\n\nAby nas wesprze\u0107 kliknij tu \u2192 https://patronite.pl/langustanapalmie\n\n\u266b S\u0142uchaj jako PODCAST Langusty: \nAnchor \u2192 https://anchor.fm/langusta-na-palmie\nSpreaker \u2192 https://www.spreaker.com/show/historie-potluczone\nSpotify \u2192 https://spoti.fi/2NVIRHb\niTunes \u2192 https://apple.co/2ZIPQZv\nGoogle Podcasts \u2192 https://bit.ly/2OlBWHx\n\nZapraszamy na nowy portal :\n\u2192 http://www.dominikanie.pl\nPolecamy subskrypcje portalu na YT\n\u2192 https://www.youtube.com/c/Dominikanieplportal  \nMo\u017cna nas r\u00f3wnie\u017c znale\u017a\u0107 na Facebooku: \n\u2192 https://www.facebook.com/dominikanie\n\nWi\u0119cej nagra\u0144 o. Adama znajdziesz na: \n\u2192 http://www.langustanapalmie.pl\nMo\u017cna nas r\u00f3wnie\u017c znale\u017a\u0107 na Facebooku: \n\u2192 https://www.facebook.com/LangustaNaPalmie\nTwitterze: \n\u2192 https://twitter.com/LangustaPalmowa\nInstagramie: \n\u2192 https://www.instagram.com/langustanapalmie/\n\nZapraszamy.", "link": "https://www.youtube.com/watch?v=28CciidUFvY", "date_published": "2020-09-06 00:00:00+00:00", "persistent": false, "user": null, "language": "pl-PL"}, {"source": "https://www.youtube.com/feeds/videos.xml?channel_id=UCme4ZOv65uzGADXuvtHkSvA", "title": "Mocno stronniczy [#10] Dlaczego ksi\u0119\u017ca odchodz\u0105?", "description": "@STREFAWODZA @Langustanapalmie \nTakich dw\u00f3ch, jak Ci to nie ma :) Zapraszamy co niedziel\u0119 o godz: 10:oo, na premier\u0119 zupe\u0142nie nies\u0142ychanej serii ojc\u00f3w Tomasza Nowaka OP i Adama Szustaka OP.\n________________________________________\n\nAby nas wesprze\u0107 kliknij tu \u2192 https://patronite.pl/langustanapalmie\n\n\u266b S\u0142uchaj jako PODCAST Langusty: \nAnchor \u2192 https://anchor.fm/langusta-na-palmie\nSpreaker \u2192 https://www.spreaker.com/show/histori...\nSpotify \u2192 https://spoti.fi/2NVIRHb\niTunes \u2192 https://apple.co/2ZIPQZv\nGoogle Podcasts \u2192 https://bit.ly/2OlBWHx\n\nZapraszamy na nowy portal \n\u2192 http://www.dominikanie.pl\nPolecamy subskrypcje portalu na YT\n\u2192 https://www.youtube.com/c/Dominikanieplportal  \nMo\u017cna nas r\u00f3wnie\u017c znale\u017a\u0107 na Facebooku: \n\u2192 https://www.facebook.com/dominikanie\n\nWi\u0119cej nagra\u0144 o. Adama znajdziesz na: \n\u2192 http://www.langustanapalmie.pl\nMo\u017cna nas r\u00f3wnie\u017c znale\u017a\u0107 na Facebooku: \n\u2192 https://www.facebook.com/LangustaNaPalmie\nTwitterze: \n\u2192 https://twitter.com/LangustaPalmowa\nInstagramie: \n\u2192 https://www.instagram.com/langustanapalmie/\n\nZapraszamy.", "link": "https://www.youtube.com/watch?v=_nS8PrHOMkI", "date_published": "2020-09-06 00:00:00+00:00", "persistent": false, "user": null, "language": "pl-PL"}]