[{"source": "http://feeds.bbci.co.uk/news/rss.xml", "title": "Instagram photo filters targeted by model's #filterdrop campaign", "description": "Why a make-up artist is campaigning to tackle unrealistic beauty images on social media.", "link": "https://www.bbc.co.uk/news/uk-england-bristol-53784938", "date_published": "2020-09-06 23:07:16+00:00", "persistent": false, "user": null, "language": "en-US"}, {"source": "http://feeds.bbci.co.uk/news/rss.xml", "title": "The women behind one of Gucci's most-liked Insta posts", "description": "Zebedee Management represents disabled models and actors around the world.", "link": "https://www.bbc.co.uk/news/business-53997790", "date_published": "2020-09-06 23:05:58+00:00", "persistent": false, "user": null, "language": "en-US"}, {"source": "http://feeds.bbci.co.uk/news/rss.xml", "title": "The woman trying to save India's tortured temple elephants", "description": "Activist Sangita Iyer is on a mission to end the agony of ceremonial elephants.", "link": "https://www.bbc.co.uk/news/world-asia-india-54026294", "date_published": "2020-09-06 23:03:59+00:00", "persistent": false, "user": null, "language": "en-US"}, {"source": "http://feeds.bbci.co.uk/news/rss.xml", "title": "War-torn Yemen's Covid-19 struggle", "description": "Yemen is already facing the world's worst humanitarian crisis and the pandemic has not stopped the fighting.", "link": "https://www.bbc.co.uk/news/world-middle-east-54034803", "date_published": "2020-09-06 23:03:44+00:00", "persistent": false, "user": null, "language": "en-US"}, {"source": "http://feeds.bbci.co.uk/news/rss.xml", "title": "The German lake house that saw history up close", "description": "A new illustrated book tells the interconnected stories of a German lake house and the families that called it home during turbulent times.", "link": "https://www.bbc.co.uk/news/world-54034894", "date_published": "2020-09-06 23:03:40+00:00", "persistent": false, "user": null, "language": "en-US"}, {"source": "http://feeds.bbci.co.uk/news/rss.xml", "title": "Special educational needs families and the fight for education", "description": "Some special educational needs families say they've found it difficult to access support during the pandemic.", "link": "https://www.bbc.co.uk/news/education-54034802", "date_published": "2020-09-06 23:03:34+00:00", "persistent": false, "user": null, "language": "en-US"}, {"source": "http://feeds.bbci.co.uk/news/rss.xml", "title": "What's behind the unequal threat of Covid", "description": "Covid-19 is already the third-leading cause of death for African Americans this year. Why?", "link": "https://www.bbc.co.uk/news/world-us-canada-54021999", "date_published": "2020-09-06 23:03:23+00:00", "persistent": false, "user": null, "language": "en-US"}, {"source": "http://feeds.bbci.co.uk/news/rss.xml", "title": "Beirut blast: The rowers left with nothing cling to Olympics dream", "description": "Based at Beirut's port, a small cash-strapped rowing team lost everything - apart from their lives.", "link": "https://www.bbc.co.uk/news/world-middle-east-54013623", "date_published": "2020-09-06 23:01:10+00:00", "persistent": false, "user": null, "language": "en-US"}, {"source": "http://feeds.bbci.co.uk/news/rss.xml", "title": "Man blows up part of house while chasing fly", "description": "An electric racket and a gas leak have proved disastrous for one man in France, local media report.", "link": "https://www.bbc.co.uk/news/world-europe-54051423", "date_published": "2020-09-06 19:57:14+00:00", "persistent": false, "user": null, "language": "en-US"}, {"source": "http://feeds.bbci.co.uk/news/rss.xml", "title": "Manchester Arena attack: The families searching for answers", "description": "The parents of the youngest victim of the Manchester Arena attack on their quest for answers.", "link": "https://www.bbc.co.uk/news/uk-54033715", "date_published": "2020-09-06 16:03:14+00:00", "persistent": false, "user": null, "language": "en-US"}, {"source": "http://feeds.bbci.co.uk/news/rss.xml", "title": "Birling Gap danger warning over crumbling cliff edge photo", "description": "The woman is seen posing at a section of cliff that has already broken away.", "link": "https://www.bbc.co.uk/news/uk-england-sussex-54049513", "date_published": "2020-09-06 15:49:08+00:00", "persistent": false, "user": null, "language": "en-US"}, {"source": "http://feeds.bbci.co.uk/news/rss.xml", "title": "England v Australia: Jos Buttler makes a terrible review", "description": "England waste a review for lbw on a ball that hits nothing but the middle of Aaron Finch's bat in the second T20 against Australia in Southampton.", "link": "https://www.bbc.co.uk/sport/av/cricket/54049659", "date_published": "2020-09-06 14:11:00+00:00", "persistent": false, "user": null, "language": "en-US"}, {"source": "http://feeds.bbci.co.uk/news/rss.xml", "title": "Tunisia: Policeman and three militants dead after 'terrorist' attack", "description": "The incident happened in Sousse, where 38 people, mostly Britons, were killed in a 2015 attack.", "link": "https://www.bbc.co.uk/news/world-africa-54041569", "date_published": "2020-09-06 12:57:27+00:00", "persistent": false, "user": null, "language": "en-US"}, {"source": "http://feeds.bbci.co.uk/news/rss.xml", "title": "Birmingham stabbings: Manhunt as one killed and seven hurt", "description": "Police believe victims were chosen at random and there is no suggestion the attacks are terror related.", "link": "https://www.bbc.co.uk/news/uk-england-birmingham-54045143", "date_published": "2020-09-06 12:26:12+00:00", "persistent": false, "user": null, "language": "en-US"}, {"source": "http://feeds.bbci.co.uk/news/rss.xml", "title": "Women's Super League: Kim Little scores for Arsenal against Reading", "description": "Kim Little fires Arsenal into the lead against Reading with a \"brilliant\" volley in their Women's Super League match at Meadow Park.", "link": "https://www.bbc.co.uk/sport/av/football/54048753", "date_published": "2020-09-06 12:13:06+00:00", "persistent": false, "user": null, "language": "en-US"}, {"source": "http://feeds.bbci.co.uk/news/rss.xml", "title": "Typhoon Haishen: 200,000 ordered to evacuate as Japan braces for storm", "description": "More than 200,000 people are ordered to shelter from the second storm to hit the region in a week.", "link": "https://www.bbc.co.uk/news/world-asia-54046150", "date_published": "2020-09-06 11:34:14+00:00", "persistent": false, "user": null, "language": "en-US"}, {"source": "http://feeds.bbci.co.uk/news/rss.xml", "title": "Son sells 28 years of birthday whisky to buy first home", "description": "Matthew Robson's quirky collection of presents is now worth \u00a340,000.", "link": "https://www.bbc.co.uk/news/uk-england-somerset-54040307", "date_published": "2020-09-06 11:26:44+00:00", "persistent": false, "user": null, "language": "en-US"}, {"source": "http://feeds.bbci.co.uk/news/rss.xml", "title": "Brexit: Negotiator David Frost says UK not scared of walking away", "description": "Britain will leave the transition arrangement in December \"come what may\", says David Frost.", "link": "https://www.bbc.co.uk/news/uk-politics-54045653", "date_published": "2020-09-06 10:56:29+00:00", "persistent": false, "user": null, "language": "en-US"}, {"source": "http://feeds.bbci.co.uk/news/rss.xml", "title": "Children and obesity: 'Spend time on sport rather than weighing kids'", "description": "Olympian Elinor Barker says some people are turned off by team sports like football and rugby.", "link": "https://www.bbc.co.uk/news/uk-wales-53892585", "date_published": "2020-09-06 10:42:19+00:00", "persistent": false, "user": null, "language": "en-US"}, {"source": "http://feeds.bbci.co.uk/news/rss.xml", "title": "Newcastle's \u00a320m bid for Wilson accepted as Villa withdraw offer", "description": "Newcastle United have a \u00a320m bid accepted for Bournemouth's England striker Callum Wilson - as Aston Villa withdraw their offer.", "link": "https://www.bbc.co.uk/sport/football/54046304", "date_published": "2020-09-06 10:36:50+00:00", "persistent": false, "user": null, "language": "en-US"}, {"source": "http://feeds.bbci.co.uk/news/rss.xml", "title": "Cold case mystery: Only clue to man's identity is a ring inscription", "description": "Can a team of experts finally help to solve the puzzle of a man's body found on a beach?", "link": "https://www.bbc.co.uk/news/uk-wales-54025571", "date_published": "2020-09-06 10:28:57+00:00", "persistent": false, "user": null, "language": "en-US"}, {"source": "http://feeds.bbci.co.uk/news/rss.xml", "title": "John Cage musical work changes chord for first time in seven years", "description": "The John Cage piece, As Slow As Possible, began 19 years ago and is to last 639 years.", "link": "https://www.bbc.co.uk/news/world-europe-54041568", "date_published": "2020-09-06 09:47:54+00:00", "persistent": false, "user": null, "language": "en-US"}, {"source": "http://feeds.bbci.co.uk/news/rss.xml", "title": "Mystery seeds: Amazon bans foreign plant sales in US", "description": "Thousands of Americans have received unsolicited packets of seeds this year, mostly from China.", "link": "https://www.bbc.co.uk/news/world-us-canada-54046154", "date_published": "2020-09-06 08:52:17+00:00", "persistent": false, "user": null, "language": "en-US"}, {"source": "http://feeds.bbci.co.uk/news/rss.xml", "title": "Young women and suicide: 'I felt like a shell'", "description": "New stats show a rise in the number of women taking their own lives in England and Wales last year.", "link": "https://www.bbc.co.uk/news/newsbeat-54027390", "date_published": "2020-09-06 07:45:43+00:00", "persistent": false, "user": null, "language": "en-US"}, {"source": "http://feeds.bbci.co.uk/news/rss.xml", "title": "Creek Fire: Dozens trapped at California reservoir", "description": "Helicopters are flying out people sheltering at a popular reservoir in the Sierra National Forest.", "link": "https://www.bbc.co.uk/news/world-us-canada-54046468", "date_published": "2020-09-06 07:20:10+00:00", "persistent": false, "user": null, "language": "en-US"}, {"source": "http://feeds.bbci.co.uk/news/rss.xml", "title": "Melbourne coronavirus lockdown extended", "description": "The rate of new cases has not dropped enough for restrictions to be eased, officials say.", "link": "https://www.bbc.co.uk/news/world-australia-54045102", "date_published": "2020-09-06 04:25:34+00:00", "persistent": false, "user": null, "language": "en-US"}, {"source": "http://feeds.bbci.co.uk/news/rss.xml", "title": "Lake Travis: Several boats sink at pro-Trump parade in Texas", "description": "Reports say people had to be rescued from the water, but no-one has been injured.", "link": "https://www.bbc.co.uk/news/election-us-2020-54045115", "date_published": "2020-09-06 01:50:20+00:00", "persistent": false, "user": null, "language": "en-US"}]