[{"source": "https://www.youtube.com/feeds/videos.xml?channel_id=UCNvzD7Z-g64bPXxGzaQaa4g", "title": "10 Best FREE iOS & Android Games of August 2020", "description": "Looking for some good free games for your iPhone or Android mobile device? Here's a list of some of the best new free games for your phone.\nSubscribe for more: https://www.youtube.com/gameranxTV?sub_confirmation=1\n\nTauCeti Technology Benchmark\nPlatform: iOS Android\nPrice: Free\nhttps://play.google.com/store/apps/details?id=com.badflyinteractive.tauceti\nhttps://apps.apple.com/us/app/id1500860066\n\nFINAL FANTASY CRYSTAL CHRONICLES\nPlatform: iOS Android\nPrice: Free\nhttps://apps.apple.com/us/app/finalfantasy-crystalchronicles/id1478870957\nhttps://play.google.com/store/apps/details?id=com.square_enix.android_googleplay.FFCCREww&hl=en_US\n\nSoul of Eden\nPlatform: iOS Android\nPrice: Free\nhttps://apps.apple.com/us/app/soul-of-eden/id1046770387\nhttps://play.google.com/store/apps/details?id=com.rayark.rush&hl=en_IN\n\nSid Meier's Civilization VI\nPlatform: iOS Android\nPrice: Free\nhttps://apps.apple.com/us/app/sid-meiers-civilization-vi/id1235863443\nhttps://play.google.com/store/apps/details?id=com.aspyr.civvi&hl=en\n\nOtherworld Legends\nPlatform: iOS Android\nPrice: Free\nhttps://play.google.com/store/apps/details?id=com.chillyroom.zhmr.gp&hl=en\nhttps://apps.apple.com/ph/app/otherworld-legends/id1439772060\n\nMonster Dash\nPlatform: iOS Android\nPrice: Free\nhttps://apps.apple.com/in/app/monster-dash/id370070561\nhttps://play.google.com/store/apps/details?id=com.halfbrick.monsterdash&hl=en_IN\n\n\nBaseball Superstars 2020\nPlatform: iOS Android\nPrice: Free\nhttps://play.google.com/store/apps/details?id=com.gamevil.basebss.android.google.global.normal1\nhttps://apps.apple.com/us/app/baseball-superstars-2020/id1396381549\n\n\nRobotics!\nPlatform: iOS Android\nPrice: Free\nhttps://apps.apple.com/us/app/robotics/id1476051009\nhttps://play.google.com/store/apps/details?id=com.zeptolab.robotics&hl=en\n\n\nMadden NFL 21 Mobile Football\nPlatform: iOS Android\nPrice: Free\nhttps://apps.apple.com/us/app/madden-nfl-21-mobile-football/id1512265589\nhttps://play.google.com/store/apps/details?id=com.ea.gp.maddennfl21mobile&hl=en\n\n\nEVE Echoes\nPlatform: iOS android\nPrice: Free\nhttps://apps.apple.com/us/app/eve-echoes/id1446384690\nhttps://play.google.com/store/apps/details?id=com.netease.eve.en&hl=en_IN", "link": "https://www.youtube.com/watch?v=PgYOchNFHjc", "date_published": "2020-09-07 00:00:00+00:00", "persistent": false, "user": null, "language": "en-US"}, {"source": "https://www.youtube.com/feeds/videos.xml?channel_id=UCNvzD7Z-g64bPXxGzaQaa4g", "title": "TOP 7 NEW Stealth Games of 2020", "description": "There aren't many stealth games in 2020 for PC, PS4, or Xbox One, but thankfully many games have some solid sneaking gameplay elements.\nSubscribe for more: https://www.youtube.com/gameranxTV?sub_confirmation=1\n\n7- Maid of Sker\n\nPlatform: PC PS4 XBOX ONE SWITCH\n\nRelease date: July 28, 2020\n\n\n\n6- Hello Neighbor 2 Alpha 1       \n\nPlatform: PC\n\nRelease date: 2020    \n\n\n\n5-  Watch Dogs Legion\n\nPlatform: PC PS4 XBOX ONE\n\nRelease date: October 29, 2020\n\n\n\n4- Last of us 2\n\nPlatform: PS4\n\nRelease date: June 19, 2020\n\n\n\n3- Desperados III\n\nPlatform: PS4 XBOX ONE PC\n\nRelease date: June 16, 2020\n\n\n\n2- Ghost of Tsushima\n\nPlatform: PS4\n\nRelease date: July 17, 2020\n\n\n\n1- Assassin's Creed Valhalla\n\nPlatform: PC, PS4, XBOX ONE\n\nRelease date: November 17, 2020\n\n\n\nBonus: \n\nLittle Nightmares 2\n\nPlatform: PC PS4 XBOX ONE SWITCH\n\nRelease date: TBA 2020\n\n\n\nXIII\n\nPlatform: PC\n\nRelease date: 10 Nov, 2020", "link": "https://www.youtube.com/watch?v=Ukubeqe5GmQ", "date_published": "2020-09-06 00:00:00+00:00", "persistent": false, "user": null, "language": "en-US"}]