[{"source": "https://www.youtube.com/feeds/videos.xml?channel_id=UCkPjHTuNd_ycm__29dXM3Nw", "title": "Byli sobie Ludzie #4 - \"Polityka\"", "description": "Byli sobie ludzie i rozmawiali o \u017cyciu, szcz\u0119\u015bciu, piachu i polityce a w mi\u0119dzyczasie budowali piramidy. I tak powsta\u0142a cywilizacja, jedna z wielu. To by\u0142o dawno, ale zaskakuj\u0105co wiele z niej trwa do dzi\u015b i Wy mo\u017cecie to zobaczy\u0107. To ju\u017c czwarty odcinek serii i\u2026 uwaga! Przedostatni! Wi\u0119c szybko ogl\u0105dajcie, zanim si\u0119 sko\u0144czy! ODCINEK POWSTA\u0141 DZI\u0118KI WSPARCIU PATRON\u00d3W! DZI\u0118KUJEMY! TY TE\u017b MO\u017bESZ NIM ZOSTA\u0106!\n\n\ud83d\udd25 Patronite: http://patronite.pl/darwin\n\ud83c\udfac Produkcja: http://darwinstudio.pl\n\ud83d\udc4d Facebook: http://facebook.com/GrupaFilmowaDarwin\n\u2764 Instagram: http://instagram.com/g.f.darwin\n\ud83d\udcd6 Ksi\u0105\u017cka: http://darwin.altenberg.pl\n\ud83d\uded2 Gad\u017cety Darwina: http://gfdarwin.teetres.com\n\ud83d\udd14 Subskrybuj: http://youtube.com/GFDarwinYT?sub_confirmation=1\n\ud83d\udcfa Zobacz wi\u0119cej: http://youtube.com/playlist?list=PLsuXZgkp0aLj9y8YKvqGi7sWZF4-R8Ww8\n\u2709\ufe0e Kontakt: kontakt@gfdarwin.pl\n\n\u2b07\ufe0f SERIE DARWINA \u2b07\ufe0f\n\n\u272a SHORTY DARWINA http://youtube.com/playlist?list=PLsuXZgkp0aLjcTOnmQBAEtNnLddTNAWgK\n\u272a WIELKIE KONFLIKTY http://youtube.com/playlist?list=PLsuXZgkp0aLhss_09rp5y7stE-ai47los\n\u272a BYLI SOBIE LUDZIE http://youtube.com/playlist?list=PLsuXZgkp0aLhJBk0mCKEFHp1HhRFVxGkO\n\u272a WIELKIE TEORIE DARWINA http://youtube.com/playlist?list=PLsuXZgkp0aLi3fdQttVaUAbBZhgNyZHGU\n\u272a ZAKAZANE SPOTY DARWINA http://youtube.com/playlist?list=PLsuXZgkp0aLhMkmBCOB0U1xxnez_qxMsc\n\u272a DZIENNIK INTERNETOWY http://youtube.com/playlist?list=PLsuXZgkp0aLjifDBNmr7X03BpXWH6HQnY\n\u272a AGENT 700 http://youtube.com/playlist?list=PLsuXZgkp0aLjcA9SmwOgxNVYkOmepuWkI\n\u272a GWIEZDNY SZERYF http://youtube.com/playlist?list=PLsuXZgkp0aLjGefv9_WG4JXKBum_nub-O\n\u272a TROPICIELE PRAWDY http://youtube.com/playlist?list=PLsuXZgkp0aLjtH-yeV77KpDaE0l2SVKEG\n\u272a P\u0141ACHTA NA BYKA http://youtube.com/playlist?list=PLsuXZgkp0aLg0feVkxtjmK6v-Jl21trKX\n\u272a RAFA\u0141 VS S\u0141AWEK http://youtube.com/playlist?list=PLsuXZgkp0aLiUkPc4itqXRStub8A__WXE\n\u272a MISJA http://youtube.com/playlist?list=PLsuXZgkp0aLhTX5ov5X5TDv5UNC5_5hLK\n\u272a WYGRYWASZ CO CHCESZ! http://youtube.com/playlist?list=PLsuXZgkp0aLhHN8nTFGneH-CFwMCC0z7K\n\u272a GROOVY MOVIE http://youtube.com/playlist?list=PLsuXZgkp0aLi3Cex97XNhTb1Ri4zO0h3r\n\u272a BAJKI DARWINA http://youtube.com/playlist?list=PLsuXZgkp0aLj0xuqiJ9whcDLxJgNQSv7L\n\u272a ELFIA TRYLOGIA http://youtube.com/playlist?list=PLsuXZgkp0aLi8CsRg76eeIdSnw47kKRUR\n\u272a NAUKA? NIE ROZUMIEM! http://youtube.com/playlist?list=PLsuXZgkp0aLhbA-2Gt188w6el573Tn7Fb\n\n\u2702\ufe0f DARWIN EXTRAS (making of) http://youtube.com/GFDarwinEXTRAS\n\n---------------------------------------------------------------------\nCopyright \u00a9 G.F. Darwin. All rights reserved.\n---------------------------------------------------------------------\n\n#GFDarwin #ByliSobieLudzie #Staro\u017cytnyRzym", "link": "https://www.youtube.com/watch?v=W3qIZu7agNc", "date_published": "2020-09-07 00:00:00+00:00", "persistent": false, "user": null, "language": "en-US"}]