[{"source": "https://www.youtube.com/feeds/videos.xml?channel_id=UCXuqSBlHAE6Xw-yeJA0Tunw", "title": "I should have hired a professional... DIY in-ceiling speaker install", "description": "The first 100 people to go to https://blinkist.com/linustechtips are going to get unlimited access for 1 week to try it out. You\u2019ll also get 25% off if you want the full membership.\n\nAdd Honey for FREE and start saving today at https://joinhoney.com/ltt\nThanks, Honey for sponsoring!\n\nWhole-home audio setups are SO accessible these days... so I decided to get one myself!\n\nBuy: Sonos Amp\nOn Amazon (PAID LINK): https://geni.us/bl9Ze\nOn Newegg (PAID LINK): https://geni.us/nFABM\nOn B&H (PAID LINK): https://geni.us/OyoEdU\n\nBuy: Sonos In-Ceiling Speakers\nOn Amazon (PAID LINK): https://geni.us/jEYdd\nOn Newegg (PAID LINK): https://geni.us/fCyw0\nOn B&H (PAID LINK): https://geni.us/t4obO\n\nBuy: Sonos Connect: Amp\nOn Amazon (PAID LINK): https://geni.us/VuPczWP\n\nBuy: Sonos Arc\nOn Amazon (PAID LINK): https://geni.us/RgKeLW\nOn Newegg (PAID LINK): https://geni.us/h5fn12N\nOn B&H (PAID LINK): https://geni.us/8MyN\n\nBuy: Polk Audio RC80i\nOn Amazon (PAID LINK): https://geni.us/GcnUoK\nOn Newegg (PAID LINK): https://geni.us/DQqe\nOn B&H (PAID LINK): https://geni.us/sEYMAvZ\n\nPurchases made through some store links may provide some compensation to Linus Media Group.\n\n\n\u25baGET MERCH: http://www.LTTStore.com/\n\u25baSUPPORT US ON FLOATPLANE: https://www.floatplane.com/  \n\u25baLTX EXPO: https://www.ltxexpo.com/   \n\nAFFILIATES & REFERRALS\n---------------------------------------------------\n\u25baAffiliates, Sponsors & Referrals: https://lmg.gg/sponsors\n\u25baPrivate Internet Access VPN: https://lmg.gg/pialinus2\n\u25baMK Keyboards: https://lmg.gg/LyLtl\n\u25baNerd or Die Stream Overlays: https://lmg.gg/avLlO\n\u25baNEEDforSEAT Gaming Chairs: https://lmg.gg/DJQYb\n\u25baDisplate Metal Prints: https://lmg.gg/displateltt\n\u25baEpic Games Store (LINUSMEDIAGROUP): https://lmg.gg/kRTpY\n\u25baAmazon Prime: https://lmg.gg/8KV1v\n\u25baAudible Free Trial: https://lmg.gg/8242J\n\u25baStreamlabs Prime: https://geni.us/cOHCiHh\n\u25baOur Gear on Amazon: https://geni.us/OhmF\n \nFOLLOW US ELSEWHERE\n---------------------------------------------------  \nTwitter: https://twitter.com/linustech\nFacebook: http://www.facebook.com/LinusTech\nInstagram: https://www.instagram.com/linustech\nTwitch: https://www.twitch.tv/linustech\n\nFOLLOW OUR OTHER CHANNELS\n---------------------------------------------------  \nTechquickie: https://lmg.gg/techquickieyt\nTechLinked: https://lmg.gg/techlinkedyt\nShortCircuit: https://lmg.gg/shortcircuityt\n\nLMG Clips: https://lmg.gg/lmgclipsyt\nChannel Super Fun: https://lmg.gg/channelsuperfunyt\nCarpool Critics: https://lmg.gg/carpoolcriticsyt\n\nMUSIC CREDIT\n---------------------------------------------------  \nTitle: Laszlo - Supernova\nVideo Link: https://www.youtube.com/watch?v=PKfxmFU3lWY\niTunes Download Link: https://itunes.apple.com/us/album/supernova/id936805712\nArtist Link: https://soundcloud.com/laszlomusic\n\nOutro Screen Music Credit: Approaching Nirvana - Sugar High http://www.youtube.com/approachingnirvana\n\nMonitor And Keyboard by vadimmihalkevich / CC BY 4.0  https://geni.us/PgGWp\nMechanical RGB Keyboard by BigBrotherECE / CC BY 4.0 https://geni.us/mj6pHk4\nMouse Gamer free Model By Oscar Creativo / CC BY 4.0 https://geni.us/Ps3XfE", "link": "https://www.youtube.com/watch?v=JezVlLdQ2Qc", "date_published": "2020-09-07 00:00:00+00:00", "persistent": false, "user": null, "language": "en-US"}, {"source": "https://www.youtube.com/feeds/videos.xml?channel_id=UCXuqSBlHAE6Xw-yeJA0Tunw", "title": "I can't believe how much I paid for this...", "description": "*Free 32GB Flash Drive & 32GB Micro SD Card: https://rebrand.ly/gy7m39z\nGet the best prices and best selection at Micro Center: https://rebrand.ly/twi95lc\nJoin the Micro Center Community: https://rebrand.ly/rw1lcli\nMicro Center Custom PC Builder: https://rebrand.ly/uw4g7lf\n\n*Limited Time Offer, Valid In-store only, Limit 1 Coupon Per Customer\n\nSave 10% and Free Worldwide Shipping at Ridge Wallets by using offer code LINUS at https://www.ridge.com/LINUS\n\nWe check out the display that took the 2008 tech world by storm. The Ostendo CRVD 43 was the worlds first curved AND ultra-wide monitor. It\u2019s THICC and awesome and we get to unbox one. Who knew Linus running his mouth would get him a piece of history\u2026\u2026 for $6000. Thanks to Vojox for sending us this: https://twitter.com/VojoxB & https://www.youtube.com/user/BullOnoob91\n\n\nBuy Logitech G305: https://geni.us/SuxVC\n\nBuy Logitech G815: https://geni.us/0vt2QuM\n\nPurchases made through some store links may provide some compensation to Linus Media Group.\n\nDiscuss on the forum: https://lmg.gg/IN8pC\n\n\u25ba GET MERCH: https://lttstore.com\n\u25ba AFFILIATES, SPONSORS & REFERRALS: https://lmg.gg/sponsors\n\u25ba PODCAST GEAR: https://lmg.gg/podcastgear\n\u25ba SUPPORT US ON FLOATPLANE: https://www.floatplane.com/\n\nFOLLOW US ELSEWHERE\n---------------------------------------------------  \nTwitter: https://twitter.com/linustech\nFacebook: http://www.facebook.com/LinusTech\nInstagram: https://www.instagram.com/linustech\nTikTok: https://www.tiktok.com/@linustech\nTwitch: https://www.twitch.tv/linustech\n\nMUSIC CREDIT\n---------------------------------------------------\nIntro: Laszlo - Supernova\nVideo Link: https://www.youtube.com/watch?v=PKfxmFU3lWY\niTunes Download Link: https://itunes.apple.com/us/album/supernova/id936805712\nArtist Link: https://soundcloud.com/laszlomusic\n\nOutro: Approaching Nirvana - Sugar High\nVideo Link: https://www.youtube.com/watch?v=ngsGBSCDwcI\nListen on Spotify: http://spoti.fi/UxWkUw\nArtist Link: http://www.youtube.com/approachingnirvana\n\nIntro animation by MBarek Abdelwassaa https://www.instagram.com/mbarek_abdel/\nMonitor And Keyboard by vadimmihalkevich / CC BY 4.0  https://geni.us/PgGWp\nMechanical RGB Keyboard by BigBrotherECE / CC BY 4.0 https://geni.us/mj6pHk4\nMouse Gamer free Model By Oscar Creativo / CC BY 4.0 https://geni.us/Ps3XfE", "link": "https://www.youtube.com/watch?v=Ngy9TIbREJE", "date_published": "2020-09-06 00:00:00+00:00", "persistent": false, "user": null, "language": "en-US"}]