[{"source": "https://www.youtube.com/feeds/videos.xml?channel_id=UC-2YHgc363EdcusLIBbgxzg", "title": "The 5 Most Earth-Like Planets We've Found (So Far) | Answers With Joe", "description": "Get 20% off a premium subscription of Brilliant at http://www.brilliant.org/answerswithjoe\nThe number of known exoplanets seems to grow every day. Most of them are worlds completely unlike our own. But some get pretty close to something resembling home - and may someday become exactly that.\n\nHere's the link to all those different planet-finding methods:\nhttps://www.planetary.org/explore/space-topics/exoplanets/how-to-search-for-exoplanets.html\n\nWant to support the channel? Here's how:\n\nPatreon: http://www.patreon.com/answerswithjoe\nChannel Memberships: https://www.youtube.com/channel/UC-2YHgc363EdcusLIBbgxzg/join\nT-Shirts & Merch: http://www.answerswithjoe.com/store\n\nJoin me on the Our Ludicrous Future Podcast:\nhttps://www.youtube.com/channel/UCvUf_yOU_swE6PtOuv2yBqg\n\nInterested in getting a Tesla? Use my referral link and get discounts and perks:\nhttps://ts.la/joe74700\n\nFollow me at all my places!\nInstagram: https://instagram.com/answerswithjoe\nSnapchat: https://www.snapchat.com/add/answerswithjoe\nFacebook: http://www.facebook.com/answerswithjoe\nTwitter: https://www.twitter.com/answerswithjoe\n\nLINKS LINKS LINKS:\n\nhttps://www.nationalgeographic.com/science/prehistoric-world/mass-extinction/\n\nhttps://en.wikipedia.org/wiki/Parker_Solar_Probe\n\nhttps://www.thoughtco.com/counting-habitable-planets-3072596\n\nhttps://www.planetary.org/explore/space-topics/exoplanets/how-to-search-for-exoplanets.html\n\nhttps://astrobiology.nasa.gov/news/introducing-the-habitable-exoplanets-catalog/ \n\nhttps://www.sciencealert.com/two-earth-like-planets-found-orbiting-a-star-just-12-light-years-away\n\nhttps://exoplanets.nasa.gov/exoplanet-catalog/3343/k2-72-e/\n\nhttps://exoplanets.nasa.gov/exep/technology/technology-overview/\n\nhttps://roman.gsfc.nasa.gov/\n\nhttps://www.luvoirtelescope.org/\n\nhttps://en.wikipedia.org/wiki/Space_Interferometry_Mission", "link": "https://www.youtube.com/watch?v=vqNW1ybwTVk", "date_published": "2020-09-07 00:00:00+00:00", "persistent": false, "user": null, "language": "en-US"}]