[{"source": "https://www.youtube.com/feeds/videos.xml?channel_id=UCsM-ZFKD_8vlDjfhKRNUk1A", "title": "Panieneczki - Heniuchna live - MUZO.FM", "description": "Panieneczki Heniuchna na \u017cywo w MUZO.FM. Pochodz\u0105ce z Bydgoszczy neofolkowe Panieneczki od kilku lat pasjonuje historia ziemi kujawskiej. Panieneczki wyst\u0119powa\u0142y na najwi\u0119kszych polskich festiwalach, m.in. Open\u2019er Festival, OFF Festival czy Enea Spring Break. Bra\u0142y te\u017c udzia\u0142 w trasie koncertowej Korteza, jako go\u015b\u0107 specjalny. Grupa Panieneczki ma na koncie dwucz\u0119\u015bciow\u0105 EPk\u0119 Opowie\u015bci zas\u0142yszane na wiosce. \n\n\nSubskrybuj nasz kana\u0142: http://www.muzo.tv\nFacebook: http://www.facebook.com/MUZO.FM\nFacebook: http://www.facebook.com/MUZO.TV\nFacebook Panieneczki: http://www.facebook.com/panieneczki\nInstagram Panieneczki: http://www.instagram.com/panieneczki\nInstagram: http://www.instagram.com/muzofm\nTwitter: http://twitter.com/muzo_fm\nStrona: http://www.muzo.fm \n\n#popolsku", "link": "https://www.youtube.com/watch?v=VteRYPaYi_o", "date_published": "2020-01-27 00:00:00+00:00", "persistent": false, "user": null, "language": "en-US"}, {"source": "https://www.youtube.com/feeds/videos.xml?channel_id=UCsM-ZFKD_8vlDjfhKRNUk1A", "title": "sanah - Siebie zapytasz - live MUZO.FM", "description": "sanah Siebie zapytasz na \u017cywo w MUZO.FM. Specjalna wersja piosenki sanah Siebie zapytasz pochodzi z wyj\u0105tkowej sesji w studiu radia MUZO.FM. \n\nSubskrybuj nasz kana\u0142: http://www.muzo.tv\nFacebook: http://www.facebook.com/MUZO.FM\nFacebook: http://www.facebook.com/MUZO.TV\nFacebook sanah: http://www.facebook.com/sanahmusic\nInstagram sanah: http://www.instagram.com/sanahmusic\nInstagram: http://www.instagram.com/muzofm\nTwitter: http://twitter.com/muzo_fm\nStrona: http://www.muzo.fm\n\n\nsanah - Siebie zapytasz tekst \n\nzapomnia\u0142am gdzie to by\u0142o\nczy si\u0119 \u015bni\u0142o\nbo za mi\u0142o\nczekaj mo\u017ce iskr\u0119 wida\u0107\nmmm chwila\nty jaki\u015b taki inny przy niej\nmo\u017ce p\u00f3jd\u0119 b\u0119dzie milej\nmy\u015bl\u0119 nawet nie zauwa\u017cy\ntaki by\u0142 czas okrutny\npaskudny\nz\u0142udny\njaka by\u0142am ja g\u0142upia\nmmm jaka\nty za to jaki\u015b inny w oczach\nspoko wi\u0119cej mnie nie spotkasz\nja si\u0119 tu ju\u017c nie pojawi\u0119\n\nty siebie zapytasz\nzapytasz si\u0119\nco ta panna do ciebie ma\nprzecie\u017c to wida\u0107\npatrzy na ciebie jak ja\nnie zapami\u0119tasz\nzapami\u0119tasz mnie\ndu\u017co panien niebo ci da\nty mnie zapomnisz\nzapomn\u0119 ciebie i ja\n\nrobi\u0119 si\u0119 jaka\u015b spi\u0119ta\n\u015bni\u0119ta \nszurni\u0119ta\ntroch\u0119 inna ni\u017c dziewcz\u0119ta\nmmm dziewcz\u0119ta\nbo pannie nie przystoi p\u0142aka\u0107\ngdy tylko w ma\u0142ych tarapatach\nniestety czuj\u0119 tak\u0105 pozostan\u0119\n\nty siebie zapytasz\nzapytasz si\u0119\nco ta panna do ciebie ma\nprzecie\u017c to wida\u0107\npatrzy na ciebie jak ja\nnie zapami\u0119tasz\nzapami\u0119tasz mnie\ndu\u017co panien niebo ci da\nty mnie zapomnisz\nzapomn\u0119 ciebie i ja\n\np\u0142ynie czas p\u00f3jd\u0119 ju\u017c\ndo domu\nwymkn\u0119 si\u0119 cicho po\nkryjomu\nmog\u0119 udawa\u0107 \u017ce \nnie widzisz\nlecz na co to komu\n\nty siebie zapytasz\nzapytasz si\u0119\nco ta panna do ciebie ma\nprzecie\u017c to wida\u0107\npatrzy na ciebie jak ja\nnie zapami\u0119tasz\nzapami\u0119tasz mnie\ndu\u017co panien niebo ci da\nty mnie zapomnisz\nzapomn\u0119 ciebie i ja \n\n#popolsku", "link": "https://www.youtube.com/watch?v=VJVBL7OKSjI", "date_published": "2020-01-26 00:00:00+00:00", "persistent": false, "user": null, "language": "en-US"}]