[{"source": "https://www.youtube.com/feeds/videos.xml?channel_id=UCsXVk37bltHxD1rDPwtNM8Q", "title": "Milk. White Poison or Healthy Drink?", "description": "Head over to our shop to get exclusive kurzgesagt merch and sciency products designed with love. \nGetting something from the kurzgesagt shop is the best way to support us and to keep our videos free for everyone. \n\u25ba\u25ba https://kgs.link/shop-117\n(Worldwide Shipping Available)\n\n\n\nSources:\nhttps://sites.google.com/view/sourcesmilk/\n\nOver the last decade milk has become a bit controversial. Some people say it\u2019s a necessary and nutritious food, vital for healthy bones, but others say it can cause cancer and lead to an early death.\n\nSo who is right? And why are we drinking it anyway?\n\n\nOUR CHANNELS\n\u2580\u2580\u2580\u2580\u2580\u2580\u2580\u2580\u2580\u2580\u2580\u2580\u2580\u2580\u2580\u2580\u2580\u2580\u2580\u2580\u2580\u2580\u2580\u2580\u2580\u2580\nGerman Channel: https://kgs.link/youtubeDE \nSpanish Channel: https://kgs.link/youtubeES \n\n\nHOW CAN YOU SUPPORT US?\n\u2580\u2580\u2580\u2580\u2580\u2580\u2580\u2580\u2580\u2580\u2580\u2580\u2580\u2580\u2580\u2580\u2580\u2580\u2580\u2580\u2580\u2580\u2580\u2580\u2580\u2580\nThis is how we make our living and it would be a pleasure if you support us!\n\nGet Merch designed with \u2764 from https://kgs.link/shop-117  \nJoin the Patreon Bird Army \ud83d\udc27 https://kgs.link/patreon  \n\n\nDISCUSSIONS & SOCIAL MEDIA\n\u2580\u2580\u2580\u2580\u2580\u2580\u2580\u2580\u2580\u2580\u2580\u2580\u2580\u2580\u2580\u2580\u2580\u2580\u2580\u2580\u2580\u2580\u2580\u2580\u2580\u2580\nReddit:            https://kgs.link/reddit\nInstagram:     https://kgs.link/instagram\nTwitter:           https://kgs.link/twitter\nFacebook:      https://kgs.link/facebook\nDiscord:          https://kgs.link/discord\nNewsletter:    https://kgs.link/newsletter\n\n\nOUR VOICE\n\u2580\u2580\u2580\u2580\u2580\u2580\u2580\u2580\u2580\u2580\u2580\u2580\u2580\u2580\u2580\u2580\u2580\u2580\u2580\u2580\u2580\u2580\u2580\u2580\u2580\u2580\nThe Kurzgesagt voice is from \nSteve Taylor:  https://kgs.link/youtube-voice\n\n\nOUR MUSIC \u266c\u266a\n\u2580\u2580\u2580\u2580\u2580\u2580\u2580\u2580\u2580\u2580\u2580\u2580\u2580\u2580\u2580\u2580\u2580\u2580\u2580\u2580\u2580\u2580\u2580\u2580\u2580\u2580\n700+ minutes of Kurzgesagt Soundtracks by Epic Mountain:\n\nSpotify:            https://kgs.link/music-spotify\nSoundcloud:   https://kgs.link/music-soundcloud\nBandcamp:     https://kgs.link/music-bandcamp\nYoutube:          https://kgs.link/music-youtube\nFacebook:       https://kgs.link/music-facebook\n\nThe Soundtrack of this video:\n\nSoundcloud:\u00a0https://bit.ly/2tDtHA1\nBandcamp:\u00a0https://bit.ly/2Gg8crD\nYoutube:\u00a0https://bit.ly/2CZ6PeN\nFacebook:\u00a0http://bit.ly/2qW6bY4 \n\n\n\ud83d\udc26\ud83d\udc27\ud83d\udc24 PATREON BIRD ARMY \ud83d\udc24\ud83d\udc27\ud83d\udc26\n\u2580\u2580\u2580\u2580\u2580\u2580\u2580\u2580\u2580\u2580\u2580\u2580\u2580\u2580\u2580\u2580\u2580\u2580\u2580\u2580\u2580\u2580\u2580\u2580\u2580\u2580\nMany Thanks to our wonderful Patreons from http://kgs.link/patreon who support us every month and made this video possible:\n\nKeelan Rose, Devesh Dhole, Olof Pettersson, Hung Doan, Amelia Puteri, Michele Brusutti, Dan Mangiarelli, Benjamin Lambert, Tom, Masoom Kumar, Abdulrahman Aljurbua, Nathan Benton, Evan Viljoen, Rahul Razdan, Benjamin LaCara, Simon Navarro, Mario Hermes, Chlo\u00e9 Nicole, H\u00e5vard Skjold, Deon Naude, FloweroftheForest, Finn Fleischer, Ron Kakar, Iryan, Chris W., Dominic Nadeau, Sriram Kannan, Guy Butler, Titus Taylor, Baraka Peterman, Rob Bos, Andrew McCandliss, Kathryn Meyer, Marty Galinskas, Itay Levi, Kyle Smith, Lara, James Wood, Erik Welander, Arklur, S\u00f6ren, Dennis Swiercinsky, Ike Saunders, Filippo Cona, Vancey Le, Pavel Schweizer, Igor Petrushevskiy, Goran Niksic, Richard Hai, Ellis Choy, Jason Meredith, Jack Bennett, nathan hatfield, Edward Liu, Matthew Hwang, Joseph Siler, Jonathan Schultz, Sterling Bates, Shiran, Billy Jameson, Raanan Fickler, Simon Marois, Jared, Luca Privitera, Andrew Hodgson, Alex Moore, Domiepotato, Jason Seah, Luca Steeb, Eddie Pettis, Adolfo Puertas, Tobias Henriksson, Hugo Leonardi, Leo August, Alex Denor, David Platte, Jean-Manuel Izaret, Rico Jasper, Tyler Mckenna, Jayson Domingo, Kevin Stoodt, Moritz Hegmann, Alex Paden, Bread Bread, Dan, George Papadopoulos, Ben Patterson, Ahmed Elmesmary, Theoldfiend ., Vincent Dinger, Realistic Management, Mike H, SUBSCOPE, hb0, Dayan, Steven Paz, Ralph, John Underwood, Cory Matt, Heytun, Simon Sardeson-Coe, YILDIZ KABARAN, Henry Furman, es", "link": "https://www.youtube.com/watch?v=oakWgLqCwUc", "date_published": "2020-01-26 00:00:00+00:00", "persistent": false, "user": null, "language": "en-US"}]