[{"source": "https://www.youtube.com/feeds/videos.xml?channel_id=UC-2JUs_G21BrJ0efehwGkUw", "title": "Gravity | John Mayer | funk cover ft. Shoshana Bean", "description": "Patreon: http://modal.scarypocketsfunk.com/patreon\nStore: https://www.scarypocketsfunk.com\nListen on Spotify: http://modal.scarypocketsfunk.com/spotify\n\nTip Jar: http://modal.scarypocketsfunk.com/tips\nInstagram: http://modal.scarypocketsfunk.com/instagram\nFacebook: http://modal.scarypocketsfunk.com/facebook\nDiscord: http://modal.scarypocketsfunk.com/discord\nSubscribe: http://modal.scarypocketsfunk.com/subscribe\n\nA cover of John Mayer's \"Gravity\" by Scary Pockets.\n\nCREDITS\nLead vocal: Shoshana Bean\nKeys: Jack Conte\nGuitar: Ryan Lerman\nGuitar: Mason Stoops\nDrums: Nisan Stewart\nBass: Tim Lefebvre\n\nRecording Engineer: Caleb Parker\nMixing/Mastering: Caleb Parker\nCinematography/Editing: Ricky Chavez\nArt Design: Corey Lubowich\n\nRecorded Live in Los Angeles, CA. \n\nWatch more videos! \nScary Pockets: https://youtube.com/playlist?list=PLL3xcB0B80KV06T2lqZhG5zUZuwojwuex&playnext=1 \n90s Hits Funkified: https://youtube.com/playlist?list=PLL3xcB0B80KX25RsNBxJeuiO0YuJNWH46&playnext=1 \nScary Goldings: https://youtube.com/playlist?list=PLL3xcB0B80KWCRIVdgwL5ayqAczyccWNW&playnext=1 \nMost Popular: https://youtube.com/playlist?list=PLL3xcB0B80KWzWR4-NxRrmRDwAnZfEXXr&playnext=1\u00a0\n\nAbout Scary Pockets \nWe are Scary Pockets, a funk band that releases weekly music videos, in pursuit of the funk. Scary Pockets is Ryan Lerman and Jack Conte, with the help and support from a rotating roster of the best session musicians in the LA area. Make sure to subscribe and enable ALL notifications!\u00a0\n\n#ScaryPockets #Funk #Gravity #JohnMayer", "link": "https://www.youtube.com/watch?v=b8gCRHbK71E", "date_published": "2020-01-27 00:00:00+00:00", "persistent": false, "user": null, "language": "en-US"}]