[{"source": "https://www.theguardian.com/rss", "title": "Promising Young Woman review \u2013 Carey Mulligan ignites fiery #MeToo revenge tale", "description": "<p>An electrifying lead performance papers over some of the more cartoonish cracks in a timely, darkly comic thriller about a woman on a mission </p><p>There aren\u2019t many films at this year\u2019s Sundance film festival that boast a premise quite as tantalising as that of Promising Young Woman, a candy-coloured yet darkly themed comic thriller. It goes like this: Cassie (Carey Mulligan) spends her weekends feigning close-to-blackout drunk behaviour in order to lure guys who see her as easy prey, to see how far they\u2019re willing to go sexually with someone unable to provide consent. The ones who fail? The ones who continue to push despite the fact that she is pulling back? Well, something horrible awaits ...</p><p> <span>Related: </span><a href=\"https://www.theguardian.com/film/2020/jan/26/shirley-review-elisabeth-moss-literary-psychodrama\">Shirley review \u2013 Elisabeth Moss anchors darkly compelling literary psychodrama</a> </p> <a href=\"https://www.theguardian.com/film/2020/jan/26/promising-young-woman-carey-mulligan-sundance-metoo\">Continue reading...</a>", "link": "https://www.theguardian.com/film/2020/jan/26/promising-young-woman-carey-mulligan-sundance-metoo", "date_published": "2020-01-26 23:49:19+00:00", "persistent": false, "user": null, "language": "en-UK"}, {"source": "https://www.theguardian.com/rss", "title": "Kobe Bryant: NBA legend dies in helicopter crash at age of 41", "description": "<ul><li>Star\u2019s daughter, Gianna, also among victims of crash</li><li><a href=\"https://www.theguardian.com/sport/live/2020/jan/26/kobe-bryant-helicopter-crash-latest-news-nba-star-live-updates\">Basketball star dead in crash \u2013 follow latest</a></li><li><a href=\"https://www.theguardian.com/sport/gallery/2020/jan/26/kobe-bryant-a-life-in-pictures\">Kobe Bryant: a life in pictures</a><br /></li></ul><p>Kobe Bryant, one of the greatest basketball players of all time, has died in a helicopter crash. He was 41.</p><p>Bryant was on board the helicopter along with eight others when it crashed at 10am local time near Calabasas, 30 miles north-west of downtown Los Angeles, in foggy weather. The crash ignited brushfires, making it hard for rescue crews to get close to the site. <a href=\"https://twitter.com/LASDHQ/status/1221514409056432128\">There were no reported survivors</a>, and although authorities did not confirm the identity of any of the victims, Bryant\u2019s 13-year-old daughter, Gianna, is also believed to have died in the crash. Bryant had lived in the area for most of his life and often used helicopters to beat Los Angeles\u2019s heavy traffic.</p> <a href=\"https://www.theguardian.com/sport/2020/jan/26/kobe-bryant-helicopter-crash-death-nba-los-angeles-lakers\">Continue reading...</a>", "link": "https://www.theguardian.com/sport/2020/jan/26/kobe-bryant-helicopter-crash-death-nba-los-angeles-lakers", "date_published": "2020-01-26 23:38:24+00:00", "persistent": false, "user": null, "language": "en-UK"}, {"source": "https://www.theguardian.com/rss", "title": "Child found alive as Turkey earthquake rescue winds down", "description": "<p>\u2018Get my daughter, I am nothing without my kid,\u2019 woman cries out as death toll hit 38<br /></p><p>A young child and her mother have been pulled out alive from under a collapsed building as Turkey began <a href=\"https://www.theguardian.com/world/2020/jan/24/multiple-fatalities-as-earthquake-hits-eastern-turkey\">winding down its rescue operation</a> following an earthquake that killed at least 38 people.</p><p>The 6.8-magnitude quake struck in eastern Turkey on Friday evening, killing 34 people in El\u00e2z\u0131\u011f province and four in the neighbouring province of Malatya. More than 1,600 others were hurt, Turkey\u2019s AFAD disaster authority said.</p> <a href=\"https://www.theguardian.com/world/2020/jan/26/child-found-alive-as-turkey-earthquake-rescue-winds-down\">Continue reading...</a>", "link": "https://www.theguardian.com/world/2020/jan/26/child-found-alive-as-turkey-earthquake-rescue-winds-down", "date_published": "2020-01-26 22:31:21+00:00", "persistent": false, "user": null, "language": "en-UK"}, {"source": "https://www.theguardian.com/rss", "title": "Keir Starmer: only a federal UK 'can repair shattered trust in politics'", "description": "<p>Labour leadership frontrunner calls for new powers for England, Scotland, Wales and Northern Ireland after Brexit</p><p>Keir Starmer, the Labour leadership frontrunner, has called for a fully federal UK, devolving power to the nations and regions of England, Scotland, Wales and Northern Ireland after Brexit.</p><p>The shadow Brexit secretary said only a new federal structure for the UK could \u201crepair the shattered trust in politics\u201d, <a href=\"https://www.theguardian.com/politics/2019/dec/13/nicola-sturgeon-to-demand-powers-for-scottish-independence-referendum\">amid growing clamour in Scotland for another independence referendum.</a></p> <a href=\"https://www.theguardian.com/politics/2020/jan/26/rebecca-long-bailey-calls-for-greater-powers-for-scotland-and-wales\">Continue reading...</a>", "link": "https://www.theguardian.com/politics/2020/jan/26/rebecca-long-bailey-calls-for-greater-powers-for-scotland-and-wales", "date_published": "2020-01-26 22:31:07+00:00", "persistent": false, "user": null, "language": "en-UK"}, {"source": "https://www.theguardian.com/rss", "title": "Fast-track 'global talent visa' to be launched days after Brexit", "description": "<p>Boris Johnson\u2019s scheme to attract scientists dismissed by Lib Dems as \u2018gimmick\u2019</p><p>The government has announced it will launch a \u201cglobal talent visa\u201d on 20 February to encourage scientists, researchers and mathematicians to come to the UK, with no limit on how many people can be accepted.</p><p>In addition, <a href=\"https://www.theguardian.com/politics/boris-johnson\">Boris Johnson</a> said he was making available a \u00a3300m package for research into advanced mathematics. It will double funding for new PhDs and boost the number of maths fellowships and research projects.</p> <a href=\"https://www.theguardian.com/uk-news/2020/jan/26/fast-track-global-talent-visa-brexit\">Continue reading...</a>", "link": "https://www.theguardian.com/uk-news/2020/jan/26/fast-track-global-talent-visa-brexit", "date_published": "2020-01-26 22:30:34+00:00", "persistent": false, "user": null, "language": "en-UK"}, {"source": "https://www.theguardian.com/rss", "title": "Lewis Ludlam packed and ready for an England chance against France", "description": "The Northampton flanker did not unpack his kit bag after the World Cup to remind him of his England goals, and his enthusiasm could be rewarded with a starting role in Paris<p>The Six Nations is fast approaching and, for someone, so is a massive opportunity. With the unfortunate Billy Vunipola out of contention following <a href=\"https://www.theguardian.com/sport/2020/jan/19/billy-vunipola-eddie-jones-six-nations\" title=\"\">his latest broken arm</a>, there is a big hole in England\u2019s back row to face France in Paris on Sunday and Eddie Jones now faces a slightly tricky decision.</p><p>Does he simply shunt the energetic Tom Curry across from the blindside and redeploy, say, Maro Itoje or Courtney Lawes at six? Alternatively, does he take more of a gamble and include Saracens\u2019 highly promising young back-rower Ben Earl alongside Curry and Sam Underhill? Or does he go another way and keep faith with Northampton\u2019s Lewis Ludlam, whose positive attitude impressed everyone at last autumn\u2019s World Cup?</p> <a href=\"https://www.theguardian.com/sport/2020/jan/26/lewis-ludlam-england-france-six-nations\">Continue reading...</a>", "link": "https://www.theguardian.com/sport/2020/jan/26/lewis-ludlam-england-france-six-nations", "date_published": "2020-01-26 22:00:34+00:00", "persistent": false, "user": null, "language": "en-UK"}, {"source": "https://www.theguardian.com/rss", "title": "Win the Wilderness: Alaska review \u2013 someone will get eaten alive here, surely?", "description": "<p>Grizzled residents and grizzly bears stand in the way of six couples and a brand new home, in this bizarre reality show that\u2019s like The Apprentice meets Bear Grylls<br /></p><p>Thirty-five years ago, Duane Ose walked for 15 days through the Alaskan wilderness until he found the right spot. Next to a mountain, he claimed five acres of land under the US Homestead Act. He and his wife, Rena, then built a three-storey home from 7,000 spruce trees, despite, you would think, planning objections from local residents (bears).</p><p>They have lived there ever since, 100 miles from the nearest road, without fibre-optic broadband or rubbish collections, but with each other 24/7. Neither has been bumped off by a bear nor, more astoundingly, each other.</p> <a href=\"https://www.theguardian.com/tv-and-radio/2020/jan/26/win-the-wilderness-alaska-review-someone-will-get-eaten-alive-here-surely\">Continue reading...</a>", "link": "https://www.theguardian.com/tv-and-radio/2020/jan/26/win-the-wilderness-alaska-review-someone-will-get-eaten-alive-here-surely", "date_published": "2020-01-26 22:00:34+00:00", "persistent": false, "user": null, "language": "en-UK"}, {"source": "https://www.theguardian.com/rss", "title": "Coronavirus: 100,000 may already be infected, experts warn", "description": "<p>UK government urged to reassure public that NHS is ready for cases within days</p><p>About 100,000 people could be infected with the new coronavirus around the world, experts have warned, as the UK government faced calls to reassure people that the NHS is ready to deal with any British cases within days.</p><p>Prof Neil Ferguson, a public health expert at Imperial College, said his \u201cbest guess\u201d was that there were 100,000 affected by the virus even though there are only 2,000 confirmed cases so far, mostly in the city of Wuhan in China <a href=\"https://www.theguardian.com/world/2020/jan/26/wuhan-residents-keep-wary-eye-on-each-other-during-lockdown\">where the virus first appeared</a>.</p> <a href=\"https://www.theguardian.com/science/2020/jan/26/coronavirus-could-infect-100000-globally-experts-warn\">Continue reading...</a>", "link": "https://www.theguardian.com/science/2020/jan/26/coronavirus-could-infect-100000-globally-experts-warn", "date_published": "2020-01-26 21:47:51+00:00", "persistent": false, "user": null, "language": "en-UK"}, {"source": "https://www.theguardian.com/rss", "title": "Starwatch: find a sliver of moon,  guided by brilliant Venus", "description": "<p>Enjoy the beauty of a tiny young crescent moon as it approaches conjunction with Venus, the brightest planet</p><p>Observers in both hemispheres have the opportunity to see an extremely thin crescent moon this evening and tomorrow. Such tiny lunar slivers are extraordinarily beautiful but often hard to locate. Although this one takes place in the constellation of Aquarius, the water bearer, which is notoriously devoid of bright stars to act as wayfinders, <a href=\"https://www.theguardian.com/science/venus\">Venus</a>, the brightest planet, is helpfully on hand to guide our view. From London, look south-west this evening. The chart shows the view at 18:00GMT. From Sydney, look due south. The moon will be lower than Venus and just 7% of its surface will be illuminated. If you do not manage to catch a glimpse of the moon tonight then don\u2019t worry, tomorrow is also good. Over the next 24 hours, the moon will have drawn level with Venus in the sky, and 13% of its surface will now be illuminated. Given clear skies, this conjunction is really worth making the effort to see. It will be a picture perfect end to the first month of the year.</p> <a href=\"https://www.theguardian.com/science/2020/jan/26/starwatch-find-a-sliver-of-moon-guided-by-brilliant-venus\">Continue reading...</a>", "link": "https://www.theguardian.com/science/2020/jan/26/starwatch-find-a-sliver-of-moon-guided-by-brilliant-venus", "date_published": "2020-01-26 21:30:33+00:00", "persistent": false, "user": null, "language": "en-UK"}, {"source": "https://www.theguardian.com/rss", "title": "Kobe Bryant: a life in pictures", "description": "<p>A look back at one of the most storied careers in NBA history, <a href=\"https://www.theguardian.com/sport/2020/jan/26/kobe-bryant-helicopter-crash-death-nba-los-angeles-lakers\">following the death of the former LA Lakers basketball player in a helicopter crash</a></p> <a href=\"https://www.theguardian.com/sport/gallery/2020/jan/26/kobe-bryant-a-life-in-pictures\">Continue reading...</a>", "link": "https://www.theguardian.com/sport/gallery/2020/jan/26/kobe-bryant-a-life-in-pictures", "date_published": "2020-01-26 21:06:11+00:00", "persistent": false, "user": null, "language": "en-UK"}, {"source": "https://www.theguardian.com/rss", "title": "J\u00fcrgen Klopp to field Liverpool youngsters in Shrewsbury replay", "description": "<p>\u2022 \u2018Players need this time off\u2019 says manager after FA Cup draw<br />\u2022 Klopp praises Shrewsbury\u2019s team and crowd after comeback</p><p>J\u00fcrgen Klopp did not seek to make excuses after his side were <a href=\"https://www.theguardian.com/football/2020/jan/26/shrewsbury-liverpool-fa-cup-fourth-round-match-report\" title=\"\">held in the FA Cup by League One Shrewsbury</a>, though he did indicate that the date of the replay will be a problem for Liverpool, as senior players have been given time off for a winter break.</p><p>\u201cWe intend to honour the original idea of the break,\u201d the Liverpool manager said. \u201cWe have respect for the players\u2019 welfare and they need this time off. We got a letter from the authorities in April last year asking us not to organise anything during the week of the break and we haven\u2019t. We have given the players the time off, and some are going away. They will still be keeping fit, but they do not have to play football that week and they do not have to come in to Melwood.\u201d</p> <a href=\"https://www.theguardian.com/football/2020/jan/26/jurgen-klopp-liverpool-shrewsbury-replay\">Continue reading...</a>", "link": "https://www.theguardian.com/football/2020/jan/26/jurgen-klopp-liverpool-shrewsbury-replay", "date_published": "2020-01-26 20:18:13+00:00", "persistent": false, "user": null, "language": "en-UK"}, {"source": "https://www.theguardian.com/rss", "title": "Ben Jennings on Brexit day being Britain's quarantine day \u2013 cartoon", "description": "<a href=\"https://www.theguardian.com/commentisfree/picture/2020/jan/26/ben-jennings-on-brexit-day-being-britains-quarantine-day-cartoon\">Continue reading...</a>", "link": "https://www.theguardian.com/commentisfree/picture/2020/jan/26/ben-jennings-on-brexit-day-being-britains-quarantine-day-cartoon", "date_published": "2020-01-26 20:00:31+00:00", "persistent": false, "user": null, "language": "en-UK"}, {"source": "https://www.theguardian.com/rss", "title": "What comes next at Trump's impeachment trial?", "description": "<ul><li>President\u2019s defense team makes its main argument on Monday<br /></li><li>Ken Starr, who prosecuted Bill Clinton, is now defending Trump</li></ul><p>The <a href=\"https://www.theguardian.com/us-news/trump-impeachment\">impeachment trial</a> of <a href=\"https://www.thegdian.com/us-news/hdonaldtrump\">Donald Trump</a> resumes on Monday with the president\u2019s defence team\u2019s main presentations in the US Senate. Here\u2019s what\u2019s coming up:</p><p><strong>Monday</strong>: Donald Trump has no plans to appear at his own impeachment trial. His defence team will begin their main arguments today, after a short curtain-raiser at the weekend. <a href=\"https://www.theguardian.com/us-news/2020/jan/17/ken-starr-alan-dershowitz-trump-impeachment-legal-team\">Ken Starr</a>, who <a href=\"https://www.theguardian.com/world/1998/nov/18/clinton.usa\">prosecuted</a> the case against <a href=\"https://www.theguardian.com/us-news/clinton\">Bill Clinton</a> at his impeachment trial (in which Clinton was acquitted), is now a presidential defender and could begin his presentation as early as today.</p> <a href=\"https://www.theguardian.com/us-news/2020/jan/26/trump-impeachment-trial-senate-what-comes-next\">Continue reading...</a>", "link": "https://www.theguardian.com/us-news/2020/jan/26/trump-impeachment-trial-senate-what-comes-next", "date_published": "2020-01-26 19:50:54+00:00", "persistent": false, "user": null, "language": "en-UK"}, {"source": "https://www.theguardian.com/rss", "title": "Coronavirus's ability to spread getting stronger, China suggests", "description": "<p>Officials announce new measures to contain disease, including wildlife trade ban and bus suspensions</p><p>New and tougher restrictions on movement and the trade in wild animals are to be imposed in China to try to contain the pneumonia outbreak caused by a new coronavirus, the country\u2019s health commission minister has said, warning that the virus was showing greater potential to pass from one person to another, possibly before symptoms show.</p><p>\u201cThe transmissibility shows signs of increasing,\u201d said Ma Xiaowei on Sunday, but he added that much was still unknown about the virus.</p> <a href=\"https://www.theguardian.com/science/2020/jan/26/china-bans-long-distance-buses-from-entering-three-cities-to-contain-coronavirus-spread\">Continue reading...</a>", "link": "https://www.theguardian.com/science/2020/jan/26/china-bans-long-distance-buses-from-entering-three-cities-to-contain-coronavirus-spread", "date_published": "2020-01-26 19:15:24+00:00", "persistent": false, "user": null, "language": "en-UK"}, {"source": "https://www.theguardian.com/rss", "title": "Solskj\u00e6r thanks Tranmere goalkeeper for firing up Manchester United", "description": "<p>\u2022 Scott Davies gave a critical pre-match interview <br />\u2022 United thrashed their League One opponents 6-0</p><p>Ole Gunnar Solskj\u00e6r sarcastically thanked the Tranmere goalkeeper, Scott Davies, for firing up his Manchester United players ahead of their emphatic FA Cup fourth-round victory at Prenton Park.</p><p> <span>Related: </span><a href=\"https://www.theguardian.com/football/2020/jan/26/tranmere-rovers-manchester-united-fa-cup-fourth-round-match-report\">Solskj\u00e6r finds FA Cup respite as Manchester United hit Tranmere for six</a> </p> <a href=\"https://www.theguardian.com/football/2020/jan/26/manchester-united-ole-gunnar-solskjaer-tranmere-fa-cup\">Continue reading...</a>", "link": "https://www.theguardian.com/football/2020/jan/26/manchester-united-ole-gunnar-solskjaer-tranmere-fa-cup", "date_published": "2020-01-26 19:09:11+00:00", "persistent": false, "user": null, "language": "en-UK"}, {"source": "https://www.theguardian.com/rss", "title": "Auschwitz survivor who had an impact | Letters", "description": "In a London hospital near the end of her life, <strong>Denise Fluskey\u2019s</strong> mother, a Holocaust survivor, came face to face with a doctor she had made a big impression on when she spoke at his school<p>My mother, Esther Brunstein, was a survivor of the \u0141\u00f3d\u017a ghetto, Auschwitz and Bergen-Belsen. She spoke at the official opening of the Holocaust galleries in the Imperial War Museum, and at the first Holocaust Memorial Day in this country in Westminster Hall, London.</p><p>She died three years ago. She spoke and wrote extensively and beautifully about her experiences, but I wish to pay tribute to her with this anecdote.</p> <a href=\"https://www.theguardian.com/world/2020/jan/26/auschwitz-survivor-who-had-an-impact\">Continue reading...</a>", "link": "https://www.theguardian.com/world/2020/jan/26/auschwitz-survivor-who-had-an-impact", "date_published": "2020-01-26 19:01:03+00:00", "persistent": false, "user": null, "language": "en-UK"}, {"source": "https://www.theguardian.com/rss", "title": "Cow & Gate and Tesco recall baby food over tampering fears", "description": "<p>Cow &amp; Gate products sold by other supermarkets or retailers are not affected</p><p>Cow &amp; Gate and <a href=\"https://www.theguardian.com/business/tesco\">Tesco</a> are recalling 15 types of baby food jars as a precautionary measure owing to fears that some jars may have been tampered with.</p><p>The recall involves food for children aged seven months and over that is sold in Tesco stores in the UK. No other Cow &amp; Gate, Tesco or other baby foods have been affected, the companies said in a joint statement.</p> <a href=\"https://www.theguardian.com/business/2020/jan/26/cow-gate-and-tesco-recall-baby-food-over-tampering-fears\">Continue reading...</a>", "link": "https://www.theguardian.com/business/2020/jan/26/cow-gate-and-tesco-recall-baby-food-over-tampering-fears", "date_published": "2020-01-26 18:55:15+00:00", "persistent": false, "user": null, "language": "en-UK"}, {"source": "https://www.theguardian.com/rss", "title": "Saudi Arabia\u2019s crown prince urgently needs an adult in the room | Nesrine Malik", "description": "Mohammed bin Salman\u2019s antics are making it hard for western allies to paint his country as a competent regional partner<p>There\u2019s a famous scene from The Dark Knight in which the Joker gives a rare insight into why he does his disruptive, anarchic things. \u201cI\u2019m like a dog chasing cars,\u201d he says, \u201cI wouldn\u2019t know what to do if I caught one, you know, I just do \u2026 things.\u201d There is a certain Middle Eastern prince whose actions can be most accurately explained by this philosophy. A combination of an indulged upbringing, complete unaccountability and vast sovereign wealth has created in Saudi crown prince Mohammed bin Salman (commonly known as MBS) a sort of anarchic, comic-book villain.</p><p>There was the botched murder of the journalist <a href=\"https://www.theguardian.com/world/jamal-khashoggi\" title=\"\">Jamal Khashoggi</a>, whose killing not only occurred in a bugged embassy but one where CCTV caught his murderers (who had used their real passports, with their real names) attempting to use a body double in his clothes. But the latest instalment is the allegation that MBS <a href=\"https://www.theguardian.com/technology/2020/jan/21/amazon-boss-jeff-bezoss-phone-hacked-by-saudi-crown-prince\" title=\"\">hacked Jeff Bezos\u2019s phone</a> via a link sent on a WhatsApp message, and extracted a mass of personal information. With no attempt at subtlety or covering his tracks, MBS targeted the world\u2019s richest person. We may have MBS to thank for the leak of Bezos\u2019s messages to his lover, a leak that was then reportedly followed by attempts to blackmail the Amazon chief.</p> <a href=\"https://www.theguardian.com/commentisfree/2020/jan/26/saudi-crown-prince-mohammed-bin-salman-mbs-needs-adult-room\">Continue reading...</a>", "link": "https://www.theguardian.com/commentisfree/2020/jan/26/saudi-crown-prince-mohammed-bin-salman-mbs-needs-adult-room", "date_published": "2020-01-26 18:51:46+00:00", "persistent": false, "user": null, "language": "en-UK"}, {"source": "https://www.theguardian.com/rss", "title": "UK's smart motorways to be reviewed after huge rise in near-misses", "description": "<p>BBC Panorama study shows increase on M25 from 72 to 1,485 in five years since conversion</p><p>Britain\u2019s network of smart motorways \u2013 where drivers can use the hard shoulder \u2013 is being urgently reviewed by the government after it was discovered that it resulted in 20 times more near-misses on the M25 London ring road alone. </p><p>The death toll on stretches of smart or managed motorways has reached 38 in the last five years, including many in accidents that motoring organisations believe were avoidable after breakdowns.</p> <a href=\"https://www.theguardian.com/politics/2020/jan/26/uks-smart-motorways-to-be-reviewed-after-increase-in-near-misses\">Continue reading...</a>", "link": "https://www.theguardian.com/politics/2020/jan/26/uks-smart-motorways-to-be-reviewed-after-increase-in-near-misses", "date_published": "2020-01-26 18:39:08+00:00", "persistent": false, "user": null, "language": "en-UK"}, {"source": "https://www.theguardian.com/rss", "title": "The Guardian view on Holocaust Memorial Day: as necessary as ever | Editorial", "description": "The horrors of Auschwitz and other Nazi death camps will soon be lost to living memory. But the recent rise in xenophobic nationalism underlines the need never to forget<p>Four years after the liberation of the largest Nazi extermination camp, on 27 January 1945, the German philosopher Theodor Adorno <a href=\"https://books.google.co.uk/books/about/Prisms.html?id=f1y_dX04yBgC\" title=\"\">observed</a>: \u201cTo write poetry after Auschwitz is barbaric.\u201d He came to revise that view, along with its implication that a kind of silence was perhaps the only possible response to the horror of the Holocaust. Later, he wrote that \u201cperennial suffering has as much right to expression as a tortured man to scream\u201d.</p><p>Survivor testimony has always been crucial in keeping alive the memory of a unique episode of human depravity. The courage and mental fortitude of those who have borne witness to the industrialised murder of 6 million Jews has played a vital role in helping inoculate European societies against the virus of antisemitism. But that era of witness is coming to an end. During the last five years, almost <a href=\"https://www.nytimes.com/2020/01/25/world/europe/auschwitz-liberation-75th-anniversary.html\" title=\"\">half the remaining survivors</a> have passed away. On Monday, some 120 Holocaust survivors from around the world will attend a ceremony to commemorate the 75th anniversary of the Red Army\u2019s arrival at the gates of Auschwitz; it is likely to be the last gathering of its kind at a significant anniversary.</p> <a href=\"https://www.theguardian.com/commentisfree/2020/jan/26/the-guardian-view-on-holocaust-memorial-day-as-necessary-as-ever\">Continue reading...</a>", "link": "https://www.theguardian.com/commentisfree/2020/jan/26/the-guardian-view-on-holocaust-memorial-day-as-necessary-as-ever", "date_published": "2020-01-26 18:36:24+00:00", "persistent": false, "user": null, "language": "en-UK"}, {"source": "https://www.theguardian.com/rss", "title": "Statistics watchdog criticises UK rail passenger survey", "description": "<p>Office for Statistics Regulation says biannual poll does not reflect people\u2019s experience <br /><br /><a href=\"https://www.theguardian.com/uk-news/2020/jan/26/northern-rail-to-be-renationalised-and-some-beeching-closures-reversed\">\u2022 Northern rail to be renationalised</a></p><p>A national survey of rail passengers that has guided UK decisions on rail franchising for two decades has been condemned in a highly critical report by the statistics regulator.</p><p>The Office for Statistics Regulation said the <a href=\"https://www.transportfocus.org.uk/research-publications/research/national-passenger-survey-introduction/\">national </a><a href=\"https://www.transportfocus.org.uk/research-publications/research/national-passenger-survey-introduction/\">rail </a><a href=\"https://www.transportfocus.org.uk/research-publications/research/national-passenger-survey-introduction/\">passenger </a><a href=\"https://www.transportfocus.org.uk/research-publications/research/national-passenger-survey-introduction/\">survey</a> (NRPS) was not yet fit to be designated as an official national statistic.</p> <a href=\"https://www.theguardian.com/uk-news/2020/jan/26/statistics-watchdog-criticises-uk-national-rail-passenger-survey\">Continue reading...</a>", "link": "https://www.theguardian.com/uk-news/2020/jan/26/statistics-watchdog-criticises-uk-national-rail-passenger-survey", "date_published": "2020-01-26 18:20:07+00:00", "persistent": false, "user": null, "language": "en-UK"}, {"source": "https://www.theguardian.com/rss", "title": "Northern rail to be renationalised \u2013 and some Beeching closures could reopen", "description": "<p>Transport secretary due to announce this week decision to terminate Northern\u2019s franchise</p><p><a href=\"https://www.theguardian.com/uk-news/2020/jan/26/statistics-watchdog-criticises-uk-national-rail-passenger-survey\">\u2022 Watchdog criticises UK rail passenger survey</a></p><p>Ministers will pledge to reopen closed rail lines in the north this week as the government prepares to renationalise the failed Northern franchise.</p><p>The promise of hundreds of millions in investment to restore some lines axed in the Beeching closures in the early 1960s will come at about the same time as the expected announcement of the termination of the Northern franchise, operated by Arriva. </p> <a href=\"https://www.theguardian.com/uk-news/2020/jan/26/northern-rail-to-be-renationalised-and-some-beeching-closures-reversed\">Continue reading...</a>", "link": "https://www.theguardian.com/uk-news/2020/jan/26/northern-rail-to-be-renationalised-and-some-beeching-closures-reversed", "date_published": "2020-01-26 18:01:57+00:00", "persistent": false, "user": null, "language": "en-UK"}, {"source": "https://www.theguardian.com/rss", "title": "Chris Woakes\u2019s quiet winter revival offers England hopeful pointers | Chris Stocks", "description": "Improvement with ball has gone under the radar but recent displays suggest his struggles overseas are behind him<p>When the awards are handed out at the end of this series victory for England in South Africa, Chris Woakes is unlikely to be at the front of the queue. Yet this ultimate team man probably would not have it any other way.</p><p>While Ben Stokes, Mark Wood, Jofra Archer and the rest of England\u2019s big names rack up thousands of column inches, Woakes flies under the radar, plying his trade without ego in the quiet pursuit of excellence.</p> <a href=\"https://www.theguardian.com/sport/2020/jan/26/chris-woakes-england-winter-revival-overseas\">Continue reading...</a>", "link": "https://www.theguardian.com/sport/2020/jan/26/chris-woakes-england-winter-revival-overseas", "date_published": "2020-01-26 18:00:29+00:00", "persistent": false, "user": null, "language": "en-UK"}, {"source": "https://www.theguardian.com/rss", "title": "Grenfell inquiry to restart with statements from private firms", "description": "<p>Concerns inquiry could descend into \u2018blame game\u2019 among those involved in construction, design and cladding</p><p>The companies which wrapped Grenfell Tower in combustible cladding will finally face public scrutiny when the inquiry into the loss of 72 lives restarts this week.</p><p>About 200,000 unseen documents, from private emails to phone transcripts and commercial agreements, will be released during 18 months of hearings examining decisions taken in the months and years before the fire, its immediate aftermath and the role of the UK government. Some of the evidence are expected to contain explosive revelations.</p> <a href=\"https://www.theguardian.com/uk-news/2020/jan/26/grenfell-inquiry-to-restart-with-statements-from-private-firms\">Continue reading...</a>", "link": "https://www.theguardian.com/uk-news/2020/jan/26/grenfell-inquiry-to-restart-with-statements-from-private-firms", "date_published": "2020-01-26 17:50:46+00:00", "persistent": false, "user": null, "language": "en-UK"}, {"source": "https://www.theguardian.com/rss", "title": "Third man arrested over death of footballer Jordan Sinnott", "description": "<p>Matlock Town player was found unconscious after being attacked on night out in Retford</p><p>A third man has been arrested over the death of a non-league footballer who died after being attacked during a night out.</p><p>Jordan Sinnott, who played on loan at Matlock Town, was found unconscious in Retford in Nottinghamshire at about 2am on Saturday.</p> <a href=\"https://www.theguardian.com/uk-news/2020/jan/26/third-man-arrested-death-footballer-jordan-sinnott-matlock-town\">Continue reading...</a>", "link": "https://www.theguardian.com/uk-news/2020/jan/26/third-man-arrested-death-footballer-jordan-sinnott-matlock-town", "date_published": "2020-01-26 17:45:52+00:00", "persistent": false, "user": null, "language": "en-UK"}, {"source": "https://www.theguardian.com/rss", "title": "Boris Johnson either doesn\u2019t have a grip on Grenfell - or he doesn\u2019t care | Seraphima Kennedy", "description": "The fact the prime minister saw no conflict of interest in Benita Mehra\u2019s appointment to the inquiry shows his indifference<p>It is a scandal that should never have happened. The second phase of the Grenfell Tower inquiry opens tomorrow, after the exposure of a conflict of interest that was not resolved until families threatened to withdraw from the process. The appointment of engineer <a href=\"https://www.theguardian.com/uk-news/2020/jan/16/benita-mehra-grenfell-inquiry-boris-johnson-appoints-engineer-with-links-to-cladding-firm\" title=\"\">Benita Mehra</a> to the inquiry panel, linked as she was to the cladding firm Arconic, undermined trust and could have left the inquiry\u2019s phase 2 findings open to legal challenge. Mehra has now resigned.</p><p>Yet there are still serious questions to answer about the government\u2019s appointment process to the inquiry panel, the due diligence carried out by the prime minister, and the initial failure to reverse the appointment once the conflict was exposed in the Guardian. \u201cThe government should never have put families in this situation,\u201d said Grenfell United, the group representing many bereaved and survivors. \u201cThey failed to carry out basic checks and understand the importance and sensitivities around a fair and proper process.\u201d</p> <a href=\"https://www.theguardian.com/commentisfree/2020/jan/26/boris-johnson-grenfell-inquiry-benita-mehra\">Continue reading...</a>", "link": "https://www.theguardian.com/commentisfree/2020/jan/26/boris-johnson-grenfell-inquiry-benita-mehra", "date_published": "2020-01-26 17:39:48+00:00", "persistent": false, "user": null, "language": "en-UK"}, {"source": "https://www.theguardian.com/rss", "title": "Coronavirus threatens World Indoor Athletics championships in Nanjing", "description": "\u2022 World Athletics confirms talks with World Health Organization<br />\u2022 Asian Athletics Association cancels Hangzhoux championships<p>Doubts are growing over whether the World Indoor Athletics championships will be staged in Nanjing in March after China\u2019s leader Xi Jinping warned of the \u201caccelerating spread\u201d of the coronavirus in the country.</p><p>On Sunday the Asian Athletics Association announced it was cancelling its Indoor Championships, which were due to take place in Hangzhou \u2013 600km from Wuhan \u2013 on 12 and 13 February because of the virus, leading to increasing speculation within athletics circles that the World Indoors is also under threat.</p> <a href=\"https://www.theguardian.com/sport/2020/jan/26/coronavirus-threatens-world-indoor-athletics-championships-in-nanjing\">Continue reading...</a>", "link": "https://www.theguardian.com/sport/2020/jan/26/coronavirus-threatens-world-indoor-athletics-championships-in-nanjing", "date_published": "2020-01-26 16:23:44+00:00", "persistent": false, "user": null, "language": "en-UK"}, {"source": "https://www.theguardian.com/rss", "title": "Warren falls behind in Iowa but wins coveted newspaper endorsement", "description": "<ul><li>Des Moines Register: Warren is \u2018the president this nation needs\u2019<br /></li><li>Sanders emerges as frontrunner in Iowa and New Hampshire</li></ul><p><br /><a href=\"https://www.theguardian.com/us-news/bernie-sanders\">Bernie Sanders</a> emerged as the frontrunner in the two earliest Democratic <a href=\"https://www.theguardian.com/us-news/us-elections-2020\">2020</a> nomination voting states this weekend, Iowa and New Hampshire, according to the latest polls \u2013 but <a href=\"https://www.theguardian.com/us-news/elizabeth-warren\">Elizabeth Warren</a> received a powerful boost with an endorsement from the Des Moines Register newspaper in what is still considered an open race.</p><p>Warren had been slipping behind in Iowa, which holds the first vote in the nation with its caucuses just a week a way on 3 February, but the Register this weekend named her \u201cthe president this nation needs\u201d.</p> <a href=\"https://www.theguardian.com/us-news/2020/jan/26/elizabeth-warren-wins-coveted-iowa-newspaper-endorsement\">Continue reading...</a>", "link": "https://www.theguardian.com/us-news/2020/jan/26/elizabeth-warren-wins-coveted-iowa-newspaper-endorsement", "date_published": "2020-01-26 16:16:23+00:00", "persistent": false, "user": null, "language": "en-UK"}, {"source": "https://www.theguardian.com/rss", "title": "Shirley review \u2013 Elisabeth Moss anchors darkly compelling literary psychodrama", "description": "<p>A perversely entertaining take on a brief period of Shirley Jackson\u2019s life gives the star one of her most daring roles to date</p><p>As willfully unconventional as a literary portrait could possibly be, Madeline\u2019s Madeline director Josephine Decker\u2019s take on Shirley Jackson is a thrillingly perverse example of what happens when the shackles of biopic formula are cast aside. Based on Shirley: A Novel, the acclaimed book from Susan Scarf Merrell, Shirley tells of a fictitious dynamic, an imagined period where a younger couple moved in with Jackson and her husband, but weaves in known details about the reclusive horror writer\u2019s life and personality. It\u2019s a strange construction but one that feels fitting given what we know of her, a woman who found reality and the rules that came with it to be rather pedestrian. It\u2019s as unusual a film as she was an author and one imagines she\u2019d get a devious kick out of the dark places the film takes us to.</p><p> <span>Related: </span><a href=\"https://www.theguardian.com/film/2020/jan/26/worth-review-michael-keaton-911-drama\">Worth review \u2013 Michael Keaton excels in powerful 9/11 drama</a> </p> <a href=\"https://www.theguardian.com/film/2020/jan/26/shirley-review-elisabeth-moss-literary-psychodrama\">Continue reading...</a>", "link": "https://www.theguardian.com/film/2020/jan/26/shirley-review-elisabeth-moss-literary-psychodrama", "date_published": "2020-01-26 16:12:34+00:00", "persistent": false, "user": null, "language": "en-UK"}, {"source": "https://www.theguardian.com/rss", "title": "How to take care of a pulled muscle", "description": "<p>From minor strains to more serious injuries, rest and the right exercises will usually get you back on your feet and on the path to recovery</p><p>Most strains you get day-to-day or doing recreational sport are mild to moderate, and they tend to heal really well on their own. If it\u2019s just a little bit sore with some swelling, give it a few days\u2019 rest then get back to your daily routine \u2013 not necessarily running, if that\u2019s how you sprained it, but the sooner you start the rehab process by using the muscle again, the better.</p><p>If it was a calf injury, for example, two days later you might start doing some calf raises \u2013 just raising your heel off the floor from standing or sitting. The <a href=\"https://www.nhs.uk/live-well/exercise/strength-exercises/\" title=\"\">NHS website</a> has resources for strengthening exercises that are generally reliable. Within two weeks, you would probably be back to full strength.</p> <a href=\"https://www.theguardian.com/lifeandstyle/2020/jan/26/how-to-take-care-of-a-pulled-muscle\">Continue reading...</a>", "link": "https://www.theguardian.com/lifeandstyle/2020/jan/26/how-to-take-care-of-a-pulled-muscle", "date_published": "2020-01-26 16:00:27+00:00", "persistent": false, "user": null, "language": "en-UK"}, {"source": "https://www.theguardian.com/rss", "title": "Fire-eaters and a wax Trump: the weekend's best photos", "description": "<p>The Guardian\u2019s picture editors select photo highlights from around the world</p> <a href=\"https://www.theguardian.com/news/gallery/2020/jan/26/fire-eaters-airborne-kangaroos-and-a-wax-trump-the-weekends-best-photos\">Continue reading...</a>", "link": "https://www.theguardian.com/news/gallery/2020/jan/26/fire-eaters-airborne-kangaroos-and-a-wax-trump-the-weekends-best-photos", "date_published": "2020-01-26 15:50:25+00:00", "persistent": false, "user": null, "language": "en-UK"}, {"source": "https://www.theguardian.com/rss", "title": "Netanyahu hopes to 'make history' during White House visit", "description": "<p>Israeli prime minister to travel to US for unveiling of Donald Trump\u2019s Middle East peace plan</p><p>The Israeli prime minister, Benjamin Netanyahu, has said he hopes to \u201cmake history\u201d during his upcoming visit to the White House for the unveiling of Donald Trump\u2019s Middle East peace plan.</p><p>Addressing his cabinet before departing for the US, Netanyahu described the current environment, characterised by close ties with Trump, as a once-in-a-lifetime opportunity that Israel should \u201cnot miss\u201d.</p> <a href=\"https://www.theguardian.com/world/2020/jan/26/netanyahu-hopes-to-make-history-during-white-house-visit-donald-trump-middle-east\">Continue reading...</a>", "link": "https://www.theguardian.com/world/2020/jan/26/netanyahu-hopes-to-make-history-during-white-house-visit-donald-trump-middle-east", "date_published": "2020-01-26 15:43:45+00:00", "persistent": false, "user": null, "language": "en-UK"}, {"source": "https://www.theguardian.com/rss", "title": "The scandal of the \u00a320bn bailout to slave-owning Brits", "description": "<p>In 1833, Britain took out a loan to compensate slave owners \u2013 only recently paid off. Juliet Gilkes Romero reveals the shameful history that inspired her play The Whip</p><p>\u2018This gives me goosebumps,\u201d says playwright <a href=\"https://www.julietgilkesromero.co.uk/\">Juliet Gilkes Romero</a>. We\u2019re looking at a sign offering a two-guinea reward for Peter, a runaway \u201cnegro manservant\u201d. Gilkes Romero marvels at this lost figure from the 19th century, whose plight is chronicled in the <a href=\"https://www.museumoflondon.org.uk/museum-london-docklands\">Museum of London Docklands</a>. \u201cWho was Peter?\u201d she says. \u201cWhere did he go?\u201d</p><p>Gilkes Romero\u2019s work pursues the history that falls through the cracks. After exploring the first world war\u2019s Caribbean soldiers (<a href=\"https://www.julietgilkesromero.co.uk/portfolio/at-the-gates-of-gaza/\">At the Gates of Gaza</a>) and Mexican disappearances (<a href=\"https://www.julietgilkesromero.co.uk/portfolio/day-of-the-living/\">Day of the Living</a>), her new play for the Royal Shakespeare Company excavates the messy alliances that produced Britain\u2019s slavery abolition legislation in the early 19th century, in particular a bill compensating slave owners for their loss of human property.</p> <a href=\"https://www.theguardian.com/stage/2020/jan/26/juliet-gilkes-romero-the-whip\">Continue reading...</a>", "link": "https://www.theguardian.com/stage/2020/jan/26/juliet-gilkes-romero-the-whip", "date_published": "2020-01-26 15:00:26+00:00", "persistent": false, "user": null, "language": "en-UK"}, {"source": "https://www.theguardian.com/rss", "title": "The hair wellness industry: 'Men said they would rather have a small penis than go bald'", "description": "<p>Is the wave of new companies selling products for hair loss providing a much-needed service \u2013 or simply cashing in on men\u2019s insecurities?</p><p>Spencer Stevenson was blessed with thick hair as a young man. He was handsome, too, with blue eyes and a dimpled chin. \u201cThey used to call me the Hoff,\u201d the 44-year-old property manager recalls, referring to the former Baywatch actor and 90s pinup David Hasselhoff.</p><p>Then, when he was 21, Stevenson\u2019s hairline began to recede and it made him so anxious and depressed that he became a near-recluse. \u201cIt was a constant drain on my personality,\u201d he says. When he shaved off his thinning hair, the celebrity comparisons became less flattering: \u201cThey called me Grant Mitchell.\u201d</p> <a href=\"https://www.theguardian.com/lifeandstyle/2020/jan/26/the-hair-wellness-industry-men-said-they-would-rather-have-a-small-penis-than-go-bald\">Continue reading...</a>", "link": "https://www.theguardian.com/lifeandstyle/2020/jan/26/the-hair-wellness-industry-men-said-they-would-rather-have-a-small-penis-than-go-bald", "date_published": "2020-01-26 15:00:25+00:00", "persistent": false, "user": null, "language": "en-UK"}, {"source": "https://www.theguardian.com/rss", "title": "Health secretary to investigate allegations of women denied epidurals", "description": "<p>Matt Hancock \u2018concerned\u2019 by reports of pain relief refused during childbirth by NHS trusts</p><p>The health secretary, Matt Hancock, has promised to investigate allegations that some women are denied pain-relieving spinal injections during childbirth.</p><p>NHS guidelines say that women in labour can ask for pain relief at any time and should be given information and support to choose what is right for them. Epidural blocks, injected into the area around the spine, are highly effective, but they have to be given by an anaesthetist in an obstetric unit. They can lead to a drop in blood pressure in up to 14% of women, so close monitoring is important.</p> <a href=\"https://www.theguardian.com/society/2020/jan/26/health-secretary-to-investigate-allegations-of-women-denied-epidurals-nhs-matt-hancock\">Continue reading...</a>", "link": "https://www.theguardian.com/society/2020/jan/26/health-secretary-to-investigate-allegations-of-women-denied-epidurals-nhs-matt-hancock", "date_published": "2020-01-26 14:15:11+00:00", "persistent": false, "user": null, "language": "en-UK"}, {"source": "https://www.theguardian.com/rss", "title": "Reynhard Sinaga victim: 'I thought I might have killed him'", "description": "<p>Student fought back after waking during assault and was treated by police as a suspect</p><p>The student who exposed the serial rapist Reynhard Sinaga has said he feared he had killed him after he woke and fought back when he found he was being abused.</p><p>Sinaga, 36, was <a href=\"https://www.theguardian.com/uk-news/2020/jan/06/reynhard-sinaga-jailed-life-drugging-raping-men-manchester\">jailed this month</a> for a minimum of 30 years for 136 rapes against dozens of young men in Manchester. Police believe he would have carried on offending had one of his victims not woken up during an attack and called 999.</p> <a href=\"https://www.theguardian.com/uk-news/2020/jan/26/reynhard-sinaga-victim-i-thought-i-might-have-killed-him\">Continue reading...</a>", "link": "https://www.theguardian.com/uk-news/2020/jan/26/reynhard-sinaga-victim-i-thought-i-might-have-killed-him", "date_published": "2020-01-26 14:15:00+00:00", "persistent": false, "user": null, "language": "en-UK"}, {"source": "https://www.theguardian.com/rss", "title": "Schoolboy Q review \u2013 South Central energy with a nod to Kendrick", "description": "<p><strong>Academy, Glasgow<br /></strong>LA rapper Quincy Hanley was a Black Hippy with Kendrick Lamar, but with this focused act of easy hooks he\u2019s in no mood to feel eclipsed</p><p>If there\u2019s a name that Quincy Hanley, AKA <a href=\"https://www.theguardian.com/music/2016/dec/15/schoolboy-q-review-la-brixton-academy-london-kendrick-lamar\">Schoolboy Q</a>, could justifiably feel tired of hearing in connection with his own then it\u2019s that of <a href=\"https://www.theguardian.com/music/2018/apr/22/kendrick-lamar-wins-pulitzer-prize-damn-album\">Kendrick Lamar</a>, a fellow founder member of west coast supergroup Black Hippy, who has since become a global superstar. Yet it\u2019s <a href=\"https://www.theguardian.com/music/2012/nov/01/kendrick-lamar-good-kid-review\">Lamar\u2019s M</a><a href=\"https://www.theguardian.com/music/2012/nov/01/kendrick-lamar-good-kid-review\">A</a><a href=\"https://www.theguardian.com/music/2012/nov/01/kendrick-lamar-good-kid-review\">A</a><a href=\"https://www.theguardian.com/music/2012/nov/01/kendrick-lamar-good-kid-review\">D City</a> that the DJ plays to prime the crowd before the South Central LA rapper rolls on stage to the quaking <a href=\"https://www.youtube.com/watch?v=cr8SmnFWw44\">Gang Gang</a>, suggesting that Hanley feels neither eclipsed by his friend\u2019s successes nor incapable of rising to them. Hanley\u2019s raps still lack the gravitas and invention to do that \u2013 rooted as most of his rhymes are in the trite gangster stuff of drugs, guns and girls for hire. But his easy way with a hook never lets him down, and his performance is energetic and focused in an atmosphere enhanced by the <a href=\"https://www.theguardian.com/society/2018/may/28/what-is-cbd-cannabidiol-cannabis-medical-uses\">omnipresent pong of CBD oil</a>.</p><p>\u201cMy shirt\u2019s drenched with sweat!\u201d Hanley proclaims after shimmying hard in oppressive heat to his old-school ode to being a school-age gang member <a href=\"https://www.youtube.com/watch?v=Iuq9XK6tojs\">John Muir</a>. He should have spared a thought for the two men in black with paper bags on their heads propped sternly unmoving on stools behind him for the show\u2019s entire 75 minutes \u2013 a nod to the artwork for his latest album, Crash Talk. Think a surrealist answer to Public Enemy\u2019s security personnel S1Ws.</p> <a href=\"https://www.theguardian.com/music/2020/jan/26/schoolboy-q-review-south-central-la-rapper-quincy-hanley-academy-glasgow\">Continue reading...</a>", "link": "https://www.theguardian.com/music/2020/jan/26/schoolboy-q-review-south-central-la-rapper-quincy-hanley-academy-glasgow", "date_published": "2020-01-26 14:06:50+00:00", "persistent": false, "user": null, "language": "en-UK"}, {"source": "https://www.theguardian.com/rss", "title": "Birmingham Islamic school sues Ofsted after being failed for leaflet", "description": "<p>Birchfield girls\u2019 school rated inadequate after inspectors find \u2018inflammatory\u2019 leaflet from 1994</p><p>An Islamic school in Birmingham has mounted a legal challenge against Ofsted after it was failed by the watchdog over a 25-year-old leaflet.</p><p>Ofsted rated Birchfield independent girls\u2019 school in Aston as \u201cinadequate\u201d after inspectors found an \u201cinflammatory\u201d leaflet about a 1994 Islamic conference in the library.</p> <a href=\"https://www.theguardian.com/education/2020/jan/26/birmingham-islamic-school-sues-ofsted-after-being-failed-for-leaflet-birchfield-girls-inadequate\">Continue reading...</a>", "link": "https://www.theguardian.com/education/2020/jan/26/birmingham-islamic-school-sues-ofsted-after-being-failed-for-leaflet-birchfield-girls-inadequate", "date_published": "2020-01-26 13:59:18+00:00", "persistent": false, "user": null, "language": "en-UK"}, {"source": "https://www.theguardian.com/rss", "title": "Calls for Grenfell Tower inquiry to change way it deals with families", "description": "<p>Chairman urged to put them at centre of process after panellist quits in conflict-of-interest row</p><p>The chair of the Grenfell Tower public inquiry is facing calls to change how he deals with survivors and the bereaved when hearings restart, after a bruising conflict-of-interest row resulted in the resignation of a key panellist.</p><p>Grenfell United, which represents the majority of those who escaped the fire and lost loved ones, urged Sir Martin Moore-Bick to \u201cbring this process back to putting families at the centre\u201d. </p> <a href=\"https://www.theguardian.com/uk-news/2020/jan/26/calls-for-grenfell-tower-inquiry-change-way-deals-with-families\">Continue reading...</a>", "link": "https://www.theguardian.com/uk-news/2020/jan/26/calls-for-grenfell-tower-inquiry-change-way-deals-with-families", "date_published": "2020-01-26 13:28:11+00:00", "persistent": false, "user": null, "language": "en-UK"}, {"source": "https://www.theguardian.com/rss", "title": "'I see it as a chance to finally say goodbye': Auschwitz survivors tell their stories", "description": "<p>Five survivors who will return for Monday\u2019s liberation ceremony recall their experiences at the Nazi death camp</p><p>Five survivors of Auschwitz, one of whom is returning for the first time since her incarceration, have told their stories to the Guardian to mark the 75th anniversary of the liberation of the Nazi extermination camp, which is being commemorated on Monday.</p><p>Aged in their late-80s to mid-90s, they are among the last of just a few hundred remaining survivors, and told their stories from their homes in Melbourne, Montreal, Frankfurt, Berlin, and Esslingen, Switzerland.</p> <a href=\"https://www.theguardian.com/world/2020/jan/26/i-see-it-as-a-chance-to-finally-say-goodbye-auschwitz-survivors-tell-their-stories\">Continue reading...</a>", "link": "https://www.theguardian.com/world/2020/jan/26/i-see-it-as-a-chance-to-finally-say-goodbye-auschwitz-survivors-tell-their-stories", "date_published": "2020-01-26 13:22:27+00:00", "persistent": false, "user": null, "language": "en-UK"}, {"source": "https://www.theguardian.com/rss", "title": "Identify your accelerator \u2013 and four other ways to have more sex with your partner", "description": "Make time for it, discuss your new ideas for the bedroom \u2013 and learn the difference between spontaneous and responsive desire<p>The No 1 tip from sex therapists and educators for couples who want to have more sex is to consciously make time for it \u2013 don\u2019t leave it to chance. You wouldn\u2019t leave going to the cinema with a friend to chance, says the psychosexual counsellor Nicola Buchanan. \u201cYou would plan and find what works for both of you. We need to put some time aside to reconnect and create the opportunity for sex.\u201d Murray Blacket, another psychosexual therapist registered with the College of Sexual and Relationship Therapists (COSRT), suggests that couples with flexible working patterns could both choose the same day to work from home. \u201cCheeky, yes, but couples who work from home together by all accounts get up to no good together, too.\u201d</p> <a href=\"https://www.theguardian.com/lifeandstyle/2020/jan/26/identify-your-accelerator-and-four-other-ways-to-have-more-sex-with-your-partner\">Continue reading...</a>", "link": "https://www.theguardian.com/lifeandstyle/2020/jan/26/identify-your-accelerator-and-four-other-ways-to-have-more-sex-with-your-partner", "date_published": "2020-01-26 13:00:23+00:00", "persistent": false, "user": null, "language": "en-UK"}, {"source": "https://www.theguardian.com/rss", "title": "\u2018Beales is part of our history\u2019: shoppers on landmark store\u2019s woes", "description": "<p>Bournemouth residents react with disbelief as much-loved retailer goes into administration<br /></p><p>Edna Southworth and Lis Gray were clutching half-price bedclothes and duvets as they left the Beales department store in Bournemouth. But their mood was melancholy rather than triumphant.</p><p>\u201cI\u2019ve been shopping here for 50 years,\u201d said Gray. \u201cIt\u2019s always been the store to come to. It will be such a shame if it vanished from this street and a disaster for the town centre. Our generation grew up with stores like this. They\u2019re a big part of our lives.\u201d</p> <a href=\"https://www.theguardian.com/business/2020/jan/26/beales-is-part-of-our-history-shoppers-on-landmark-stores-woes\">Continue reading...</a>", "link": "https://www.theguardian.com/business/2020/jan/26/beales-is-part-of-our-history-shoppers-on-landmark-stores-woes", "date_published": "2020-01-26 11:51:51+00:00", "persistent": false, "user": null, "language": "en-UK"}, {"source": "https://www.theguardian.com/rss", "title": "Priti Patel: UK taking 'all the precautions' regarding coronavirus", "description": "<p>Home secretary says all options being looked at regarding more than 200 Britons stuck in Wuhan</p><ul><li><a href=\"https://www.theguardian.com/science/live/2020/jan/26/coronavirus-outbreak-death-toll-rises-to-54-as-canada-confirms-first-case\">Coronavirus latest news \u2013 live</a></li></ul><p>Priti Patel has suggested the government is looking at the option of airlifting UK citizens from the Chinese city of Wuhan that has been hit by the coronavirus.</p><p>When asked about reports that Dominic Raab, the foreign secretary, was considering an evacuation of more than 200 Britons trapped in the city, the home secretary said the UK was \u201clooking at all the options\u201d.</p> <a href=\"https://www.theguardian.com/politics/2020/jan/26/priti-patel-uk-coronavirus-precautions-wuhan\">Continue reading...</a>", "link": "https://www.theguardian.com/politics/2020/jan/26/priti-patel-uk-coronavirus-precautions-wuhan", "date_published": "2020-01-26 11:04:16+00:00", "persistent": false, "user": null, "language": "en-UK"}, {"source": "https://www.theguardian.com/rss", "title": "Meet the super humans", "description": "<p>Imagine being able to remember everything or feeling no pain. Four people with extraordinary abilities reveal how their superpower has shaped their lives</p> <a href=\"https://www.theguardian.com/society/2020/jan/26/meet-the-super-humans-four-people-describe-their-extraordinary-powers\">Continue reading...</a>", "link": "https://www.theguardian.com/society/2020/jan/26/meet-the-super-humans-four-people-describe-their-extraordinary-powers", "date_published": "2020-01-26 11:00:21+00:00", "persistent": false, "user": null, "language": "en-UK"}, {"source": "https://www.theguardian.com/rss", "title": "Thatcher and Reagan week is latest skirmish in Bolsonaro's culture wars", "description": "<p>A Brazil government-funded research institute is to celebrate the 80s conservative icons \u2013 a move denounced as \u2018pure propaganda\u2019</p><p>Conservatives and culture warriors in Brazil have expressed delight after one of the country\u2019s most celebrated research institutes announced plans to host a Margaret Thatcher and Ronald Reagan week later this year.</p><p>But critics view the event as yet another attempt by the government of far-right President Jair Bolsonaro to impose conservative and Christian influences on the country\u2019s top academic and cultural institutions.</p> <a href=\"https://www.theguardian.com/world/2020/jan/26/brazil-bolsonaro-thatcher-reagan-week\">Continue reading...</a>", "link": "https://www.theguardian.com/world/2020/jan/26/brazil-bolsonaro-thatcher-reagan-week", "date_published": "2020-01-26 10:30:37+00:00", "persistent": false, "user": null, "language": "en-UK"}, {"source": "https://www.theguardian.com/rss", "title": "'Mexico has become Trump's wall': how Amlo became an immigration enforcer", "description": "<p>The Mexican president, who once called for safe passage for migrants, has taken on a new role \u2013 and allies have followed suit</p><p>When a group of Central American families forded the Suchiate River into Mexico last week, they were greeted by a wall of national guardsmen who locked riot shields and fired teargas into the crowd.</p><p>Questioned about the incident, Mexico\u2019s president, Andr\u00e9s Manuel L\u00f3pez Obrador, dismissed it as \u201can isolated case\u201d and said such scenes were \u201cnot the style of this government\u201d.</p> <a href=\"https://www.theguardian.com/world/2020/jan/26/mexico-immigration-amlo-enforcement-trump\">Continue reading...</a>", "link": "https://www.theguardian.com/world/2020/jan/26/mexico-immigration-amlo-enforcement-trump", "date_published": "2020-01-26 10:00:20+00:00", "persistent": false, "user": null, "language": "en-UK"}, {"source": "https://www.theguardian.com/rss", "title": "Laurence Fox is the hero we deserve \u2013 and I have just the role for him", "description": "<p>A long-neglected anti-feminist fantasy franchise could be just the thing to capitalise on the actor\u2019s truth-speaking notoriety</p><p>The actor and pop singer Laurence Fox achieved peak Laurence Fox this month after <a href=\"https://www.theguardian.com/tv-and-radio/2020/jan/18/question-time-clash-lecturer-tells-of-hate-mail\" title=\"\">explaining racism to a black female academic</a>, <a href=\"https://twitter.com/LozzaFox/status/1218980084360581127\" title=\"\">photographing carrots sarcastically</a>, <a href=\"https://metro.co.uk/2020/01/21/laurence-fox-gets-history-lesson-sikh-troops-died-britain-wwi-12096944/\" title=\"\">doubting the existence of some Sikhs</a>, fraternising with the Cumming-trumpets of the <em>Today</em> programme, and <a href=\"https://www.independent.co.uk/arts-entertainment/tv/news/laurence-fox-woke-women-victims-white-privilege-sexual-assault-a9290696.html\" title=\"\">warning women under 35 of all races</a> that he would withhold the bounty of his coveted white penis from their hungry vaginas unless they held their disagreeable tongues, even if they got on their knees and begged.</p><p>Fox has been described, often unfairly, as many things in the past two weeks: a brave freedom fighter, <a href=\"https://www.theguardian.com/music/2020/jan/21/laurence-fox-less-chelsea-hotel-travelodge-privilege\" title=\"\">a musician</a>, a privileged white male, an actor, a denier of Sikhs, and a teller of uncomfortable truths to a world where \u201cthe light has been turned down on the age of reason\u201d, though admittedly by Fox himself. But Fox may be about to be best known to millions in his new role as the Earthman warrior-poet Fox Gardener, the Minstrel of Gor.</p> <a href=\"https://www.theguardian.com/commentisfree/2020/jan/26/laurence-fox-actor-fantasy-film-gor-stewart-lee\">Continue reading...</a>", "link": "https://www.theguardian.com/commentisfree/2020/jan/26/laurence-fox-actor-fantasy-film-gor-stewart-lee", "date_published": "2020-01-26 10:00:20+00:00", "persistent": false, "user": null, "language": "en-UK"}, {"source": "https://www.theguardian.com/rss", "title": "Steve McQueen: \u2018It\u2019s all about the truth, nothing but the truth. End of'", "description": "<p>First he was a Turner prize-winning artist, then a Oscar-winning film director. Now, with a knighthood and a Tate Modern retrospective, he explains why he\u2019s still angry \u2013 and still searching</p><p>Back in 2001, seven years before he directed his first feature film, Steve McQueen made <a href=\"https://www.thomasdanegallery.com/artists/45-steve-mcqueen/works/10424/\" title=\"\">7th Nov</a>, an installation that features in his <a href=\"https://www.tate.org.uk/whats-on/tate-modern/exhibition/steve-mcqueen\" title=\"\">forthcoming Tate Modern retrospective</a>. Visually, it is his most minimalist work: a projection of a single still photograph of the crown of a reclining man\u2019s head, which is bisected by a long, curving scar. And yet it possesses a visceral charge that unsettles more than any other piece that will be in the exhibition. That power rests in the accompanying monologue in which McQueen\u2019s cousin, Marcus, recounts in brutally graphic detail the terrible events of the day he accidentally shot and killed his own brother.</p><p>7th Nov can be seen in retrospect as a signal of what was to come as McQueen made the transition from artist to director, creating acclaimed feature films that merged formal rigour with a narrative style that is often unflinching in its depiction of human endurance.</p> <a href=\"https://www.theguardian.com/culture/2020/jan/26/steve-mcqueen-interview-tate-modern-retrospective\">Continue reading...</a>", "link": "https://www.theguardian.com/culture/2020/jan/26/steve-mcqueen-interview-tate-modern-retrospective", "date_published": "2020-01-26 10:00:20+00:00", "persistent": false, "user": null, "language": "en-UK"}, {"source": "https://www.theguardian.com/rss", "title": "\u2018Floating feedlots\u2019: animals spending weeks at sea on ships not fit for purpose", "description": "<p>Animal welfare put at risk on old and \u2018inferior\u2019 converted car carriers and cargo ships that are not built to transport livestock</p><p>The live export trade carrying millions of sheep and cattle across the seas each year is plagued by \u201cold\u201d and \u201cinferior\u201d ships that are a threat to animal welfare, claims a leading shipping company.<br /><br />Livestock carriers are a key part of the multibillion dollar live export industry, dominated by Australia, South America and Europe. In 2017, almost 2 billion <a href=\"https://www.theguardian.com/environment/2020/jan/20/two-billion-and-rising-the-global-trade-in-live-animals-in-eight-charts\">animals were exported</a> in a trade worth $21bn (\u00a315bn), with a significant proportion travelling by sea.</p><p>But most of the ships are old car carriers or other former cargo ships, rather than purpose-built vessels that can meet higher standards of animal welfare, said Wellard, one of the world\u2019s largest livestock exporters, based in Australia.</p> <a href=\"https://www.theguardian.com/environment/2020/jan/26/floating-feedlots-animals-spending-weeks-at-sea-on-ships-not-fit-for-purpose\">Continue reading...</a>", "link": "https://www.theguardian.com/environment/2020/jan/26/floating-feedlots-animals-spending-weeks-at-sea-on-ships-not-fit-for-purpose", "date_published": "2020-01-26 10:00:19+00:00", "persistent": false, "user": null, "language": "en-UK"}, {"source": "https://www.theguardian.com/rss", "title": "Medieval treasures uncovered \u2013 from the sludge of a London cesspit", "description": "Forks, pendants and wine jugs shine a light on city life in the Middle Ages<p>It is said that one person\u2019s trash is another\u2019s treasure. The discovery by archaeologists of a huge cesspit containing medieval artefacts under one of London\u2019s finest historic buildings is proving the case.</p><p>Up to 100 objects, largely dating from the 14th and 15th centuries, have been retrieved from sticky, greenish sludge in a four-metre-deep pit beneath the <a href=\"https://www.theguardian.com/education/courtauldinstitute\" title=\"\">Courtauld Institute of Art</a> at Somerset House.</p> <a href=\"https://www.theguardian.com/uk-news/2020/jan/26/medieval-treasures-sludge-cesspit-london\">Continue reading...</a>", "link": "https://www.theguardian.com/uk-news/2020/jan/26/medieval-treasures-sludge-cesspit-london", "date_published": "2020-01-26 09:45:19+00:00", "persistent": false, "user": null, "language": "en-UK"}, {"source": "https://www.theguardian.com/rss", "title": "Revealed: the \u00a312bn bill for scrapping high-speed rail link", "description": "As Boris Johnson assesses project, Tory mayor for West Midlands warns of political cost of scrapping it<p>Scrapping the HS2 rail project will cost at least \u00a312 billion in write-offs and compensation and plunge major construction companies into financial peril, ministers are being warned.</p><p>Sources close to the beleaguered scheme told the <em>Observer</em> that extra costs of \u00a33bn-\u00a34bn would be incurred even if it were scrapped immediately. \u00a39bn has been spent already. With the issue causing tension inside the Conservative party, Whitehall insiders said that Boris Johnson could <a href=\"https://www.theguardian.com/uk-news/2020/jan/15/hs2-supporters-fear-boris-johnson-plans-to-scrap-part-of-rail-project\" title=\"\">decide on the fate of the project</a> as soon as this week as concerns grow that costs are spiralling out of control. Billions have already been spent on the first leg of the line linking Birmingham and London.</p> <a href=\"https://www.theguardian.com/uk-news/2020/jan/25/dump-hs2-and-pay-billions-more-boris-johnson-andy-street\">Continue reading...</a>", "link": "https://www.theguardian.com/uk-news/2020/jan/25/dump-hs2-and-pay-billions-more-boris-johnson-andy-street", "date_published": "2020-01-26 09:37:00+00:00", "persistent": false, "user": null, "language": "en-UK"}, {"source": "https://www.theguardian.com/rss", "title": "How scammers take advantage of stressed-out taxpayers", "description": "Panic creates a perfect hunting ground for fraudsters when the self-assessment tax deadline looms<p>As the self-assessment tax return deadline looms this week, the pressure is on for millions of self-employed workers and business owners. Getting the paperwork in on time is an annual headache \u2013 and that pressure may make them more susceptible to scams.</p><p>In the last year, HMRC has received 900,000 reports of suspicious phone calls, texts and emails \u2013 most promising tax rebates. And they are becoming more sophisticated and increasingly convincing.</p> <a href=\"https://www.theguardian.com/money/2020/jan/26/hmrc-tax-scams-fraud-warnings\">Continue reading...</a>", "link": "https://www.theguardian.com/money/2020/jan/26/hmrc-tax-scams-fraud-warnings", "date_published": "2020-01-26 09:00:18+00:00", "persistent": false, "user": null, "language": "en-UK"}, {"source": "https://www.theguardian.com/rss", "title": "\u2018Talk less, do more\u2019: World Jewish Congress leader\u2019s call to halt antisemitism", "description": "Ronald Lauder\u2019s Auschwitz memorial address will demand action against a rising tide of hatred<p>The president of the World Jewish Congress has accused leaders of contributing to the \u201cdrip, drip method\u201d of spreading antisemitism, comparing it to the defamation campaigns that culminated in the Holocaust.</p><p>Ahead of the <a href=\"https://www.theguardian.com/world/2020/jan/12/auschwitz-gates-hell-75-years-on\" title=\"\">75th anniversary</a> on Mondayof the liberation of the Nazi death camp at Auschwitz-Birkenau, Ronald Lauder said that governments spent too much time talking about the dangers of antisemitism and not enough time tackling it.</p> <a href=\"https://www.theguardian.com/world/2020/jan/26/auschwitz-memorial-ronald-lauder-world-jewish-congress-call-to-halt-antisemitism\">Continue reading...</a>", "link": "https://www.theguardian.com/world/2020/jan/26/auschwitz-memorial-ronald-lauder-world-jewish-congress-call-to-halt-antisemitism", "date_published": "2020-01-26 08:43:18+00:00", "persistent": false, "user": null, "language": "en-UK"}, {"source": "https://www.theguardian.com/rss", "title": "Why should Keir Starmer step aside? His rivals have few feminist credentials | Catherine Bennett", "description": "Being a woman in itself isn\u2019t enough to lead Labour \u2013 it\u2019s the record and policies that count<p>After Margaret <a href=\"https://www.theguardian.com/politics/2013/apr/08/margaret-thatcher-political-phenomenon-dies\" title=\"\">Thatcher\u2019s death in 2013</a>, important Labour voices explained absolutely no value attached to her allegedly symbolic achievements as a female leader.</p><p>Glenda Jackson implicitly rebuked <a href=\"https://www.theguardian.com/politics/blog/2013/apr/10/margaret-thatcher-mps-pay-tribute-live\" title=\"\">Ed Miliband</a>, who had noted of Thatcher that \u201cat each stage of her life, she broke the mould\u201d, becoming \u201cthe only woman in the cabinet when she was appointed in 1970; and, of course, the first woman prime minister\u201d.</p> <a href=\"https://www.theguardian.com/commentisfree/2020/jan/26/why-should-keir-starmer-aside---his-rivals-have-few-feminist-credentials\">Continue reading...</a>", "link": "https://www.theguardian.com/commentisfree/2020/jan/26/why-should-keir-starmer-aside---his-rivals-have-few-feminist-credentials", "date_published": "2020-01-26 08:30:18+00:00", "persistent": false, "user": null, "language": "en-UK"}, {"source": "https://www.theguardian.com/rss", "title": "Bill Nighy: \u2018It takes me a long time to recover if I see myself on screen'", "description": "<p>Famous for his languid charm, Bill Nighy is anything but relaxed. He talks acting, anxiety \u2013 and the dreadful challenge of casual dressing</p><p>The first time I interviewed <a href=\"https://www.theguardian.com/film/bill-nighy\" title=\"\">Bill Nighy</a> was in 2004. Sixteen years ago! He has barely changed. He is a remarkably consistent person, in taste and personality, and because of this, he seems ageless. Perhaps a little slimmer and greyer than he used to be, but that\u2019s it. His hair is styled in the same way it has been for several decades \u2013 longer on the top, slicked back from his forehead \u2013 and no matter what year, what month, what day you catch him, he will be dressed in what he calls \u201ca decent lounge suit\u201d, in navy, with appropriate shirt and shoes. Heavy-rimmed specs nestle in his pocket or on his nose.</p><p>As familiar as his outfit is his charm. Nighy is always charming, whether to fans, an interviewer, a waiter. We meet in a hotel bar around the corner from his apartment in Piccadilly and the first thing he does is inquire about me and <em>my</em> life. And he listens to the answer: a nice trait not evident in every successful actor. He bothers to entertain \u2013 his stories are delivered well, whether they\u2019re about famous people or someone he met out and about. He still works very hard \u2013 often making four or five films a year \u2013 and he takes pleasure in his job and is happy to talk about it. In fact, the only major change in Nighy in the years I\u2019ve known him is that he is no longer with his long-term partner, Diana Quick (they separated in 2008, after 28 years together). They remain on good terms and, he tells me, they had a jolly Christmas with lots of people around the table. His daughter, Mary, is married to a Frenchman. \u201cThere were charades,\u201d he says. \u201cWe sang the Marseillaise. It was great.\u201d</p> <a href=\"https://www.theguardian.com/global/2020/jan/26/bill-nighy-interview-emma-on-screen-anxiety-confidence-playlists-football-clothes\">Continue reading...</a>", "link": "https://www.theguardian.com/global/2020/jan/26/bill-nighy-interview-emma-on-screen-anxiety-confidence-playlists-football-clothes", "date_published": "2020-01-26 08:00:19+00:00", "persistent": false, "user": null, "language": "en-UK"}, {"source": "https://www.theguardian.com/rss", "title": "Love, loss and virtual memorials: my brother\u2019s digital legacy", "description": "<p>When Martyn Hett was killed in the Manchester terror attack, his online presence ensured his memory lived on. Dan Hett sifts through a prolific archive</p><p>When my phone used to light up with my younger brother\u2019s name, I always knew I could safely ignore it if I wanted to \u2013 whether it be a self-indulgent video of his latest attempt at Z-list fame or a harsh tweet about a celebrity I\u2019d never heard of. Whatever. I even coined a sarcastic hashtag when replying to him: #nobodycaresmartyn.</p><p>But then one nondescript morning in May 2017, my phone lit up with his name on all the notifications \u2013 hundreds of them \u2013 and there was no way I could ignore any of them.</p> <a href=\"https://www.theguardian.com/society/2020/jan/26/love-loss-and-virtual-memories-my-brothers-digital-legacy-manchester-terror-attacks\">Continue reading...</a>", "link": "https://www.theguardian.com/society/2020/jan/26/love-loss-and-virtual-memories-my-brothers-digital-legacy-manchester-terror-attacks", "date_published": "2020-01-26 08:00:18+00:00", "persistent": false, "user": null, "language": "en-UK"}, {"source": "https://www.theguardian.com/rss", "title": "The Personal History of David Copperfield review \u2013 Iannucci makes Dickens his own", "description": "<p>Armando Iannucci both respects and reinvents the novel in a wonderfully entertaining adaptation full to bursting with fantastic comic performances</p><p>Having found unexpected laughter in the historical horrors of <em><a href=\"https://www.theguardian.com/film/2017/oct/22/the-death-of-stalin-review-more-bleak-than-black-armando-iannucci\" title=\"\">The Death of Stalin</a></em>, <a href=\"https://www.theguardian.com/film/2019/dec/30/armando-iannucci-david-copperfield-loop-death-of-stalin\" title=\"\">Armando Iannucci</a> works comedic wonders with the labyrinthine twists and turns of Dickens\u2019s endlessly reinterpretable Victorian narrative. Astutely amplifying the absurdist \u2013 and remarkably modernist \u2013 elements of his source, Iannucci and co-writer Simon Blackwell conjure a surreal cinematic odyssey that is as accessible as it is intelligent and unexpected. At its heart lies a theatrical journey of self-discovery, in which our narrator (superbly played by the endlessly versatile Dev Patel) sets out to determine whether he is \u201cthe hero of my own story\u201d, struggling to make a name for himself (literally) as he strides through a vividly realised landscape of memory and invention.</p><p>We open with Copperfield on stage, commencing the recitation of his story before striding through a painted backdrop straight into the glowing landscape of East Anglia. It\u2019s a device that will be revisited as scenes fall away like tarpaulin backdrops and memories are projected on to walls, interspersed by handwritten chapter-headings. As with Michael Winterbottom\u2019s <em>Tristram Shandy</em> adaptation <em>A Cock &amp; Bull Story</em>, Iannucci plays inventively with the creative process, displaying a keen eye for visual storytelling as the adult Copperfield witnesses his own birth, comes face to face with his boyish younger self (a terrific performance by Ranveer Jaiswal), and learns to weave characters in and out of his life as he pens a \u201cwritten memory wherein loss and love live for ever side by side\u201d.</p> <a href=\"https://www.theguardian.com/film/2020/jan/26/the-personal-history-of-david-copperfield-review-armando-iannucci-dev-patel\">Continue reading...</a>", "link": "https://www.theguardian.com/film/2020/jan/26/the-personal-history-of-david-copperfield-review-armando-iannucci-dev-patel", "date_published": "2020-01-26 08:00:18+00:00", "persistent": false, "user": null, "language": "en-UK"}, {"source": "https://www.theguardian.com/rss", "title": "Vaporfly shoes will help me reach my marathon dream. Should I use them?", "description": "<p>After years of trying to beat the three-hour barrier, new technology could get me there. Or is that cheating?</p><p>My name is Jamie and I\u2019m a cheat. This is my confession.</p><p>As with most things today, the internet is largely to blame. Initially, I started exploring online forums, seeking others with my own niche interests. Much of the stuff was pretty hardcore. Some swore that regular doses of beetroot juice could boost my performance. Others suggested forgoing meat. Perhaps experimenting at altitude might help.</p> <a href=\"https://www.theguardian.com/lifeandstyle/2020/jan/26/vaporfly-shoes-marathon-dream-should-i-use-them-cheating\">Continue reading...</a>", "link": "https://www.theguardian.com/lifeandstyle/2020/jan/26/vaporfly-shoes-marathon-dream-should-i-use-them-cheating", "date_published": "2020-01-26 07:40:17+00:00", "persistent": false, "user": null, "language": "en-UK"}, {"source": "https://www.theguardian.com/rss", "title": "The big picture: Mick Jagger, the world's least likely wallflower", "description": "<p>Tony Curtis and Madonna leave the Rolling Stone in the corner in Dafydd Jones\u2019s photograph, taken at Vanity Fair\u2019s 1997 Oscars party</p><p><a href=\"https://www.dafjones.com/index\" title=\"\">Dafydd Jones</a> got his break as a photographer by capturing the excesses of the \u201cbright young things\u201d at Oxford in the 1980s \u2013 a decadent cast that included Hugh Grant and Nigella Lawson and prime ministers Cameron and Johnson. As a result, he was hired by Tina Brown as <em>Tatler</em>\u2019s society photographer, with an insider\u2019s eye for the edge between observation and satire. When Brown moved to New York in 1984 to edit <a href=\"https://www.theguardian.com/books/2017/nov/19/the-vanity-fair-diaries-review-tina-brown-balancing-act\" title=\"\"><em>Vanity Fair</em></a>, Jones moved too, in 1988.</p><p>Nearly a decade later, in 1997, he was sent to photograph <em>Vanity Fair</em>\u2019s annual Oscars bash by Brown\u2019s successor as editor, Graydon Carter. He was struggling to find a good image until he noticed Mick Jagger sitting by himself looking bored, the world\u2019s least likely wallflower. \u201cMadonna crossed the room and sat down next to him,\u201d Jones recalls. \u201cShe started talking and he became quite animated. Then Tony Curtis came along and sat down at the same table on the other side and started monopolising Madonna. Jagger was on his own again and looked miserable.\u201d</p> <a href=\"https://www.theguardian.com/artanddesign/2020/jan/26/the-big-picture-when-madonna-snubbed-mick-jagger-oscars-party\">Continue reading...</a>", "link": "https://www.theguardian.com/artanddesign/2020/jan/26/the-big-picture-when-madonna-snubbed-mick-jagger-oscars-party", "date_published": "2020-01-26 07:00:16+00:00", "persistent": false, "user": null, "language": "en-UK"}, {"source": "https://www.theguardian.com/rss", "title": "Coco Gauff's fairytale run at Australian Open ended by Sofia Kenin", "description": "<ul><li>Sofia Kenin defeated Coco Gauff 6-7 6-3 6-0</li><li>Ons Jabeur defeated Wang Qiang 7-6 6-1</li></ul><p>It\u2019s tough being a young American tennis prodigy \u2013 especially when there is a younger version across the net, so Sofia Kenin\u2019s win over Coco Gauff on Sunday afternoon not only propelled her into the quarter-finals of a slam for the first time but visibly filled her with emotion.</p><p> <span>Related: </span><a href=\"https://www.theguardian.com/sport/2020/jan/25/coco-gauff-australian-open-2020-tennis\">Australian Open gripped by Cocomania as Gauff backs up the hype</a> </p> <a href=\"https://www.theguardian.com/sport/2020/jan/26/coco-gauffs-fairytale-run-ended-by-sofia-kenin\">Continue reading...</a>", "link": "https://www.theguardian.com/sport/2020/jan/26/coco-gauffs-fairytale-run-ended-by-sofia-kenin", "date_published": "2020-01-26 06:36:53+00:00", "persistent": false, "user": null, "language": "en-UK"}, {"source": "https://www.theguardian.com/rss", "title": "Call for new law to protect victims in the justice system", "description": "<p>Crime victims say they feel \u2018let down\u2019 by the courts and police as new data reveals rising numbers are failing to press charges</p><p>Ministers have been urged to introduce a \u201cvictims\u2019 law\u201d to stop people losing faith in the criminal justice system. The move comes after new data revealed that the number of crime victims who decline to press charges has more than doubled in five years.</p><p>Dame Vera Baird QC, the <a href=\"https://victimscommissioner.org.uk/\" title=\"\">Victims\u2019 Commissioner</a>, and <a href=\"https://www.victimsupport.org.uk/\" title=\"\">Victim Support</a>, the independent charity, have both called on the government to make good on a longstanding promise to create a law that gives crime victims enforceable rights about how they are treated by the police and courts.</p> <a href=\"https://www.theguardian.com/uk-news/2020/jan/25/crime-victims-justice-system-courts\">Continue reading...</a>", "link": "https://www.theguardian.com/uk-news/2020/jan/25/crime-victims-justice-system-courts", "date_published": "2020-01-26 06:13:00+00:00", "persistent": false, "user": null, "language": "en-UK"}, {"source": "https://www.theguardian.com/rss", "title": "I\u2019m almost 50 and full of regret it\u2019s too late to have children | Dear Mariella", "description": "<p>It sounds like a midlife crisis so visit your GP and focus on what you\u2019ve achieved \u2013 not what you haven\u2019t, says Mariella Frostrup</p><p><em><strong>The dilemma </strong>I\u2019m a 49-year-old woman. I work hard, own a home and live a fairly good life. My problem is that I can\u2019t help but feel regretful that I never had children. I can\u2019t quite believe this is how my life turned out. When I was younger I ached for my own child.</em></p><p><em>I have a partner currently. We don\u2019t live together, he\u2019s younger than I am and quite possibly the loveliest man I\u2019ve been in a relationship with. It\u2019s too late for me to conceive now and IVF isn\u2019t an option as we don\u2019t have the money. He says he doesn\u2019t care, but he dotes on friend</em><em>s\u2019 children and I fear that when he\u2019s older he\u2019ll feel regretful, too.</em></p> <a href=\"https://www.theguardian.com/lifeandstyle/2020/jan/26/im-almost-50-and-full-of-regret-its-too-late-to-have-children-mariella-frostrup\">Continue reading...</a>", "link": "https://www.theguardian.com/lifeandstyle/2020/jan/26/im-almost-50-and-full-of-regret-its-too-late-to-have-children-mariella-frostrup", "date_published": "2020-01-26 06:00:16+00:00", "persistent": false, "user": null, "language": "en-UK"}, {"source": "https://www.theguardian.com/rss", "title": "Shibden Mill Inn, near Halifax: \u2018Brave enough to be more than just another food pub\u2019 \u2013 restaurant review", "description": "<p>There\u2019s the fierce tang of ambition here, an early contender for snack of the year, and other acts of subversion</p><p><strong>Shibden Mill Inn, Shibden Mill Fold, Halifax (01422 365 840). Nibbles \u00a34\u2013\u00a36; starters \u00a36\u2013\u00a312; mains \u00a314\u2013\u00a323; desserts \u00a37\u2013\u00a39. Wines from \u00a319 a bottle. Extensive gin and whisk</strong><strong>y selection</strong></p><p>There are many kinds of brave. Rescuing families from advancing Australian bush fires is definitely brave, as is calling out predatory men in the movie business for sexual harassment. Me, on a beach, in a tight-fitting pair of Speedos might also be described as brave, though in that instance what the word really means is: \u201cThere are things that once seen, cannot be unseen.\u201d Bravery is about context. The bravery described in a gravy-slicked restaurant column, is unlikely to stand up well against, say, that of a man who decides a narwhal tusk will do as a defensive weapon against a homicidal maniac. But that doesn\u2019t stop it being its own kind of brave.</p> <a href=\"https://www.theguardian.com/food/2020/jan/26/shibden-mill-inn-halifax-more-than-another-food-pub-jay-rayner\">Continue reading...</a>", "link": "https://www.theguardian.com/food/2020/jan/26/shibden-mill-inn-halifax-more-than-another-food-pub-jay-rayner", "date_published": "2020-01-26 06:00:16+00:00", "persistent": false, "user": null, "language": "en-UK"}, {"source": "https://www.theguardian.com/rss", "title": "Coronavirus: Australia considers evacuating citizens caught in China amid lockdown", "description": "<p>Chief medical officer says Australia is \u2018incredibly well prepared to isolate and deal with\u2019 any more cases</p><p>Australia\u2019s chief medical officer has warned there will likely be more cases of the deadly coronavirus confirmed in the country, as the federal government explores plans to evacuate Australian citizens from the pandemic\u2019s epicentre in central China.</p><p>Prof Brendan Murphy, Australia\u2019s chief medical officer, said more cases of 2019-nCoV were likely, following the confirmation of four cases \u2013 three in NSW and one in Victoria. </p> <a href=\"https://www.theguardian.com/australia-news/2020/jan/26/coronavirus-australia-considers-evacuating-citizens-caught-in-china-amid-lockdown\">Continue reading...</a>", "link": "https://www.theguardian.com/australia-news/2020/jan/26/coronavirus-australia-considers-evacuating-citizens-caught-in-china-amid-lockdown", "date_published": "2020-01-26 05:51:36+00:00", "persistent": false, "user": null, "language": "en-UK"}, {"source": "https://www.theguardian.com/rss", "title": "The five: factors that affect early greying", "description": "As researchers confirm that stress can turn you grey, we look at the other scientific factors that could salt-and-pepper your crowning glory<p>This week, scientists from Harvard demonstrated that stress can <a href=\"https://www.theguardian.com/science/2020/jan/22/stress-speeds-up-hair-greying-process-science-confirms\" title=\"\">accelerate the greying</a> of human hair. The researchers found that stress prompts the production of a hormone that affects the melanocyte cells involved in making hair pigments. The scientists hope that this discovery will add to the understanding of how the depletion of stem cells contributes to ageing in general.</p> <a href=\"https://www.theguardian.com/technology/2020/jan/26/the-five-factors-that-affect-early-grey-hair-stress-hormones-genetics-heredity-smoking-cancer-drugs\">Continue reading...</a>", "link": "https://www.theguardian.com/technology/2020/jan/26/the-five-factors-that-affect-early-grey-hair-stress-hormones-genetics-heredity-smoking-cancer-drugs", "date_published": "2020-01-26 05:30:15+00:00", "persistent": false, "user": null, "language": "en-UK"}, {"source": "https://www.theguardian.com/rss", "title": "Coronavirus: from one food market to global panic", "description": "<p>China was praised for its early response to the disease</p><p>In the final days of 2019, Xia Qingqing joined her parents for a late-night dinner just 200 metres away from the now-notorious South China seafood market, in the central Chinese city of Wuhan.</p><p>It has since been identified as the source of the new coronavirus that has infected more than 1,400 people worldwide, killed more than 40 and plunged China into chaos. Just as hundreds of millions of people should be reuniting with their families to celebrate the biggest holiday of the year, the lunar new year, swathes of the country have been put on lockdown and celebrations all but called off.</p> <a href=\"https://www.theguardian.com/science/2020/jan/26/coronavirus-from-food-market-to-global-panic-response-mistakes\">Continue reading...</a>", "link": "https://www.theguardian.com/science/2020/jan/26/coronavirus-from-food-market-to-global-panic-response-mistakes", "date_published": "2020-01-26 04:20:28+00:00", "persistent": false, "user": null, "language": "en-UK"}, {"source": "https://www.theguardian.com/rss", "title": "On the Record: the music industry #MeToo doc that caused Oprah to turn away", "description": "<p>A powerful new film alleging sexual abuse by music mogul Russell Simmons has lost the support of Oprah Winfrey and Apple \u2013 but why?</p><p>At a festival filled with smaller films jostling for attention, and quite often distribution, making headlines two weeks before Sundance has even kicked off is a boost that most film-makers would kill for. But for the directors of the documentary On the Record, gaining worldwide traction wasn\u2019t cause for celebration. It was something close to disaster.</p><p> <span>Related: </span><a href=\"https://www.theguardian.com/tv-and-radio/2020/jan/18/oprah-winfrey-russell-simmons-sexual-abuse-film\">Oprah Winfrey admits Russell Simmons pressured her over sexual abuse film</a> </p> <a href=\"https://www.theguardian.com/film/2020/jan/25/on-the-record-oprah-winfrey-russell-simmons\">Continue reading...</a>", "link": "https://www.theguardian.com/film/2020/jan/25/on-the-record-oprah-winfrey-russell-simmons", "date_published": "2020-01-26 02:07:10+00:00", "persistent": false, "user": null, "language": "en-UK"}, {"source": "https://www.theguardian.com/rss", "title": "War, virus, recession \u2026 nothing can stop the tech giants from growing", "description": "<p>Tesla, recent recruit to the $100bn club, must be hoping it will become as unassailable as the likes of Amazon and Apple</p><p>Even in our age of tech billionaires, Elon Musk\u2019s potential pay packet from Tesla is eyecatching. If the Californian carmaker\u2019s average market value stays above $100bn (\u00a376bn) for six months, he will be eligible for stock options worth $350m. It breached the $100bn barrier last week, so the clock is ticking. If Musk can pump the manufacturer to a $650bn valuation, his <a href=\"https://www.theguardian.com/technology/2020/jan/22/elon-musk-on-road-to-50bn-payout-as-teslas-value-passes-100bn\" title=\"\">reward could reach $50bn</a>. That is not a typo: a five followed by 10 zeros.</p><p>So Musk doesn\u2019t lack for motivation. This week will offer the first test of that new $100bn valuation, when Tesla joins Amazon, Apple, Facebook and Microsoft in a barrage of US tech companies reporting earnings for the last three months of 2019. If Wall Street analysts are to be believed, records will be sent tumbling by the tech giants\u2019 numbers.</p> <a href=\"https://www.theguardian.com/business/2020/jan/26/tech-giants-war-virus-recession-nothing-can-stop-growing\">Continue reading...</a>", "link": "https://www.theguardian.com/business/2020/jan/26/tech-giants-war-virus-recession-nothing-can-stop-growing", "date_published": "2020-01-26 00:05:07+00:00", "persistent": false, "user": null, "language": "en-UK"}]